Name,Main Web Page,Main Image,Second Image,Third Image,Fourth Image,Fifth Image,Sixth Image,Seventh Image,Eighth Image,Ninth Image,Tenth Image,Price,Discounted Price,Sleeve,Collar
پیراهن آستین کوتاه مردانه مدل  | P.BAZ.342 |,https://www.shixon.com/products/p60156412/?sac=59,https://img.shixon.com/products/14000230120701-8dd6c50e-9165-47dd-b7fa-0e0d318e7781.jpg,https://img.shixon.com/products/14000230120701-f95eb547-e43b-4163-a1d6-d496a467980e.jpg,https://img.shixon.com/products/14000230120701-b4bff964-433a-4526-ba24-e7142e01e31d.jpg,[],[],[],[],[],[],[],2500000,990000,کوتاه, برگردان
پیراهن آستین کوتاه مردانه مدل  | P.BAZ.343 |,https://www.shixon.com/products/p60156444/?sac=59,https://img.shixon.com/products/14000230122313-5191d551-d05e-4683-b910-e7b8dae87680.jpg,https://img.shixon.com/products/14000230122313-3763f6b1-2a80-40f8-bd60-541f1c1518de.jpg,https://img.shixon.com/products/14000230122313-2d78e44d-d704-4c74-a72e-b56f99e87dac.jpg,[],[],[],[],[],[],[],2500000,990000,کوتاه, برگردان
پیراهن آستین کوتاه مردانه مدل  | P.BAZ.346 |,https://www.shixon.com/products/p60156445/?sac=59,https://img.shixon.com/products/14000230124834-ff5527b2-107f-4f46-b341-373f54c4974d.jpg,https://img.shixon.com/products/14000230124834-e2d87873-92ab-4333-a1a7-545fba310e10.jpg,https://img.shixon.com/products/14000230124834-36ba0839-377e-4886-942f-3f8e8ecb64df.jpg,[],[],[],[],[],[],[],2500000,990000,کوتاه, برگردان
پیراهن آستین کوتاه مردانه مدل  | P.BAZ.348 |,https://www.shixon.com/products/p60156446/?sac=59,https://img.shixon.com/products/14000230131114-bdf39b9b-639f-493a-8dd3-ce1abe56028b.jpg,https://img.shixon.com/products/14000230131115-11c7f015-e6fc-42ae-90a1-513645cc93c7.jpg,https://img.shixon.com/products/14000230131115-66a91b0b-4a91-4c06-bdeb-29b8567d61e4.jpg,[],[],[],[],[],[],[],2500000,990000,کوتاه, برگردان
پیراهن آستین بلند مردانه مدل  | P.BAZ.341 |,https://www.shixon.com/products/p60156447/?sac=59,https://img.shixon.com/products/14000230132327-d78918d7-564e-4415-8cee-5183bb26f517.jpg,https://img.shixon.com/products/14000230132327-778361f4-edaa-4d73-b5f7-4c1230fdd7f9.jpg,https://img.shixon.com/products/14000230132327-e0e6bf37-0cc6-4ef7-bc8e-59a955375b16.jpg,[],[],[],[],[],[],[],2500000,990000,بلند,برگردان
پیراهن آستین کوتاه مردانه مدل  | P.BAZ.345 |,https://www.shixon.com/products/p60156448/?sac=59,https://img.shixon.com/products/14000230133554-fc8adc6c-d3b5-453b-a123-f01dbeed01d3.jpg,https://img.shixon.com/products/14000230133554-8020e8bf-659e-41da-b18e-ce911ff6cfd5.jpg,https://img.shixon.com/products/14000230133554-4d944735-0e9c-4daa-a017-82e27a953682.jpg,[],[],[],[],[],[],[],2500000,990000,کوتاه,برگردان
پیراهن آستین بلند مردانه مدل  | P.BAZ.338 |,https://www.shixon.com/products/p60156449/?sac=59,https://img.shixon.com/products/14000230134411-50545ca5-214d-4b73-8e64-eab69a7ff1e2.jpg,https://img.shixon.com/products/14000230134411-9890a22a-c0ec-4e0d-acb0-6cca4735b5ab.jpg,https://img.shixon.com/products/14000230134411-b702ea2b-6e4f-4eae-8ae5-3891880dc4d3.jpg,[],[],[],[],[],[],[],2500000,990000,بلند,برگردان
پیراهن آستین بلند مردانه مدل  | P.BAZ.350 |,https://www.shixon.com/products/p60156451/?sac=59,https://img.shixon.com/products/14000230151556-8a36f1be-e778-41d8-800a-d64c79f4740d.jpg,https://img.shixon.com/products/14000230151556-922918bb-96f9-4e71-ba46-4e9af3110586.jpg,https://img.shixon.com/products/14000230151556-7011805f-9d4a-4911-b1b2-94ad747334f0.jpg,[],[],[],[],[],[],[],2500000,990000,بلند,برگردان
پیراهن آستین بلند مردانه مدل  | P.BAZ.340 |,https://www.shixon.com/products/p60156452/?sac=59,https://img.shixon.com/products/14000230152835-55528070-842a-40c3-9fbf-dd0bae32272a.jpg,https://img.shixon.com/products/14000230152835-2357d12b-7e53-49f9-a9c3-1d6ecc6928d9.jpg,https://img.shixon.com/products/14000230152835-edad2660-4aa4-4723-ae17-921d9d8ac81c.jpg,[],[],[],[],[],[],[],2500000,990000,بلند,برگردان
پیراهن آستین بلند مردانه مدل  | P.BAZ.349 |,https://www.shixon.com/products/p60156453/?sac=59,https://img.shixon.com/products/14000230154210-63a7921d-0e93-4fe5-8c7e-be0e6a168a52.jpg,https://img.shixon.com/products/14000230154210-fb80ac79-5d2f-43e3-ab6e-11d023645608.jpg,https://img.shixon.com/products/14000230154210-b082e2d5-3ad3-4bf2-b76b-a5f800d6b2d9.jpg,[],[],[],[],[],[],[],2500000,990000,بلند,برگردان
پیراهن آستین بلند مردانه مدل  | P.BAZ.354 |,https://www.shixon.com/products/p60156454/?sac=59,https://img.shixon.com/products/14000230155721-d3aa24e2-33b9-4687-bf80-023faad43b77.jpg,https://img.shixon.com/products/14000230155721-4346f3bb-73ea-4d96-8980-1f2f0fb8ddc8.jpg,https://img.shixon.com/products/14000230155721-04b1cf88-7bf3-4fde-b0ad-ffaec44a6dcd.jpg,[],[],[],[],[],[],[],2500000,990000,بلند,برگردان
پیراهن آستین بلند مردانه مدل  | P.BAZ.344 |,https://www.shixon.com/products/p60156455/?sac=59,https://img.shixon.com/products/14000230161448-089d89d0-cef6-4d9d-ab3f-00dbc0ebc16c.jpg,https://img.shixon.com/products/14000230161448-782349c6-d3f3-430f-8138-1fc141a76412.jpg,https://img.shixon.com/products/14000230161448-bdc5d095-55f6-4010-8474-7d3d0935110a.jpg,[],[],[],[],[],[],[],2500000,990000,بلند,برگردان
پیراهن آستین بلند مردانه مدل  | P.BAZ.352 |,https://www.shixon.com/products/p60156457/?sac=59,https://img.shixon.com/products/14000230163021-c84a5a0c-c4df-4b9c-afdf-b718da93de43.jpg,https://img.shixon.com/products/14000230163021-16492843-1a6b-472a-8f50-eec7b6eefa54.jpg,https://img.shixon.com/products/14000230163021-78faee69-2df9-4c80-bf34-5f9903f7b1a0.jpg,[],[],[],[],[],[],[],2500000,990000,بلند,برگردان
پیراهن آستین بلند مردانه مدل  | P.BAZ.347 |,https://www.shixon.com/products/p60156458/?sac=59,https://img.shixon.com/products/14000230163847-c06824db-1194-490f-bea9-e4dbd5a6e8c7.jpg,https://img.shixon.com/products/14000302155618-bd948428-7bef-4ba2-9e49-d8292d20990d.jpg,https://img.shixon.com/products/14000230163847-02f794f7-352b-4aa6-bd2b-7e3a1bc3b234.jpg,https://img.shixon.com/products/14000230163847-61aa4cf3-62e3-44d0-ad67-317828a1a170.jpg,[],[],[],[],[],[],2500000,990000,بلند,برگردان
پیراهن آستین بلند مردانه مدل  | P.BAZ.353 |,https://www.shixon.com/products/p60156459/?sac=59,https://img.shixon.com/products/14000230164749-c6dfc681-e7ac-4fbb-b664-4f34e1e5a64b.jpg,https://img.shixon.com/products/14000230164749-4e0ae463-b201-4043-b003-50c0ce6df787.jpg,https://img.shixon.com/products/14000230164749-e9082a7f-e880-49ea-9f74-a7e556bcf938.jpg,[],[],[],[],[],[],[],2500000,990000,بلند,برگردان
پیراهن آستین بلند مردانه مدل  | P.BAZ.339 |,https://www.shixon.com/products/p60156460/?sac=59,https://img.shixon.com/products/14000230165927-df990f12-35f8-4a3f-b15d-1d1e9ed58bf4.jpg,https://img.shixon.com/products/14000230165928-d45198ff-1d81-4d41-a69e-bc7d01c9bf5e.jpg,https://img.shixon.com/products/14000230165928-d931cff9-e2d7-4510-8828-7c0412d25df1.jpg,[],[],[],[],[],[],[],2500000,990000,بلند,برگردان
پیراهن آستین بلند مردانه مدل  | P.BAZ.351 |,https://www.shixon.com/products/p60156450/?sac=59,https://img.shixon.com/products/14000230135721-b1c4ec93-4b20-44b8-9fd8-21ee065c2817.jpg,https://img.shixon.com/products/14000230135721-2ed2d4c4-c70e-4e03-a293-0a129d258fd1.jpg,https://img.shixon.com/products/14000230135721-2cbf5e70-50a0-4bc7-836e-0ae5ffbf4d4b.jpg,[],[],[],[],[],[],[],2500000,990000,بلند,برگردان
پیراهن آستین بلند مردانه گوچی,https://www.shixon.com/products/p60156223/?sac=59,https://img.shixon.com/products/14000218125005-3696e166-0f88-4825-8385-f7ea69afab2a.jpg,https://img.shixon.com/products/14000218125005-eafe844a-25cc-402d-809d-c5869b0b7d26.jpg,[],[],[],[],[],[],[],[],790000,1190000,بلند,[]
پیراهن مردانه qp آستین بلند مشکی,https://www.shixon.com/products/p60156227/?sac=59,https://img.shixon.com/products/14000218125005-fcb48e84-b217-4035-ac66-e00b7d7b1776.jpg,https://img.shixon.com/products/14000218125005-b323d364-39b8-4ad2-b44e-26bec46f1f0a.jpg,[],[],[],[],[],[],[],[],1190000,790000,بلند,[]
پیراهن آستین بلند 4خونه rf,https://www.shixon.com/products/p60156232/?sac=59,https://img.shixon.com/products/14000218125005-db609460-416b-4c8a-a849-a3dabfec1d47.jpg,https://img.shixon.com/products/14000218125005-10d2f4dc-eb5e-4c09-b366-3ff634c61201.jpg,[],[],[],[],[],[],[],[],1190000,790000,بلند,[]
شلوار مردانه مدل جین سرمه ای کش,https://www.shixon.com/products/p60156233/?sac=59,https://img.shixon.com/products/14000218125005-b0d350a1-c5b3-4c3e-837f-11368de0d9fa.jpg,https://img.shixon.com/products/14000218125005-b02e29d3-3668-4148-9ecf-5e8c2da35a47.jpg,[],[],[],[],[],[],[],[],1590000,1590000,[],[]
شلوار جین مشکی دیزل,https://www.shixon.com/products/p60156234/?sac=59,https://img.shixon.com/products/14000218125005-37b981c7-b32b-4d50-ba61-d59bee0ea752.jpg,https://img.shixon.com/products/14000218125005-1adb7124-5b27-4afe-bb19-d5ac10c45c99.jpg,[],[],[],[],[],[],[],[],1590000,2190000,[],[]
پیراهن مردانه آستین کوتاه,https://www.shixon.com/products/p60151653/?sac=59,https://img.shixon.com/products/13991213110357-acf89836-31fa-47f5-8835-8aa87fc44522.jpg,https://img.shixon.com/products/13991213110358-b508e38e-31ae-4738-88a1-dfeb966852ed.jpg,https://img.shixon.com/products/13991213110358-746a925b-3778-41e5-937f-89282fea9b63.jpg,[],[],[],[],[],[],[],2900000,2900000,کوتاه,[]
پیراهن مردانه آستین کوتاه,https://www.shixon.com/products/p60151654/?sac=59,https://img.shixon.com/products/13991213110316-82eafcd8-ed90-4582-8b31-5eca52fffab2.jpg,https://img.shixon.com/products/13991213110316-36ef7baa-67ee-43f2-8aaf-7c0fa741d755.jpg,https://img.shixon.com/products/13991213110316-6d7a0ee3-7983-4802-8c2f-765809b62c03.jpg,https://img.shixon.com/products/13991213110357-60f616d7-00b7-4450-bb97-6e4e21dd8db1.jpg,[],[],[],[],[],[],2900000,1650000,کوتاه,[]
پیراهن مردانه آستین کوتاه,https://www.shixon.com/products/p60151655/?sac=59,https://img.shixon.com/products/13991213110357-806d4152-dcc2-4a61-8f0e-99a1da94ce2b.jpg,https://img.shixon.com/products/13991213110357-98800e05-d71c-4a55-adb6-3ce1adb6813c.jpg,https://img.shixon.com/products/13991213110357-54a0a13c-56ce-430e-be29-6a848677f9bb.jpg,[],[],[],[],[],[],[],2900000,1650000,کوتاه,[]
پیراهن مردانه آستین کوتاه,https://www.shixon.com/products/p60151657/?sac=59,https://img.shixon.com/products/13991213110355-b7d8b7e9-bbf0-4bd4-9f37-eae9beec68d2.jpg,https://img.shixon.com/products/13991213110355-115b554d-b1d1-42ac-a9a4-43a7d50300bd.jpg,https://img.shixon.com/products/13991213110355-2ecacaea-a977-49ed-ada6-4e868650ef2e.jpg,[],[],[],[],[],[],[],2900000,1650000,کوتاه,[]
پیراهن مردانه آستین کوتاه یقه دیپلمات,https://www.shixon.com/products/p60151658/?sac=59,https://img.shixon.com/products/13991213110356-8d7a4532-fbf3-468c-a973-adabf15da80b.jpg,https://img.shixon.com/products/13991213110356-da7fe728-a39c-4d72-b685-2c5ece305824.jpg,https://img.shixon.com/products/13991213110357-79244d6d-dc90-4c0a-bb7d-fa4737070faa.jpg,[],[],[],[],[],[],[],2900000,1600000,کوتاه,[]
پیراهن  مردانه مدل چهارخانه متوسط,https://www.shixon.com/products/p60156105/?sac=59,https://img.shixon.com/products/14000218103609-a1ef3752-9696-4d89-b630-77ca2f08078e.jpg,https://img.shixon.com/products/14000218103609-741506f7-b355-4ef3-8b90-039e766f75d3.jpg,[],[],[],[],[],[],[],[],2170000,1590000,[],[]
پیراهن  مردانه مدل چهارخانه متوسط,https://www.shixon.com/products/p60156106/?sac=59,https://img.shixon.com/products/14000218103609-a05eadba-b591-4fa5-985c-494ba2e4d5cb.jpg,https://img.shixon.com/products/14000218103609-d2240dca-43ae-48f9-bc26-b8e4e4c0f1da.jpg,[],[],[],[],[],[],[],[],2170000,1590000,[],[]
پیراهن  مردانه مدل چهارخانه متوسط,https://www.shixon.com/products/p60156107/?sac=59,https://img.shixon.com/products/14000218103609-f3272a90-044b-4186-8c7f-a179c555b51a.jpg,https://img.shixon.com/products/14000218103609-016b02d7-8e64-42dd-b5ab-dc09e70a47f8.jpg,[],[],[],[],[],[],[],[],2170000,1590000,[],[]
پیراهن  مردانه مدل چهارخانه متوسط,https://www.shixon.com/products/p60156108/?sac=59,https://img.shixon.com/products/14000218103609-c331dc85-501d-4c30-9b38-da23382331da.jpg,https://img.shixon.com/products/14000218103609-ff10d092-c757-44a5-9dfe-9bcf8cffbc69.jpg,[],[],[],[],[],[],[],[],2170000,1590000,[],[]
پیراهن مردانه مدل چریکی,https://www.shixon.com/products/p60156054/?sac=59,https://img.shixon.com/products/14000218103609-8553dcf9-2842-4449-a972-c379bc0d41ef.jpg,https://img.shixon.com/products/14000218103609-8c8fad37-4ee7-4d70-9504-1a18fbc7ccab.jpg,[],[],[],[],[],[],[],[],2170000,1620000,[],[]
پیراهن مردانه مدل چریکی,https://www.shixon.com/products/p60156055/?sac=59,https://img.shixon.com/products/14000218103609-e615781b-b69a-4d1c-a964-d6491ff6774d.jpg,https://img.shixon.com/products/14000218103609-ed86b424-ba1e-4e69-bed0-25e573a2221a.jpg,[],[],[],[],[],[],[],[],2170000,1620000,[],[]
پیراهن مردانه مدل چهار خانه بزرگ,https://www.shixon.com/products/p60156056/?sac=59,https://img.shixon.com/products/14000218103609-566d2548-1c5b-454d-a5df-acccc38f0403.jpg,https://img.shixon.com/products/14000218103609-98ba8973-4641-48e5-a4be-408676146078.jpg,[],[],[],[],[],[],[],[],2170000,1590000,[],[]
پیراهن مردانه مدل چهار خانه بزرگ,https://www.shixon.com/products/p60156057/?sac=59,https://img.shixon.com/products/14000218103609-2b497c53-7253-4013-820f-9e3bf2ad6402.jpg,https://img.shixon.com/products/14000218103609-4f4e1844-9e18-475e-97c7-cf2b0f6f1a0a.jpg,[],[],[],[],[],[],[],[],2170000,1590000,[],[]
پیراهن مردانه مدل چهار خانه بزرگ,https://www.shixon.com/products/p60156058/?sac=59,https://img.shixon.com/products/14000218103609-3db2fc32-d09a-4567-b374-eb8810c6ee50.jpg,https://img.shixon.com/products/14000218103609-cc3f1c0e-a9b6-4c60-8dea-23030eecc487.jpg,[],[],[],[],[],[],[],[],2170000,1590000,[],[]
پیراهن مردانه مدل چهار خانه بزرگ,https://www.shixon.com/products/p60156059/?sac=59,https://img.shixon.com/products/14000218103609-ba0c53c8-45e3-4f67-94ad-9446e55a2531.jpg,https://img.shixon.com/products/14000218103609-e92e6242-ab1c-4e97-932c-03a2e99a433f.jpg,[],[],[],[],[],[],[],[],2170000,1590000,[],[]
پیراهن مردانه مدل چهار خانه بزرگ,https://www.shixon.com/products/p60156060/?sac=59,https://img.shixon.com/products/14000218103609-96814942-c655-4db2-aadf-079ca5655702.jpg,https://img.shixon.com/products/14000218103609-2acb92de-8d76-43cf-96ca-18989f22c0f7.jpg,[],[],[],[],[],[],[],[],2170000,1590000,[],[]
پیراهن آستین بلند مردانه مدل MASSIMO,https://www.shixon.com/products/p60156061/?sac=59,https://img.shixon.com/products/14000218103609-ee4a01dc-29b5-46c0-8714-d01e04465e3e.jpg,https://img.shixon.com/products/14000218103609-bea0ab72-f5dc-42bc-b86c-e1adab9fd1be.jpg,[],[],[],[],[],[],[],[],2170000,1590000,بلند,[]
پیراهن آستین بلند مردانه مدل MASSIMO,https://www.shixon.com/products/p60156062/?sac=59,https://img.shixon.com/products/14000218103609-70a45076-8761-4be2-976f-e514696cb0c6.jpg,https://img.shixon.com/products/14000218103609-e7533887-f939-4d81-b3f4-99722f2dd546.jpg,[],[],[],[],[],[],[],[],2170000,1590000,بلند,[]
پیراهن مردانه مدل چهار خانه ریز,https://www.shixon.com/products/p60156015/?sac=59,https://img.shixon.com/products/14000218103609-28a2edf5-3417-4500-b442-e100cfda9922.jpg,https://img.shixon.com/products/14000218103609-b66a72e2-b219-4c4c-ac63-292db1731585.jpg,[],[],[],[],[],[],[],[],2170000,1600000,[],[]
پیراهن مردانه مدل چهار خانه ریز,https://www.shixon.com/products/p60156016/?sac=59,https://img.shixon.com/products/14000218103609-2d8b556f-f09f-4774-9c42-a11901aebba4.jpg,https://img.shixon.com/products/14000218103609-f8249517-3b33-485e-a868-48ba05b73c06.jpg,[],[],[],[],[],[],[],[],2170000,1600000,[],[]
پیراهن مردانه مدل چهار خانه ریز,https://www.shixon.com/products/p60156017/?sac=59,https://img.shixon.com/products/14000218103609-0a34daa3-e07b-48aa-bd3d-cdbb20b5aded.jpg,https://img.shixon.com/products/14000218103609-a8c0b11c-10ab-4684-b9df-6ede28971f90.jpg,[],[],[],[],[],[],[],[],2170000,1600000,[],[]
پیراهن مردانه مدل چهار خانه ریز,https://www.shixon.com/products/p60156018/?sac=59,https://img.shixon.com/products/14000218103609-75ac827c-f659-4cdd-b78e-949b195aee53.jpg,https://img.shixon.com/products/14000218103609-c5e7f056-54de-47b6-ab1a-6f08de9b1593.jpg,[],[],[],[],[],[],[],[],2170000,1600000,[],[]
پیراهن مردانه مدل چریکی,https://www.shixon.com/products/p60156019/?sac=59,https://img.shixon.com/products/14000218103609-c471177d-33b7-4033-8183-405e5a626452.jpg,https://img.shixon.com/products/14000218103609-d06af44d-29d4-48f0-aa94-b2ff5ee6600f.jpg,[],[],[],[],[],[],[],[],2170000,1620000,[],[]
پیراهن راه راه یشمی مدل گوچی,https://www.shixon.com/products/p60154584/?sac=59,https://img.shixon.com/products/13990613121758-d7312473-0e77-41f0-9c33-0ca368dbe094.jpg,https://img.shixon.com/products/13990613121758-5406bbd6-bf29-4f4e-ab3d-e8ae7e2db9c5.jpg,[],[],[],[],[],[],[],[],1290000,690000,[],[]
پیراهن مردانه چهار خانه تک جیب مدل 6570,https://www.shixon.com/products/sh60155539/?sac=59,https://img.shixon.com/zoom/sh60155539_0836180179.jpg,https://img.shixon.com/zoom/sh60155539_0836334358.jpg,[],[],[],[],[],[],[],[],1360000,550000,[],[]
پیراهن مردانه چهار خانه درشت مدل 6571,https://www.shixon.com/products/sh60155540/?sac=59,https://img.shixon.com/zoom/sh60155540_0837313561.jpg,https://img.shixon.com/zoom/sh60155540_0837422187.jpg,[],[],[],[],[],[],[],[],1360000,550000,[],[]
پیراهن مردانه چهار خانه درشت مدل 6571,https://www.shixon.com/products/sh60155541/?sac=59,https://img.shixon.com/zoom/sh60155541_0840248080.jpg,https://img.shixon.com/zoom/sh60155541_0841592584.jpg,[],[],[],[],[],[],[],[],1360000,550000,[],[]
پیراهن شطرنجی دورنگ مدل 6573,https://www.shixon.com/products/sh60155543/?sac=59,https://img.shixon.com/zoom/sh60155543_0843298436.jpg,https://img.shixon.com/zoom/sh60155543_0843081694.jpg,[],[],[],[],[],[],[],[],1360000,550000,[],[]
پیراهن راه راه خطی تک جیب مدل 6577,https://www.shixon.com/products/sh60155547/?sac=59,https://img.shixon.com/zoom/sh60155547_0858236768.jpg,https://img.shixon.com/zoom/sh60155547_0859005699.jpg,[],[],[],[],[],[],[],[],1360000,550000,[],[]
پیراهن راه راه خطی تک جیب مدل 6577,https://www.shixon.com/products/sh60155549/?sac=59,https://img.shixon.com/zoom/sh60155549_0902048965.jpg,https://img.shixon.com/zoom/sh60155549_0902156031.jpg,[],[],[],[],[],[],[],[],1360000,550000,[],[]
پیراهن راه راه خطی تک جیب مدل 6577,https://www.shixon.com/products/sh60155550/?sac=59,https://img.shixon.com/zoom/sh60155550_0856219699.jpg,https://img.shixon.com/zoom/sh60155550_0856326495.jpg,https://img.shixon.com/zoom/sh60155550_0856433961.jpg,[],[],[],[],[],[],[],1360000,550000,[],[]
پیراهن راه راه خطی تک جیب مدل 6577,https://www.shixon.com/products/sh60155551/?sac=59,https://img.shixon.com/zoom/sh60155551_0900578366.jpg,https://img.shixon.com/zoom/sh60155551_0901078512.jpg,https://img.shixon.com/zoom/sh60155551_0901271143.jpg,[],[],[],[],[],[],[],1360000,550000,[],[]
پیراهن راه راه پر خطی تک جیب 6578,https://www.shixon.com/products/sh60155552/?sac=59,https://img.shixon.com/zoom/sh60155552_0908477916.jpg,https://img.shixon.com/zoom/sh60155552_0908318867.jpg,[],[],[],[],[],[],[],[],1360000,550000,[],[]
پیراهن راه راه پر خطی تک جیب 6578,https://www.shixon.com/products/sh60155553/?sac=59,https://img.shixon.com/zoom/sh60155553_0909246087.jpg,[],[],[],[],[],[],[],[],[],1360000,550000,[],[]
پیراهن راه راه پر خطی تک جیب 6578,https://www.shixon.com/products/sh60155554/?sac=59,https://img.shixon.com/zoom/sh60155554_0906282356.jpg,[],[],[],[],[],[],[],[],[],1360000,550000,[],[]
پیراهن مردانه راه راه مدل  7548,https://www.shixon.com/products/sh60155583/?sac=59,https://img.shixon.com/zoom/sh60155583_0910321015.jpg,https://img.shixon.com/zoom/sh60155583_0911063165.jpg,https://img.shixon.com/zoom/sh60155583_0911217564.jpg,[],[],[],[],[],[],[],1360000,550000,[],[]
پیراهن مردانه راه راه مدل  7548,https://www.shixon.com/products/sh60155585/?sac=59,https://img.shixon.com/zoom/sh60155585_0913317518.jpg,https://img.shixon.com/zoom/sh60155585_0913218953.jpg,[],[],[],[],[],[],[],[],1360000,550000,[],[]
پیراهن مردانه راه راه مدل  7548,https://www.shixon.com/products/sh60155586/?sac=59,https://img.shixon.com/zoom/sh60155586_0914072459.jpg,https://img.shixon.com/zoom/sh60155586_0914167214.jpg,[],[],[],[],[],[],[],[],1360000,550000,[],[]
پیراهن مردانه راه راه مدل  7548,https://www.shixon.com/products/sh60155587/?sac=59,https://img.shixon.com/zoom/sh60155587_0946222727.jpg,https://img.shixon.com/zoom/sh60155587_0946342684.jpg,[],[],[],[],[],[],[],[],1360000,550000,[],[]
پیراهن مردانه ریبوک طرح دار مدل 5056,https://www.shixon.com/products/sh60155599/?sac=59,https://img.shixon.com/zoom/sh60155599_0925125850.jpg,https://img.shixon.com/zoom/sh60155599_0925035684.jpg,[],[],[],[],[],[],[],[],1360000,550000,[],[]
پیراهن مردانه چهارخانه کامپیوتری پولو مدل 505,https://www.shixon.com/products/sh60155602/?sac=59,https://img.shixon.com/zoom/sh60155602_0929290516.jpg,https://img.shixon.com/zoom/sh60155602_0929465726.jpg,[],[],[],[],[],[],[],[],1360000,550000,[],[]
پیراهن مردانه چهارخانه مدل 5665,https://www.shixon.com/products/sh60155619/?sac=59,https://img.shixon.com/zoom/sh60155619_0931584402.jpg,https://img.shixon.com/zoom/sh60155619_0932145321.jpg,[],[],[],[],[],[],[],[],1360000,550000,[],[]
پیراهن راه راه پر خطی تک جیب 6578,https://www.shixon.com/products/sh60155628/?sac=59,https://img.shixon.com/zoom/sh60155628_0904228884.jpg,https://img.shixon.com/zoom/sh60155628_0904060844.jpg,[],[],[],[],[],[],[],[],1360000,550000,[],[]
پیراهن مردانه استین بلند پولو,https://www.shixon.com/products/p60155633/?sac=59,https://img.shixon.com/products/14000218125005-a90c39d4-82ea-4ea3-ad6a-067371276e40.jpg,https://img.shixon.com/products/14000218125005-a0e71b40-6cec-4a71-9f95-ca966b1e4388.jpg,[],[],[],[],[],[],[],[],1190000,790000,[],[]
پیراهن مردانه چهارخانه مدل 5059,https://www.shixon.com/products/sh60155667/?sac=59,https://img.shixon.com/zoom/sh60155667_1002091659.jpg,https://img.shixon.com/zoom/sh60155667_1001521429.jpg,[],[],[],[],[],[],[],[],1360000,550000,[],[]
پیراهن مردانه مدل چهارخانه 2023,https://www.shixon.com/products/sh60155668/?sac=59,https://img.shixon.com/zoom/sh60155668_0957314300.jpg,https://img.shixon.com/zoom/sh60155668_0957203684.jpg,[],[],[],[],[],[],[],[],1360000,550000,[],[]
پیراهن مردانه مدل چهارخانه 2023,https://www.shixon.com/products/sh60155669/?sac=59,https://img.shixon.com/zoom/sh60155669_0958189097.jpg,https://img.shixon.com/zoom/sh60155669_0958406209.jpg,[],[],[],[],[],[],[],[],1360000,550000,[],[]
پیراهن مردانه مدل چهارخانه 2023,https://www.shixon.com/products/sh60155670/?sac=59,https://img.shixon.com/zoom/sh60155670_1000184155.jpg,https://img.shixon.com/zoom/sh60155670_1000460531.jpg,[],[],[],[],[],[],[],[],1360000,550000,[],[]
پیراهن مردانه آستین کوتاه,https://www.shixon.com/products/p60155483/?sac=59,https://img.shixon.com/products/14000213154558-c18d0fcd-af02-41f8-8580-2ac12bcd41f8.jpg,https://img.shixon.com/products/14000213154558-e2366085-932a-44dc-af31-5f452efd1aed.jpg,https://img.shixon.com/products/14000213154558-33b97a30-99f1-48c3-acd0-4de5f60945fa.jpg,https://img.shixon.com/products/14000213154558-e5d23d2e-788f-4b11-a09d-39864a3596aa.jpg,[],[],[],[],[],[],3900000,2700000,کوتاه,[]
پیراهن مردانه آستین کوتاه,https://www.shixon.com/products/p60155484/?sac=59,https://img.shixon.com/products/14000213154557-dcffaeea-374a-4598-ae0b-e1bb3849170a.jpg,https://img.shixon.com/products/14000213154558-392f6856-2e3d-4c32-84c6-1aa00ca85eb5.jpg,https://img.shixon.com/products/14000213154558-69835073-bcc0-45cc-8144-6dba19e95417.jpg,https://img.shixon.com/products/14000213154558-9358f2a9-ca30-46c4-b390-9a037a00d9ca.jpg,[],[],[],[],[],[],3900000,2700000,کوتاه,[]
پیراهن مردانه آستین کوتاه,https://www.shixon.com/products/p60155485/?sac=59,https://img.shixon.com/products/14000213154558-6d32a6e6-7d5f-4ca2-a3b7-84308d09e754.jpg,https://img.shixon.com/products/14000213154558-ea5b0b2b-03f3-40bc-b9c1-ea79c5308ec3.jpg,https://img.shixon.com/products/14000213154558-495068df-155c-4620-8a29-793a5ec4e941.jpg,https://img.shixon.com/products/14000213154558-9a819f02-3505-45ab-9aee-cfe3f218c46e.jpg,https://img.shixon.com/products/14000213154558-ce12ad54-5cc1-48da-bc94-4d3f730c8fb5.jpg,[],[],[],[],[],3900000,2600000,کوتاه,[]
پیراهن مردانه آستین کوتاه,https://www.shixon.com/products/p60155486/?sac=59,https://img.shixon.com/products/14000213154558-b1bfebfc-67ef-4034-ba3b-52a180a5cc32.jpg,https://img.shixon.com/products/14000213154558-c64bd846-031f-418b-b1bc-2f827d5d614f.jpg,https://img.shixon.com/products/14000213154558-f7703c78-afe4-4cb8-9ab2-1c36c4fa1866.jpg,https://img.shixon.com/products/14000213154558-b885d156-1e77-4495-8f33-a1a1ed8ecd6f.jpg,[],[],[],[],[],[],3900000,2600000,کوتاه,[]
پیراهن مردانه آستین کوتاه,https://www.shixon.com/products/p60155487/?sac=59,https://img.shixon.com/products/14000213154558-e38c34ca-471a-45d6-b703-42a3212b4a94.jpg,https://img.shixon.com/products/14000213154558-13c2d2dd-d1c6-40da-bd17-578bc0c2d74e.jpg,https://img.shixon.com/products/14000213154558-a5e93874-331b-4daf-a57f-3f36dc47cbaa.jpg,[],[],[],[],[],[],[],3900000,2600000,کوتاه,[]
پیراهن مردانه آستین کوتاه,https://www.shixon.com/products/p60155488/?sac=59,https://img.shixon.com/products/14000213154558-73284949-baa8-458d-af7c-4be3bc7ce0bd.jpg,https://img.shixon.com/products/14000213154558-10592686-e6c8-420c-aeb4-f3a2457516b2.jpg,https://img.shixon.com/products/14000213154558-75e482c7-ef20-44b4-ac2e-0367e8cb6c44.jpg,[],[],[],[],[],[],[],3900000,2600000,کوتاه,[]
پک شلوار اسلش و پیراهن مردانه,https://www.shixon.com/products/p60155103/?sac=59,https://img.shixon.com/products/14000211104338-45f9ebe4-25c7-4e0f-930e-5b0b4147229a.jpg,[],[],[],[],[],[],[],[],[],1450000,1310000,[],[]
پیراهن آستین بلند مردانه گوچی مدل 5016,https://www.shixon.com/products/p60154585/?sac=59,https://img.shixon.com/products/13990613121749-887e6f13-b93a-4ccb-b546-7b6934db7d85.jpg,https://img.shixon.com/products/13990613121749-3d2de353-b063-4bf9-8bd3-8845c6f3ebb0.jpg,[],[],[],[],[],[],[],[],1290000,590000,بلند,[]
پیراهن مردانه طوسی مدلTB,https://www.shixon.com/products/p60154606/?sac=59,https://img.shixon.com/products/13990613121824-792d85b1-c01a-4ef3-96ad-3b353d15a271.jpg,https://img.shixon.com/products/13990613121824-3ff48c70-bbe5-4914-907f-782aac0c8377.jpg,[],[],[],[],[],[],[],[],1290000,790000,[],[]
پیراهن مردانه آستین کوتاه ROYAL,https://www.shixon.com/products/p60154621/?sac=59,https://img.shixon.com/products/13990613121758-00e2ada7-507e-44c2-bf8d-992c773992e4.jpg,https://img.shixon.com/products/13990613121758-eab98f61-b5f8-457a-9197-008fd3bc1705.jpg,[],[],[],[],[],[],[],[],1290000,550000,کوتاه,[]
پیراهن مردانه آستین بلند کارتیه,https://www.shixon.com/products/p60154622/?sac=59,https://img.shixon.com/products/13990613121730-050123fb-af15-4623-8b76-33546d34227e.jpg,https://img.shixon.com/products/13990613121730-d29b9c93-1d46-48a0-8fdc-cc28a7fdf43e.jpg,[],[],[],[],[],[],[],[],1290000,690000,بلند,[]
پیراهن راه راه سرمه ای مدل گوچی,https://www.shixon.com/products/p60154623/?sac=59,https://img.shixon.com/products/13990613121740-1d57f619-075d-41be-9070-8cdb1b924984.jpg,https://img.shixon.com/products/13990613121740-854f4b7e-f58e-427e-8914-e8f13539722b.jpg,[],[],[],[],[],[],[],[],1290000,790000,[],[]
پیراهن آستین بلند مردانه کرمELWOOD,https://www.shixon.com/products/p60154624/?sac=59,https://img.shixon.com/products/13990613121730-fd446130-736d-44b2-b87a-417e212866e5.jpg,https://img.shixon.com/products/13990613121730-48477525-bc71-4f2e-b4ab-3d53d9159bb9.jpg,[],[],[],[],[],[],[],[],1290000,590000,بلند,[]
پیراهن آستین بلند رویال,https://www.shixon.com/products/p60154625/?sac=59,https://img.shixon.com/products/13990613121811-fa587d9c-c748-49a0-bc80-516e7bb3717b.jpg,https://img.shixon.com/products/13990613121811-828ab260-8c49-4b32-99c4-1caf0c67c6e1.jpg,[],[],[],[],[],[],[],[],1290000,500000,بلند,[]
پیراهن مردانه دورنگ مدلGUCCI,https://www.shixon.com/products/p60154626/?sac=59,https://img.shixon.com/products/13990613121749-373994ee-4d84-4517-81ae-4e832b219bbc.jpg,https://img.shixon.com/products/13990613121749-8b81e2e1-c9d8-417b-b5a2-a55d6e209302.jpg,[],[],[],[],[],[],[],[],1290000,790000,[],[]
پیراهن مردانه آستین بلند DIOR,https://www.shixon.com/products/p60154627/?sac=59,https://img.shixon.com/products/13990613121824-ccf1959e-ce15-4bbd-ba7a-afcc2cf13e9c.jpg,https://img.shixon.com/products/13990613121824-fb22fadb-6d25-459b-a456-dbae5d88bffe.jpg,[],[],[],[],[],[],[],[],1290000,590000,بلند,[]
پیراهن مردانه دو رنگ سفید-آبی مدل5029گوچی,https://www.shixon.com/products/p60154588/?sac=59,https://img.shixon.com/products/13990613121836-726aaf29-7934-431b-abfd-2d49efb805f7.jpg,https://img.shixon.com/products/13990613121836-b8228e15-3561-4b6f-b1e5-eab1df0ff4e4.jpg,[],[],[],[],[],[],[],[],1290000,790000,[],[]
پیراهن مردانه دو رنگ طوسی  مدل5029گوچی,https://www.shixon.com/products/p60154589/?sac=59,https://img.shixon.com/products/13990613121836-e7b3034a-be9c-43d2-a7e8-13270dbc4136.jpg,https://img.shixon.com/products/13990613121836-8a4a06d5-033e-4ef7-a08b-cb9de6588254.jpg,[],[],[],[],[],[],[],[],1290000,790000,[],[]
پیراهن گوچی مدل,https://www.shixon.com/products/p60152971/?sac=59,https://img.shixon.com/products/14000128125254-cdc27161-66d8-4301-b417-22d1ecb41e10.jpg,https://img.shixon.com/products/14000128125254-cfa2e2b7-8541-4ec5-8faf-4611a203ce42.jpg,https://img.shixon.com/products/14000128125254-0b75f871-ce52-45b8-aa7f-739e75003529.jpg,[],[],[],[],[],[],[],1180000,790000,[],[]
پیراهن مردانه gf,https://www.shixon.com/products/p60154105/?sac=59,https://img.shixon.com/products/13990613121846-dd7337e2-18e3-4bc8-bf5a-b84f85f8a2fa.jpg,https://img.shixon.com/products/13990613121846-785311ef-e101-42d6-be8c-80d8181d6f95.jpg,[],[],[],[],[],[],[],[],1290000,590000,[],[]
پیراهن مردانه مدل TB,https://www.shixon.com/products/p60154111/?sac=59,https://img.shixon.com/products/13990613121846-d7c2ee70-45c4-4537-9e87-98929ab001a2.jpg,https://img.shixon.com/products/13990613121846-41ac629d-a136-4a19-9b08-842c7f55b2e7.jpg,[],[],[],[],[],[],[],[],1290000,790000,[],[]
پیراهن مردانه آستین کوتاهGG,https://www.shixon.com/products/p60154123/?sac=59,https://img.shixon.com/products/13990613121836-145bcaf7-a3ac-4c7f-802a-23eccf76def4.jpg,https://img.shixon.com/products/13990613121836-cd22ad76-cb15-48e8-a3d7-263fc694afe6.jpg,[],[],[],[],[],[],[],[],1290000,790000,کوتاهGG,[]
پیراهن مردانه مدلck,https://www.shixon.com/products/p60154131/?sac=59,https://img.shixon.com/products/13990613121824-eb9c3e28-1afe-4340-8c41-c56c3b1d49a6.jpg,https://img.shixon.com/products/13990613121836-d43d7c9e-dc11-4ffc-a525-9cb783d7d98e.jpg,[],[],[],[],[],[],[],[],1290000,590000,[],[]
پیراهن آستین بلند lb,https://www.shixon.com/products/p60154151/?sac=59,https://img.shixon.com/products/13990613121811-c5921f1c-5d55-4dbe-af15-20d0988d4ee6.jpg,https://img.shixon.com/products/13990613121811-5df621a1-be5b-4fac-9fd1-4c467f2c1586.jpg,[],[],[],[],[],[],[],[],1290000,590000,بلند,[]
پیراهن مردانه tc,https://www.shixon.com/products/p60154176/?sac=59,https://img.shixon.com/products/13990613121758-2d2f40b5-ef03-4d76-ab4a-d0504c412d62.jpg,https://img.shixon.com/products/13990613121758-65941a2f-fb70-4072-8eba-b305714de809.jpg,[],[],[],[],[],[],[],[],1290000,590000,[],[]
پیراهن مردانهqpطوسی,https://www.shixon.com/products/p60154188/?sac=59,https://img.shixon.com/products/13990613121811-731c2855-a65c-4aa0-adec-4ebb002468a5.jpg,https://img.shixon.com/products/13990613121811-604092c0-c0bb-4f0a-8d73-ea917c0b2137.jpg,[],[],[],[],[],[],[],[],1290000,690000,[],[]
پیراهن مردانه رولکس,https://www.shixon.com/products/p60154197/?sac=59,https://img.shixon.com/products/13990613121749-11c018c9-e73e-4932-8dd8-1f24a4a3a614.jpg,https://img.shixon.com/products/13990613121749-f760651e-a936-4a9f-b474-ffb89d66373a.jpg,[],[],[],[],[],[],[],[],1290000,690000,[],[]
پیراهن مردانه سرمه ایck,https://www.shixon.com/products/p60154203/?sac=59,https://img.shixon.com/products/13990613121740-4cd3ee62-975f-407e-bb6a-c7cc63a4776f.jpg,https://img.shixon.com/products/13990613121749-a661a210-080c-4ef7-a5a1-2eb8ff5819aa.jpg,[],[],[],[],[],[],[],[],1290000,790000,[],[]
پیراهن مردانه آبی ly,https://www.shixon.com/products/p60154208/?sac=59,https://img.shixon.com/products/13990613121740-ebe4726a-6f5c-4f2f-baf2-597e7dc0ffce.jpg,https://img.shixon.com/products/13990613121740-b0ea9359-c383-478a-a9c0-8944cdffcf3c.jpg,[],[],[],[],[],[],[],[],1290000,790000,[],[]
پیراهن مردانه کرم مدل ck,https://www.shixon.com/products/p60154218/?sac=59,https://img.shixon.com/products/13990613121717-14bb0cf1-5359-47b8-8cfb-43c00994ec12.jpg,https://img.shixon.com/products/13990613121717-5efcd839-b55f-4d13-847a-9a4bbee4badc.jpg,https://img.shixon.com/products/13990613121730-4e127037-50b6-4d2b-bc0d-16be2a60ef4a.jpg,[],[],[],[],[],[],[],1290000,590000,[],[]
پیراهن مردانه مدل good,https://www.shixon.com/products/p60154232/?sac=59,https://img.shixon.com/products/13990613121824-20c30dd3-a33b-4ee0-969a-dc9adea7a780.jpg,https://img.shixon.com/products/13990613121824-49b3513e-28d1-4b62-a821-ca4147c590b1.jpg,[],[],[],[],[],[],[],[],1290000,790000,[],[]
پیراهن مردانه آبی  ck,https://www.shixon.com/products/p60154238/?sac=59,https://img.shixon.com/products/13990613121740-aca6fbc2-1ef6-4b9e-a2db-45e3e8607785.jpg,https://img.shixon.com/products/13990613121740-b6ad095e-abd9-493e-b0ad-9c828cddb404.jpg,[],[],[],[],[],[],[],[],1290000,790000,[],[]
پیراهن مردانه سرمه ای gucci,https://www.shixon.com/products/p60154244/?sac=59,https://img.shixon.com/products/13990613121717-0f9d282e-4abb-43e5-81a7-6f9102f8b551.jpg,https://img.shixon.com/products/13990613121717-b3595552-5568-4000-b233-e95a4a75159e.jpg,https://img.shixon.com/products/13990613121717-f83566ac-67fe-44ab-a2fe-0f49ae1f573f.jpg,https://img.shixon.com/products/13990613121717-aee05972-9a5e-4484-9250-2647bc75ee5f.jpg,[],[],[],[],[],[],1290000,790000,[],[]
پیراهن آبی کمرنگ NC,https://www.shixon.com/products/p60154259/?sac=59,https://img.shixon.com/products/13990613121730-612857b5-49e4-420c-9569-1b58f8218892.jpg,https://img.shixon.com/products/13990613121730-b1f8223e-e264-4244-b451-68958736007a.jpg,[],[],[],[],[],[],[],[],1290000,790000,[],[]
پیراهن طوسی جیبدار,https://www.shixon.com/products/p60154265/?sac=59,https://img.shixon.com/products/13990613121846-f0a6abca-b560-4651-8867-f6df68102c77.jpg,https://img.shixon.com/products/13990613121846-7e0d3f9b-0853-4e27-94ef-c454df887fdf.jpg,https://img.shixon.com/products/13990613121847-448c4a78-af0a-4e12-8326-d16a1f75bfb3.jpg,[],[],[],[],[],[],[],1290000,500000,[],[]
پیراهن کلاسیک مردانه راه راه مدل beni,https://www.shixon.com/products/p60152182/?sac=59,https://img.shixon.com/products/13991223125304-c70051b0-8f97-4c9c-a85f-d74dc9ae9c5e.jpg,https://img.shixon.com/products/13991223125304-3014f85e-2395-43b3-a853-4c44ebaa9f47.jpg,https://img.shixon.com/products/13991226084358-db93a4f4-1f8a-4137-a2f5-1b989cced582.jpg,https://img.shixon.com/products/13991226084358-b80ecb50-2d19-4dfe-b5ca-98b6b3050c02.jpg,[],[],[],[],[],[],1780000,880000,[],[]
پیراهن کلاسیک مردانه راه راه مدل beni (راه را,https://www.shixon.com/products/p60152183/?sac=59,https://img.shixon.com/products/13991226084358-a13b9eed-6028-4a2b-acb6-37f1dcf9469d.jpg,https://img.shixon.com/products/13991223125304-21ff3161-0fdc-4218-a882-b93029e1c5e4.jpg,[],[],[],[],[],[],[],[],1780000,880000,[],[]
پیراهن چهار خانه اندامی مدلbeni,https://www.shixon.com/products/p60152184/?sac=59,https://img.shixon.com/products/13991226084359-f47851cb-123e-453b-b457-db06f1c2e3aa.jpg,https://img.shixon.com/products/13991226084359-443c0271-e1bf-4d2a-8700-351809ae02d9.jpg,https://img.shixon.com/products/13991226084359-c48949f6-a1ad-4c39-9e83-7f068138ebcb.jpg,[],[],[],[],[],[],[],1580000,680000,[],[]
پیراهن چهار خانه اندامی مدلbeni,https://www.shixon.com/products/p60152185/?sac=59,https://img.shixon.com/products/13991226084358-a6005502-2fde-490a-8882-ea85df028cb2.jpg,https://img.shixon.com/products/13991226084358-5c5c74e0-cafc-49dc-a68f-30eb0a3141cf.jpg,[],[],[],[],[],[],[],[],1580000,680000,[],[]
پیراهن چهار خانه اندامی مدلbeni,https://www.shixon.com/products/p60152186/?sac=59,https://img.shixon.com/products/13991226084358-68610775-85c7-4134-b7c9-c2cb65882dcd.jpg,https://img.shixon.com/products/13991226084358-8e21790f-8a76-42c0-aa4f-b8f0500ba4b4.jpg,https://img.shixon.com/products/13991226084358-832329ef-e88b-4c34-a557-8e592590d998.jpg,[],[],[],[],[],[],[],1580000,680000,[],[]
پیراهن مردانه آستین کوتاه,https://www.shixon.com/products/p60151659/?sac=59,https://img.shixon.com/products/13991213110316-0393030c-1c8a-4726-adb2-4df121575b41.jpg,https://img.shixon.com/products/13991213110316-e1a236c2-088b-42ea-b5a4-6f21228c4f90.jpg,https://img.shixon.com/products/13991213110316-1107a0be-b510-49b4-a4eb-55215f541760.jpg,[],[],[],[],[],[],[],2900000,2900000,کوتاه,[]
پیراهن مردانه آستین کوتاه,https://www.shixon.com/products/p60151656/?sac=59,https://img.shixon.com/products/13991213110356-7d61b48a-d64a-4a27-8aa1-947c412eeaa8.jpg,https://img.shixon.com/products/13991213110356-9e659683-c835-467a-9380-75e100974867.jpg,https://img.shixon.com/products/13991213110356-2b3752d7-223d-4ef0-9abb-e14c9d06552e.jpg,https://img.shixon.com/products/13991213110356-ae7005a2-deab-44dc-a3ed-3b5c2b1c0724.jpg,[],[],[],[],[],[],2900000,1650000,کوتاه,[]
پیراهن جین مردانه آستین کوتاه,https://www.shixon.com/products/p60151646/?sac=59,https://img.shixon.com/products/13991213110316-2da9cd74-8ff4-41eb-9761-58f3fbbe00b1.jpg,https://img.shixon.com/products/13991213110316-3508c0a6-06a5-4391-8a88-1159ef8da860.jpg,https://img.shixon.com/products/13991213110316-2f52a088-4205-4ce8-ab61-94218e1769fb.jpg,[],[],[],[],[],[],[],3450000,2280000,کوتاه,[]
پیراهن جین مردانه آستین بلند,https://www.shixon.com/products/p60151647/?sac=59,https://img.shixon.com/products/13991213110359-b5338f87-747b-4b69-be68-674ba5ca7cc2.jpg,https://img.shixon.com/products/13991213110359-8ceeefeb-cde0-489c-bf12-fec9e6faba01.jpg,https://img.shixon.com/products/13991213110359-8b919b7e-8a59-4f60-bf65-b8628cb2eac6.jpg,https://img.shixon.com/products/13991213110359-289c9aae-6a5b-4ef1-8615-cc2a18e42f7a.jpg,[],[],[],[],[],[],3450000,2380000,بلند,[]
پیراهن جین مردانه آستین بلند,https://www.shixon.com/products/p60151648/?sac=59,https://img.shixon.com/products/13991213110400-d2b14884-911c-4daf-95e3-4bcba9fbe58f.jpg,https://img.shixon.com/products/13991213110400-d0a71ccc-3f52-48f8-a3f8-22677a50839d.jpg,https://img.shixon.com/products/13991213110400-9522ddf2-2fd2-415e-a5d8-ffd4a86cacae.jpg,https://img.shixon.com/products/13991213110400-05a7b5f2-446e-4b07-923f-cc8bcbb4aba9.jpg,[],[],[],[],[],[],3450000,2380000,بلند,[]
پیراهن جین مردانه آستین بلند,https://www.shixon.com/products/p60151649/?sac=59,https://img.shixon.com/products/13991213110358-52c22932-dc72-40ed-b75c-5f25240d859b.jpg,https://img.shixon.com/products/13991213110358-3fc260f3-fa31-41cf-8152-687afa761f67.jpg,https://img.shixon.com/products/13991213110359-c2390a67-0934-4732-9d36-ba7f9b1ecad7.jpg,https://img.shixon.com/products/13991213110359-837e232a-ea34-4f92-bf67-58359b9a00ed.jpg,[],[],[],[],[],[],3450000,2380000,بلند,[]
پیراهن جین مردانه آستین بلند,https://www.shixon.com/products/p60151650/?sac=59,https://img.shixon.com/products/13991213110316-f017bd80-ad19-44d2-ba47-6928a6315dd5.jpg,https://img.shixon.com/products/13991213110316-899d3348-b8ad-422b-9a63-d99bffe5375c.jpg,https://img.shixon.com/products/13991213110316-d1bda775-94d9-4edd-be68-da66e56a7e3b.jpg,https://img.shixon.com/products/13991213110316-51f758e7-ba8a-4ec8-b998-9c8bc37ce2e2.jpg,[],[],[],[],[],[],3450000,2380000,بلند,[]
پیراهن جین مردانه آستین بلند,https://www.shixon.com/products/p60151651/?sac=59,https://img.shixon.com/products/13991213110400-54b41e20-a451-4d1a-9453-203c2216f914.jpg,https://img.shixon.com/products/13991213110400-ff502741-6c35-4cbc-bd84-56212b5eb0e1.jpg,https://img.shixon.com/products/13991213110400-a6cdd1dd-8d51-44c1-a467-a3c7f736254c.jpg,[],[],[],[],[],[],[],3450000,2380000,بلند,[]
پیراهن جین مردانه آستین بلند,https://www.shixon.com/products/p60151652/?sac=59,https://img.shixon.com/products/13991213110358-e21a3ee2-7e50-4efb-858b-648d6ad0e8da.jpg,https://img.shixon.com/products/13991213110358-15ac9ae9-aa7d-4cf5-8598-9703c6988b86.jpg,https://img.shixon.com/products/13991213110358-c8569b34-c0ca-46c8-a776-981434067d1f.jpg,https://img.shixon.com/products/13991213110358-cfb11547-64d6-4aec-8c4e-ff1bebde848a.jpg,[],[],[],[],[],[],3450000,2380000,بلند,[]
پیراهن جین مردانه آستین کوتاه,https://www.shixon.com/products/p60151642/?sac=59,https://img.shixon.com/products/13991213110400-ffa7a49a-c58d-402e-9804-708e1a26f03f.jpg,https://img.shixon.com/products/13991213110400-23bf5d70-d312-4523-9ddd-330be0a36ddb.jpg,https://img.shixon.com/products/13991213110401-c34e1cae-e623-43c4-8def-8a80cb2fc9d5.jpg,[],[],[],[],[],[],[],3450000,2280000,کوتاه,[]
پیراهن مردانه آستین کوتاه,https://www.shixon.com/products/p60147852/?sac=59,https://img.shixon.com/products/13991102120007-b26aa13c-9bd5-440f-ba4b-48091ff46e35.jpg,https://img.shixon.com/products/13991102120007-fd8ce07b-0c96-4e64-ba38-ea9db75ef90c.jpg,[],[],[],[],[],[],[],[],1900000,1900000,کوتاه,[]
پیراهن چهارخانه اندامی طرح پولو مدل beni,https://www.shixon.com/products/p60151195/?sac=59,https://img.shixon.com/products/13991206130220-f5791c77-7ff9-4a94-8108-24f26490e029.jpg,https://img.shixon.com/products/13991206130220-4ce020e5-89e6-450c-ba56-6be098fa4c8a.jpg,https://img.shixon.com/products/13991206130220-85588d1c-081b-4b73-b7c8-7d6deca35a34.jpg,[],[],[],[],[],[],[],1150000,650000,[],[]
پیراهن چهارخانه اندامی طرح پولو مدل beni,https://www.shixon.com/products/p60151196/?sac=59,https://img.shixon.com/products/13991206130220-ad141c79-d8b7-4f52-afb5-92a3f3336247.jpg,https://img.shixon.com/products/13991206130220-1d3b4a5c-95f3-46af-8fa9-918da199d70f.jpg,https://img.shixon.com/products/13991206130220-034e4afc-5308-410e-a927-e3fe23792e9b.jpg,[],[],[],[],[],[],[],1150000,650000,[],[]
پیراهن چهارخانه اندامی طرح پولو مدل beni,https://www.shixon.com/products/p60151197/?sac=59,https://img.shixon.com/products/13991206130220-dc595f7e-52f3-4487-b2c5-606bdc1866af.jpg,https://img.shixon.com/products/13991206130220-2721b5a2-b084-4870-b2d5-62bd2c6b7c8e.jpg,https://img.shixon.com/products/13991206130220-f06dc6cf-3fea-49f1-ba2f-429ff2f915f1.jpg,[],[],[],[],[],[],[],1150000,650000,[],[]
پیراهن مردانه مدل 0038,https://www.shixon.com/products/sh60149710/?sac=59,https://img.shixon.com/zoom/sh60149710_1427274739.jpg,https://img.shixon.com/zoom/sh60149710_1049456124.jpg,https://img.shixon.com/zoom/sh60149710_1050053555.jpg,[],[],[],[],[],[],[],1130000,550000,[],[]
پیراهن مردانه مدل 0277,https://www.shixon.com/products/sh60149715/?sac=59,https://img.shixon.com/zoom/sh60149715_1234540246.jpg,https://img.shixon.com/zoom/sh60149715_1234007746.jpg,[],[],[],[],[],[],[],[],1150000,550000,[],[]
پیراهن آستین بلند مردانه مدل MASERATI,https://www.shixon.com/products/p60149649/?sac=59,https://img.shixon.com/products/13991126214116-61c06109-427d-417a-bf30-7ec2a90c60d9.jpg,https://img.shixon.com/products/13991126214116-31bb944b-0bb3-46c6-8aba-0407efab4b5b.jpg,https://img.shixon.com/products/13991126214116-437570ac-1a2c-4f5f-9a12-f99fce669ec3.jpg,[],[],[],[],[],[],[],2170000,1360000,بلند,[]
پیراهن آستین بلند مردانه مدل MASERATI,https://www.shixon.com/products/p60149651/?sac=59,https://img.shixon.com/products/13991126214034-01da4e01-7055-4f1c-829f-8e7ecddcfda1.jpg,https://img.shixon.com/products/13991126214034-0448e2a6-2d85-4477-ae90-ed3daf0ca7a1.jpg,https://img.shixon.com/products/13991126214034-674332c3-44a8-47a4-a5b5-16d1fef8b3d9.jpg,[],[],[],[],[],[],[],2170000,1360000,بلند,[]
پیراهن آستین بلند مردانه مدل MASSIMO,https://www.shixon.com/products/p60149652/?sac=59,https://img.shixon.com/products/13991126215214-066e9eef-705a-4501-85b0-f7c5f6faa2e7.jpg,https://img.shixon.com/products/13991126215214-f2c63b25-d252-4f5c-896f-764d60d009ad.jpg,https://img.shixon.com/products/13991126215214-38cc8ae6-dfad-406f-be08-230ff106a3d0.jpg,[],[],[],[],[],[],[],2170000,1360000,بلند,[]
پیراهن آستین بلند مردانه مدل MASSIMO,https://www.shixon.com/products/p60149654/?sac=59,https://img.shixon.com/products/13991126215214-8a55504f-c42a-4bf1-897e-4e3f08a52e76.jpg,https://img.shixon.com/products/13991126215214-2df9f749-9abe-41ab-b5c8-ef2611dcd2f1.jpg,[],[],[],[],[],[],[],[],2170000,1360000,بلند,[]
پیراهن آستین بلند مردانه مدل MASSIMO,https://www.shixon.com/products/p60149655/?sac=59,https://img.shixon.com/products/13991126215214-8dd4b698-7711-4b29-8445-ddf34e8ab8ba.jpg,https://img.shixon.com/products/13991126215214-c8722384-53fa-4a3d-b4cd-e86e6b65ec14.jpg,[],[],[],[],[],[],[],[],2170000,1360000,بلند,[]
پیراهن آستین بلند مردانه مدل MASSIMO,https://www.shixon.com/products/p60149656/?sac=59,https://img.shixon.com/products/13991126215214-ed7ee6c7-6131-4662-84a6-64f0131347a2.jpg,https://img.shixon.com/products/13991126215214-079fc6b8-04a2-474d-b262-e1a599fd66b5.jpg,https://img.shixon.com/products/13991126215214-9c3c2277-d173-4a1d-a829-110f406c5905.jpg,[],[],[],[],[],[],[],2170000,1360000,بلند,[]
پیراهن آستین بلند مردانه مدل MASSIMO,https://www.shixon.com/products/p60149657/?sac=59,https://img.shixon.com/products/13991126215214-fd080091-3f43-4e35-8768-ba2f23207113.jpg,https://img.shixon.com/products/13991126215214-e0c6d075-b4e1-4071-af40-27984d3b8f24.jpg,https://img.shixon.com/products/13991126215214-64d6d6f0-1bfa-4e11-9edf-93f6143a75cb.jpg,[],[],[],[],[],[],[],2170000,1360000,بلند,[]
پیراهن جذب مردانه مدل lemona,https://www.shixon.com/products/p60149446/?sac=59,https://img.shixon.com/products/13991125220801-4a9d2fc0-2c82-4147-a23e-668f2d524594.jpg,[],[],[],[],[],[],[],[],[],1690000,790000,[],[]
پیراهن جذب مردانه مدل lemona,https://www.shixon.com/products/p60149447/?sac=59,https://img.shixon.com/products/13991125221150-490c9651-0e8b-49ac-ba50-4a700542e4e5.jpg,https://img.shixon.com/products/13991125221150-a0b7e578-9844-4b24-af11-d264c87c02d5.jpg,[],[],[],[],[],[],[],[],1690000,790000,[],[]
پیراهن جذب مردانه مدل lemona,https://www.shixon.com/products/p60149448/?sac=59,https://img.shixon.com/products/13991125221346-dbd8814e-801c-43c5-b5a2-5f932aa641a9.jpg,https://img.shixon.com/products/13991125221346-11658a21-bfa4-46d5-ad8a-5cdc42fa22bb.jpg,[],[],[],[],[],[],[],[],1690000,790000,[],[]
پیراهن جذب مردانه مدل lemona,https://www.shixon.com/products/p60149449/?sac=59,https://img.shixon.com/products/13991125221645-e353aeff-1f1b-4329-98bd-5063a9e4fa9a.jpg,[],[],[],[],[],[],[],[],[],1690000,790000,[],[]
پیراهن کتان مردانه مدل LIVISE,https://www.shixon.com/products/p60149452/?sac=59,https://img.shixon.com/products/13991125223811-7f18a4e3-b24b-4af1-a5be-1646c8182c3a.jpg,https://img.shixon.com/products/13991125223811-b7b21ccc-da81-4f75-9f81-1b4c1e8c3a13.jpg,[],[],[],[],[],[],[],[],1950000,980000,[],[]
پیراهن کتان مردانه مدل LIVISE,https://www.shixon.com/products/p60149454/?sac=59,https://img.shixon.com/products/13991125224217-bb8245de-1b03-4388-bd65-d497dcdebbde.jpg,https://img.shixon.com/products/13991125224217-bb513a32-ad93-4a79-8a27-f686b0e58a08.jpg,https://img.shixon.com/products/13991125224217-e71e26b1-a315-4cc4-9be8-d6bda1dda5bc.jpg,https://img.shixon.com/products/13991125224217-90b62f04-2298-4469-ac31-9acf2cfbedc4.jpg,[],[],[],[],[],[],1950000,980000,[],[]
پیراهن کتان مردانه مدل دو جیب,https://www.shixon.com/products/p60149457/?sac=59,https://img.shixon.com/products/13991125224605-aecb2171-c55e-465b-b9ed-0c9e1ac96f6e.jpg,https://img.shixon.com/products/13991125224605-b8e1b084-4a67-408d-a180-f6e70b86977d.jpg,https://img.shixon.com/products/13991125224605-5b62ed72-7212-420d-bafd-c56ee12c601a.jpg,[],[],[],[],[],[],[],2380000,990000,[],[]
پیراهن آستین بلند مردانه مدل POLO,https://www.shixon.com/products/p60149483/?sac=59,https://img.shixon.com/products/13991126094123-9bfe2d95-924f-4787-9f12-baf87dd7976c.jpg,https://img.shixon.com/products/13991126094123-d54105ec-4183-4d42-9b05-cf2fc8031077.jpg,https://img.shixon.com/products/13991126094123-de71d4b7-f328-4acd-97f7-5e11f7e54e47.jpg,https://img.shixon.com/products/13991126094123-b4df0d47-d98d-4574-8e34-654f83faf671.jpg,[],[],[],[],[],[],1950000,980000,بلند,[]
پیراهن آستین بلند مردانه مدل دوجیب,https://www.shixon.com/products/p60149489/?sac=59,https://img.shixon.com/products/13991126095257-4377b0a6-5b46-4904-b1e8-be8fa7686cf5.jpg,https://img.shixon.com/products/13991126095257-c20d62e6-4e3b-45d2-aa14-6b02dcc1970a.jpg,[],[],[],[],[],[],[],[],2190000,1080000,بلند,[]
پیراهن آستین بلند مردانه مدل دوجیب,https://www.shixon.com/products/p60149496/?sac=59,https://img.shixon.com/products/13991126100928-de536188-2a83-4c8c-b1a1-84535b78d9e4.jpg,[],[],[],[],[],[],[],[],[],2190000,1080000,بلند,[]
پیراهن آستین بلند مردانه مدل دوجیب,https://www.shixon.com/products/p60149498/?sac=59,https://img.shixon.com/products/13991126101636-eda2fc73-b6ea-43d8-aa19-e86c8c013929.jpg,https://img.shixon.com/products/13991126101636-98d11f3e-8468-4ca3-bd9a-96cf1abef89f.jpg,[],[],[],[],[],[],[],[],2190000,1080000,بلند,[]
پیراهن آستین بلند مردانه مدل DIOR,https://www.shixon.com/products/p60149499/?sac=59,https://img.shixon.com/products/13991126101920-cf833c5c-598c-4c39-9c1e-0162012c6914.jpg,https://img.shixon.com/products/13991126101920-43619309-1146-4e5f-b909-26ec9a0813fb.jpg,https://img.shixon.com/products/13991126101920-1eba4f45-0720-439d-8dfc-4a7f328d2b5e.jpg,[],[],[],[],[],[],[],2190000,1080000,بلند,[]
پیراهن آستین بلند مردانه مدل DIOR,https://www.shixon.com/products/p60149506/?sac=59,https://img.shixon.com/products/13991126102357-c7132ede-e217-4f44-8bfd-ae0c3b06c55b.jpg,https://img.shixon.com/products/13991126102357-c2826097-eec3-470a-8963-be407765524c.jpg,[],[],[],[],[],[],[],[],2190000,1080000,بلند,[]
پیراهن آستین بلند مردانه مدل CK,https://www.shixon.com/products/p60149507/?sac=59,https://img.shixon.com/products/13991126102535-ce1170bb-3e6d-4676-ba19-c8a1f3f9dcdb.jpg,https://img.shixon.com/products/13991126102535-b6496b92-c2b3-4f7d-b6b9-65af3d8e1b0d.jpg,https://img.shixon.com/products/13991126102535-82fe81a0-bcd8-4617-8340-0ca017c47a2d.jpg,[],[],[],[],[],[],[],1950000,980000,بلند,[]
پیراهن آستین بلند مردانه مدل  | P.BAZ.331 |,https://www.shixon.com/products/p60148911/?sac=59,https://img.shixon.com/products/13991120145339-99b8f238-b7e7-4611-a4dc-fab09805fc3e.jpg,https://img.shixon.com/products/13991120145339-5ea4d4b7-8d9e-4bb0-87b2-7c3a4e88d60b.jpg,https://img.shixon.com/products/13991120145339-5a451882-dfdc-4ef1-98f6-2239651064e7.jpg,[],[],[],[],[],[],[],3000000,990000,بلند,  برگردان
پیراهن مردانه آستین کوتاه,https://www.shixon.com/products/p60147853/?sac=59,https://img.shixon.com/products/13991102120007-02f19a15-549a-403b-af0d-9a46f21e8794.jpg,https://img.shixon.com/products/13991102120007-6bcfb7a5-d8c1-4b49-ae19-84e9c95dbb44.jpg,[],[],[],[],[],[],[],[],2400000,1650000,کوتاه,[]
پیراهن مردانه,https://www.shixon.com/products/p60147779/?sac=59,https://img.shixon.com/products/13991102115952-cb97ec4a-7670-4bd0-adad-64936a141de2.jpg,https://img.shixon.com/products/13991102115952-0aecad41-2804-4515-8bfc-f78dbaf796d7.jpg,[],[],[],[],[],[],[],[],1900000,1900000,[],[]
پیراهن مردانه,https://www.shixon.com/products/p60147849/?sac=59,https://img.shixon.com/products/13991102120007-dcd8cc8d-7086-43b1-a1c5-129471793090.jpg,https://img.shixon.com/products/13991102120007-48cc93cb-fd6c-4177-a10c-dc8460cefe43.jpg,[],[],[],[],[],[],[],[],2400000,1650000,[],[]
پیراهن مردانه,https://www.shixon.com/products/p60147778/?sac=59,https://img.shixon.com/products/13991102115952-dc0843a0-3cc2-44ae-b76b-a33371f43bd4.jpg,https://img.shixon.com/products/13991102115952-97743293-4caa-45c8-beb1-dcd1883a214a.jpg,https://img.shixon.com/products/13991102120007-c774a295-7dcf-4e28-a584-f890f9c9a3fb.jpg,[],[],[],[],[],[],[],2300000,1650000,[],[]
پیراهن مردانه مدل 0038,https://www.shixon.com/products/sh60147528/?sac=59,https://img.shixon.com/zoom/sh60147528_1039515146.jpg,https://img.shixon.com/zoom/sh60147528_1039420681.jpg,https://img.shixon.com/zoom/sh60147528_1038553329.jpg,https://img.shixon.com/zoom/sh60147528_1038436293.jpg,[],[],[],[],[],[],1130000,550000,[],[]
پیراهن مردانه آستین بلند,https://www.shixon.com/products/p60140730/?sac=59,https://img.shixon.com/products/13990629125140-30a9be06-451e-4886-ba09-fa0fd6683c68.jpg,https://img.shixon.com/products/13990629125140-8e70c713-47fd-414f-a680-5497743d1da8.jpg,https://img.shixon.com/products/13990629125159-4dceafe5-4271-4196-be8e-da3a0cab5ef5.jpg,https://img.shixon.com/products/13990629125159-f1ea745d-7035-43d6-b16e-0f265f9d7fdc.jpg,https://img.shixon.com/products/13990629125159-f3d90fe0-5b81-45f5-bfe2-bd0debbf060e.jpg,[],[],[],[],[],2300000,2300000,بلند,[]
پیراهن مردانه آستین بلند,https://www.shixon.com/products/p60140731/?sac=59,https://img.shixon.com/products/13990629125140-17c50a33-c554-4aa7-92ae-14113ba043e6.jpg,https://img.shixon.com/products/13990629125720-295f4853-3c66-4c98-a3e7-a720f6e5830f.jpg,https://img.shixon.com/products/13990629125721-cf77e34f-727c-4d6a-9f77-009d5ada42b1.jpg,https://img.shixon.com/products/13990629125721-8e4d727a-bc63-4b9f-bfa3-c7a5af10c0fa.jpg,https://img.shixon.com/products/13990629125721-1813ee86-7dd8-4960-98c6-336906071cf2.jpg,[],[],[],[],[],2300000,2300000,بلند,[]
پیراهن آستین بلند مردانه مدل | P.Baz.332 |,https://www.shixon.com/products/p60146218/?sac=59,https://img.shixon.com/products/13991009111450-97132592-adeb-472a-800a-81f4184f6eed.jpg,https://img.shixon.com/products/13991009111450-435ceb02-80ee-4d59-8fb2-0495171cb54d.jpg,https://img.shixon.com/products/13991009111450-932cfded-17c7-4498-8ecc-57d0bbbd0e2c.jpg,[],[],[],[],[],[],[],3000000,990000,بلند,  برگردان
پیراهن آستین بلند مردانه مدل | P.Baz.323 |,https://www.shixon.com/products/p60146222/?sac=59,https://img.shixon.com/products/13991009113731-10162974-1c53-4b17-bebc-a097bac18ea7.jpg,https://img.shixon.com/products/13991009113731-4b04e7b0-788c-47ad-9b63-4b4f51827439.jpg,https://img.shixon.com/products/13991009113731-8b3124d3-bd00-410c-9235-162e36d829a7.jpg,[],[],[],[],[],[],[],3000000,990000,بلند,  برگردان
پیراهن مردانه مدل | P.Baz.293 |,https://www.shixon.com/products/p60146160/?sac=59,https://img.shixon.com/products/13991008114736-09f1c4a0-f553-40ea-b02f-bc6b8ded0a85.jpg,https://img.shixon.com/products/13991008114736-ae173761-b565-4685-aeec-67ec86354794.jpg,https://img.shixon.com/products/13991008114736-52b638db-a45d-465d-aefd-44df743a2917.jpg,https://img.shixon.com/products/13991008114736-76bd521b-6100-4c3e-a86b-0fc65d085d8f.jpg,[],[],[],[],[],[],3000000,990000,[],  برگردان
پیراهن آستین بلند مردانه مدل | P.Baz.317 |,https://www.shixon.com/products/p60146208/?sac=59,https://img.shixon.com/products/13991009090836-73802378-8a18-4aa5-a16b-3cb3783806b8.jpg,https://img.shixon.com/products/13991009090836-61b29647-646b-4737-bf65-593912973d70.jpg,https://img.shixon.com/products/13991009090836-faec6853-9208-4d3c-915c-43c8e12476c5.jpg,[],[],[],[],[],[],[],3000000,990000,بلند,  برگردان
پیراهن آستین بلند مردانه مدل | P.Baz.334 |,https://www.shixon.com/products/p60146210/?sac=59,https://img.shixon.com/products/13991009092131-fd29307f-5c58-46bd-b85b-53b52e10208f.jpg,https://img.shixon.com/products/13991009092131-bfc0eb95-4388-40a9-b68d-1379bf272bd0.jpg,[],[],[],[],[],[],[],[],3000000,990000,بلند,  برگردان
پیراهن آستین بلند مردانه مدل | P.Baz.313 |,https://www.shixon.com/products/p60146211/?sac=59,https://img.shixon.com/products/13991009093849-357746ee-11d9-4967-b8d8-c2a66366f215.jpg,https://img.shixon.com/products/13991009093849-737660fc-31ba-4c90-a283-efbb567f35a5.jpg,https://img.shixon.com/products/13991009093849-14cccb5d-9667-409b-bec0-9dc1515f301a.jpg,[],[],[],[],[],[],[],3000000,990000,بلند,  برگردان
پیراهن آستین بلند مردانه مدل | P.Baz.325 |,https://www.shixon.com/products/p60146214/?sac=59,https://img.shixon.com/products/13991009100537-eaf39629-3587-4c8d-a1b8-122808aea0c6.jpg,https://img.shixon.com/products/13991009100537-fb1b912c-0278-4bd6-b0ab-8d45b2b141f5.jpg,[],[],[],[],[],[],[],[],3000000,990000,بلند,  برگردان
پیراهن آستین بلند مردانه مدل | P.Baz.329 |,https://www.shixon.com/products/p60146215/?sac=59,https://img.shixon.com/products/13991009101944-069b5004-4dca-4d16-ae28-3b73f4f10e35.jpg,https://img.shixon.com/products/13991009101944-01a652d9-89b9-4295-9712-a78878bd9e05.jpg,https://img.shixon.com/products/13991009101944-c9f42e0a-7629-4a12-9517-eca5bd0df9cc.jpg,[],[],[],[],[],[],[],3000000,990000,بلند,  برگردان
پیراهن آستین بلند مردانه مدل | P.Baz.335 |,https://www.shixon.com/products/p60146216/?sac=59,https://img.shixon.com/products/13991009103116-39eb629e-e730-4f27-9a59-b81d6e2fb89a.jpg,https://img.shixon.com/products/13991009103116-ee7913df-89f2-4417-9cdf-8b0d04515250.jpg,https://img.shixon.com/products/13991009103116-28183c3c-6858-42b8-95c0-40947f99e018.jpg,[],[],[],[],[],[],[],3000000,990000,بلند,  برگردان
پیراهن آستین بلند مردانه مدل | P.Baz.311 |,https://www.shixon.com/products/p60146217/?sac=59,https://img.shixon.com/products/13991009110008-b284e70b-6bcc-4bdc-bc6a-e79dd5ae1ddd.jpg,https://img.shixon.com/products/13991009110008-a64f2a18-b41c-4364-bfdf-867a9b648e35.jpg,https://img.shixon.com/products/13991009110008-2c4383f6-906d-4fee-a913-f9281ee011fe.jpg,[],[],[],[],[],[],[],3000000,990000,بلند,  برگردان
پیراهن آستین بلند مردانه مدل | P.Baz.337 |,https://www.shixon.com/products/p60146156/?sac=59,https://img.shixon.com/products/13991008110833-13dc9dda-e7ee-487b-bf1a-b4e34ae8d84b.jpg,https://img.shixon.com/products/13991008110833-762cfa54-f716-468f-8b39-7ee24f38aa97.jpg,https://img.shixon.com/products/13991008110833-bf69eac5-08e1-4321-a02c-5f9953e59eb8.jpg,[],[],[],[],[],[],[],3000000,990000,بلند,  برگردان
پیراهن آستین بلند مردانه مدل | P.Baz.327 |,https://www.shixon.com/products/p60146157/?sac=59,https://img.shixon.com/products/13991008112334-1f93b7ae-67c3-43cd-b4ae-a05eccdceaf4.jpg,https://img.shixon.com/products/13991008112334-63b985fd-fa71-4257-b505-9ae3cd9669db.jpg,https://img.shixon.com/products/13991008112334-a5555074-9d1e-4c25-b0d3-84f7b300bc5a.jpg,[],[],[],[],[],[],[],3000000,990000,بلند,  برگردان
پیراهن مردانه مدل | P.Baz.291 |,https://www.shixon.com/products/p60146159/?sac=59,https://img.shixon.com/products/13991008113915-4f4cd255-110b-4115-ba77-dbfdc793d36a.jpg,https://img.shixon.com/products/13991008113916-035c2612-0d89-421e-ad5f-d3e9253751b2.jpg,https://img.shixon.com/products/13991008113916-8bb5e3fc-7598-4fd6-bd82-1bd32bb5c6aa.jpg,https://img.shixon.com/products/13991008113916-6722f791-35a9-4ab0-8e87-5ed36c1b7dd9.jpg,[],[],[],[],[],[],3000000,990000,[],  برگردان
پیراهن آستین بلند مردانه مدل | P.Baz.315 |,https://www.shixon.com/products/p60146072/?sac=59,https://img.shixon.com/products/13991007093400-f920592d-de01-42cd-9ffe-2761e6dc9df6.jpg,https://img.shixon.com/products/13991007093400-673b3feb-b7ea-45d3-91c1-b6e0e53c179e.jpg,https://img.shixon.com/products/13991007093400-bd239894-e431-40d2-8ff0-5e8ae8672671.jpg,[],[],[],[],[],[],[],3000000,990000,بلند,  برگردان
پیراهن آستین بلند مردانه مدل | P.Baz.326 |,https://www.shixon.com/products/p60146073/?sac=59,https://img.shixon.com/products/13991007093754-d3220c16-98cf-4392-8093-2755de3508ce.jpg,https://img.shixon.com/products/13991007093754-aa30c4be-377b-4ccb-91fa-ba4401641fc2.jpg,https://img.shixon.com/products/13991007093754-1607e2ab-40b9-44a2-9700-3c87e9a5d12d.jpg,[],[],[],[],[],[],[],3000000,990000,بلند,  برگردان
پیراهن آستین بلند مردانه مدل | P.Baz.314 |,https://www.shixon.com/products/p60146074/?sac=59,https://img.shixon.com/products/13991007094701-fba5b3c2-91a1-4755-a3c0-9f0a8de04054.jpg,https://img.shixon.com/products/13991007094701-46fab3a0-6679-43a3-aaa6-6e72c7e4d542.jpg,https://img.shixon.com/products/13991007094701-cdecd5b6-56ec-41b0-9581-21db7438e6de.jpg,[],[],[],[],[],[],[],3000000,990000,بلند,  برگردان
پیراهن آستین بلند مردانه مدل | P.Baz.316 |,https://www.shixon.com/products/p60146077/?sac=59,https://img.shixon.com/products/13991007102111-89cf88ba-ded0-45f5-b5c9-0f7db120ba01.jpg,https://img.shixon.com/products/13991007102111-1f6ce585-5b46-4b93-b349-a9b6c32be39f.jpg,https://img.shixon.com/products/13991007102112-f02e1155-52a8-4937-ac6f-804eba920f74.jpg,[],[],[],[],[],[],[],3000000,990000,بلند,  برگردان
پیراهن آستین بلند مردانه مدل | P.Baz.319 |,https://www.shixon.com/products/p60146078/?sac=59,https://img.shixon.com/products/13991007103329-28d62874-bc9f-409e-a8a0-982cb4ddf2e3.jpg,https://img.shixon.com/products/13991007103329-56914fe9-4391-4863-b628-165d43494afe.jpg,https://img.shixon.com/products/13991007103329-b106a12c-0b59-48b6-bd26-c65d9592bc36.jpg,[],[],[],[],[],[],[],3000000,990000,بلند,  برگردان
پیراهن آستین بلند مردانه مدل | P.Baz.321 |,https://www.shixon.com/products/p60146085/?sac=59,https://img.shixon.com/products/13991007104000-ca84acb4-2dfe-46fe-af4b-6001fdf0d32c.jpg,https://img.shixon.com/products/13991007104000-d7eae9b6-3668-4334-a904-fb37e30e74a8.jpg,https://img.shixon.com/products/13991007104000-4c7951ae-8a0f-4fb3-a783-a38bcd1affb3.jpg,[],[],[],[],[],[],[],3000000,990000,بلند,  برگردان
پیراهن آستین بلند مردانه مدل | P.Baz.333 |,https://www.shixon.com/products/p60146086/?sac=59,https://img.shixon.com/products/13991007111520-3c25c298-6c29-4221-9c96-660624842efb.jpg,https://img.shixon.com/products/13991007111520-67f7f2fe-70db-4e91-bd37-79c75322421f.jpg,https://img.shixon.com/products/13991007111520-ae27106f-533c-44c1-bad6-5829fce97452.jpg,[],[],[],[],[],[],[],3000000,990000,بلند,  برگردان
پیراهن آستین بلند مردانه مدل | P.Baz.328 |,https://www.shixon.com/products/p60146087/?sac=59,https://img.shixon.com/products/13991007111842-aa7ae185-5985-4fd5-a7e0-aa4031a2f4f7.jpg,https://img.shixon.com/products/13991007111842-8d80d313-6868-4673-9d9f-10cf63715f85.jpg,https://img.shixon.com/products/13991007111842-77d8d540-db34-4893-8401-b6bd70880fb7.jpg,[],[],[],[],[],[],[],3000000,990000,بلند,  برگردان
پیراهن آستین بلند مردانه مدل | P.Baz.324 |,https://www.shixon.com/products/p60146090/?sac=59,https://img.shixon.com/products/13991007114456-f619cec2-5db4-4397-b142-71460a6b48cf.jpg,https://img.shixon.com/products/13991007114456-9ed6bf72-df06-472f-9738-a2ab3fe67429.jpg,https://img.shixon.com/products/13991007114456-6580be1c-9dc0-43a4-ba53-131341958810.jpg,[],[],[],[],[],[],[],3000000,990000,بلند,  برگردان
پیراهن مردانه مدل | P.Baz.299 |,https://www.shixon.com/products/p60146096/?sac=59,https://img.shixon.com/products/13991007154024-1f311786-a213-4fba-b6a4-c13c47bfb5eb.jpg,https://img.shixon.com/products/13991007154024-46f1ce2c-dbd5-48aa-b9e4-28492fc5d336.jpg,https://img.shixon.com/products/13991007154024-a3bd32c4-8337-438a-95a9-02bef9a85cca.jpg,[],[],[],[],[],[],[],3000000,990000,[],  برگردان
پیراهن مردانه مدل | P.Baz.330 |,https://www.shixon.com/products/p60146011/?sac=59,https://img.shixon.com/products/13991006135023-29f385f1-be6f-4267-a8fe-5a233896002c.jpg,https://img.shixon.com/products/13991006135023-c3882e38-6e64-4493-a7d9-247eb5429c98.jpg,https://img.shixon.com/products/13991006135023-89d6ac0a-d840-4b64-af73-72a938c87f4f.jpg,[],[],[],[],[],[],[],3000000,990000,[],  برگردان
پیراهن مردانه مدل | P.baz.294 |,https://www.shixon.com/products/p60104268/?sac=59,https://img.shixon.com/products/13991006130907-d10f6781-7f8d-4b81-bb29-ca2a7265b798.jpg,https://img.shixon.com/products/13991006130907-210b4d5d-0eaf-4090-a189-c1e097231bee.jpg,https://img.shixon.com/products/13991006130907-d671a0bd-8815-40d9-a362-e10f2c7430ae.jpg,https://img.shixon.com/products/13991006130907-2be73afa-f5a7-4435-b318-f371893bfee1.jpg,[],[],[],[],[],[],3000000,990000,[],  برگردان
پیراهن آستین بلند مدل CK,https://www.shixon.com/products/p60142561/?sac=59,https://img.shixon.com/products/13990808102448-f6a674fe-445c-4032-88bb-5ec4537f23ef.jpg,https://img.shixon.com/products/13990808102448-9c25164b-73f4-4950-973e-862b6cf21d0f.jpg,https://img.shixon.com/products/13990808102448-41d34a1f-e628-4149-9ee2-eb285e1c833e.jpg,[],[],[],[],[],[],[],1870000,970000,بلند,[]
پیراهن مردانه چهارخانه ریز 0559,https://www.shixon.com/products/sh60144869/?sac=59,https://img.shixon.com/zoom/sh60144869_1543173633.jpg,[],[],[],[],[],[],[],[],[],1150000,345000,[],[]
پیراهن آستین کوتاه مردانه,https://www.shixon.com/products/p60144868/?sac=59,https://img.shixon.com/products/13990629122358-4826c68b-3181-4542-8c72-59785eef55d0.jpg,https://img.shixon.com/products/13990629122358-6c66046f-c796-4bd8-a289-d9f77d7a7517.jpg,https://img.shixon.com/products/13990629122358-eaff7cf0-5b5b-4f74-928c-5a807439b639.jpg,https://img.shixon.com/products/13990629122358-1ff5e7da-da5a-48bb-bd5d-b1c9e6b67774.jpg,[],[],[],[],[],[],1590000,1390000,کوتاه,[]
پیراهن مردانه مدل CHANEL,https://www.shixon.com/products/p60142969/?sac=59,https://img.shixon.com/products/13990815184642-dcea5da7-656b-488b-b212-fc12021c3be5.jpg,https://img.shixon.com/products/13990815184643-ee5957e3-3d28-4992-b214-6b5dcbe8e4c6.jpg,https://img.shixon.com/products/13990815184643-872f47ca-7e68-4881-9101-5406e6353f3d.jpg,[],[],[],[],[],[],[],1690000,960000,[],[]
پیراهن آستین بلند مدل CK,https://www.shixon.com/products/p60142562/?sac=59,https://img.shixon.com/products/13990808102821-b254cfc1-bd5a-4b0c-b9f8-8b395870e2e5.jpg,https://img.shixon.com/products/13990808102821-7d43d5f5-5c2e-49fa-b278-8d98010e660f.jpg,https://img.shixon.com/products/13990808102821-bc8e8410-9f44-4f46-8ab9-2572e958554d.jpg,[],[],[],[],[],[],[],1870000,970000,بلند,[]
پیراهن مردانه آستین بلند,https://www.shixon.com/products/p60140728/?sac=59,https://img.shixon.com/products/13990629125159-43044b8e-543e-4b5f-945c-bb2411c3f788.jpg,https://img.shixon.com/products/13990629125159-0957a73e-c5fa-418e-a6d8-3b5b80850a31.jpg,https://img.shixon.com/products/13990629125159-23c6f49c-7506-4a42-b079-e29c2f419f79.jpg,https://img.shixon.com/products/13990629125159-d6fe01fd-8017-45f3-92c8-213b7d97b6fa.jpg,[],[],[],[],[],[],2300000,1650000,بلند,[]
پیراهن مردانه آستین بلند,https://www.shixon.com/products/p60139227/?sac=59,https://img.shixon.com/products/13990610133237-adfeb7b8-158e-4718-9e69-18200d81a66b.jpg,https://img.shixon.com/products/13990610133237-0a18ba40-c6c2-4e53-ba49-89a06298e7c6.jpg,https://img.shixon.com/products/13990610133237-8118c4ca-e03d-4bc9-a13c-08d020413869.jpg,https://img.shixon.com/products/13990610133237-9cfc0f4c-2cd3-4d4e-94cf-975c5871272a.jpg,[],[],[],[],[],[],2150000,1400000,بلند,[]
پیراهن مردانه آستین بلند,https://www.shixon.com/products/p60139228/?sac=59,https://img.shixon.com/products/13990610133307-f2ad88c8-d750-4e53-abbf-8d542f4e8454.jpg,https://img.shixon.com/products/13990610133307-0b63d780-b963-42f8-993e-0bd699072733.jpg,https://img.shixon.com/products/13990610133307-678de043-52fa-41dc-903c-abf2b55c2f8b.jpg,https://img.shixon.com/products/13990610133307-228617ba-e0bb-4a96-b2b7-9aece12c7453.jpg,https://img.shixon.com/products/13990610133317-d93b933f-f6a2-466a-98ba-ce4fbafd0b7b.jpg,[],[],[],[],[],2450000,1600000,بلند,[]
پیراهن آستین بلند مغز پسته ای مدل POLO,https://www.shixon.com/products/p60136511/?sac=59,https://img.shixon.com/products/13990404122037-0c2a0f92-7fa1-4231-a26e-18c2cc3c5f58.jpg,https://img.shixon.com/products/13990404122044-ef16b901-3c03-4a7b-8ce9-dc161efb18ad.jpg,https://img.shixon.com/products/13990404122053-17cf8f8b-6296-4c9d-9e41-4410c11d93ee.jpg,[],[],[],[],[],[],[],1490000,860000,بلند,[]
پیراهن مردانه دایا,https://www.shixon.com/products/p60137229/?sac=59,https://img.shixon.com/products/13990421210125-61d4f34c-8156-4c8d-a1aa-8df984dcf02a.jpg,https://img.shixon.com/products/13990421210125-3c2ad232-c51f-40cd-9b4d-6f73b37ef8b1.jpg,https://img.shixon.com/products/13990421210125-3155d7a2-9bab-47cf-82e2-78ed0dbfa093.jpg,https://img.shixon.com/products/13990421210125-592c7463-71b1-4d47-975f-4ef4caf3f305.jpg,[],[],[],[],[],[],2800000,2800000,[],[]
پیراهن طرح دار استین بلند مدل تیشرتی,https://www.shixon.com/products/p60136882/?sac=59,https://img.shixon.com/products/13990414165434-0e326393-dc10-4c9a-93d3-a147f23d4c9d.jpg,https://img.shixon.com/products/13990414165434-29c8b4c7-f925-4a32-9601-6ba416a74061.jpg,[],[],[],[],[],[],[],[],800000,599000,[],[]
پیراهن طرح دار استین بلند مدل تیشرتی,https://www.shixon.com/products/p60136883/?sac=59,https://img.shixon.com/products/13990414165434-f3f13653-d355-4456-839b-792732b86466.jpg,https://img.shixon.com/products/13990414165434-4724972e-98c0-44b8-a75b-cd405dd5ce8c.jpg,[],[],[],[],[],[],[],[],800000,599000,[],[]
پیراهن آستین بلند مردانه,https://www.shixon.com/products/p60136850/?sac=59,https://img.shixon.com/products/13990414140721-fd7b3fe3-1541-44f2-9604-71bfa13d73e0.jpg,https://img.shixon.com/products/13990414140721-05f2f7de-c74e-4fb4-99da-726a9a8bafff.jpg,[],[],[],[],[],[],[],[],850000,649000,بلند,[]
پیراهن مردانه مدل ck,https://www.shixon.com/products/p60136851/?sac=59,https://img.shixon.com/products/13990414111805-e8c695c6-17af-4721-a1e2-addadfcd999b.jpg,[],[],[],[],[],[],[],[],[],700000,590000,[],[]
پیراهن استین کوتاه مردانه رویال,https://www.shixon.com/products/p60133759/?sac=59,https://img.shixon.com/products/13990414111805-fc96abe6-b606-4078-bc73-00a5829e651f.jpg,[],[],[],[],[],[],[],[],[],850000,650000,[],[]
پیراهن استین کوتاه مردانه رویال,https://www.shixon.com/products/p60133765/?sac=59,https://img.shixon.com/products/13990414111805-fb123678-d366-40db-b917-87486c51f84b.jpg,https://img.shixon.com/products/13990414111805-11bc9989-3d21-45d3-a02a-b9dd5c2c87f0.jpg,[],[],[],[],[],[],[],[],850000,650000,[],[]
پیراهن استین کوتاه مردانه رویال,https://www.shixon.com/products/p60133766/?sac=59,https://img.shixon.com/products/13990414111805-ee4429aa-9b87-40de-b3b4-10805d6fa2d8.jpg,https://img.shixon.com/products/13990414111805-9d17462a-52c8-429c-b674-aae8651a773a.jpg,[],[],[],[],[],[],[],[],950000,590000,[],[]
پیراهن مردانه آستین بلند,https://www.shixon.com/products/p60136580/?sac=59,https://img.shixon.com/products/13990405131711-202d693e-2fcc-4b0e-b2e5-b647426ea099.jpg,https://img.shixon.com/products/13990405131719-c5a52c33-8b9a-46f8-91ff-c45934087921.jpg,https://img.shixon.com/products/13990405131729-4e03d830-d90c-4c90-8fcc-a07dca1456a7.jpg,https://img.shixon.com/products/13990405131742-1cb380b8-fcc4-4074-a65d-f103eb9f2302.jpg,[],[],[],[],[],[],2450000,1500000,بلند,[]
پیراهن مردانه آستین بلند,https://www.shixon.com/products/p60136584/?sac=59,https://img.shixon.com/products/13990405131515-ba64784f-f4df-493a-a06e-db6e38d7b660.jpg,https://img.shixon.com/products/13990405131530-69912a4d-7aeb-45c6-a6b4-4c6aee39dd28.jpg,[],[],[],[],[],[],[],[],2150000,1400000,بلند,[]
پیراهن مردانه آستین کوتاه,https://www.shixon.com/products/p60136587/?sac=59,https://img.shixon.com/products/13990405132709-157d4037-1da9-49cb-b8f0-79c9a9f6679c.jpg,https://img.shixon.com/products/13990405132721-c2a0ab3c-4ffb-48f9-81bf-91da11eb3425.jpg,[],[],[],[],[],[],[],[],2850000,1680000,کوتاه,[]
پیراهن مردانه آستین کوتاه,https://www.shixon.com/products/p60136588/?sac=59,https://img.shixon.com/products/13990405131859-33b17415-acaf-4066-a472-1b2a65f93abf.jpg,https://img.shixon.com/products/13990405131919-6b310625-4e7a-42b7-88d8-89472501f98b.jpg,[],[],[],[],[],[],[],[],2050000,1550000,کوتاه,[]
پیراهن جین مردانه آستین کوتاه,https://www.shixon.com/products/p60136591/?sac=59,https://img.shixon.com/products/13990405132135-1b5efd3a-63e1-4f4b-9418-d20f3867faa6.jpg,https://img.shixon.com/products/13990405132154-2a8b8803-2ac4-46fe-9048-65d0b2b5bae5.jpg,https://img.shixon.com/products/13990405132222-748653e8-0090-4c04-8931-eaf12e4a0272.jpg,[],[],[],[],[],[],[],3850000,2280000,کوتاه,[]
پیراهن جین مردانه آستین کوتاه,https://www.shixon.com/products/p60136592/?sac=59,https://img.shixon.com/products/13990405132108-fefebcb6-1166-4971-96b8-a8d49e4846b0.jpg,https://img.shixon.com/products/13990405132117-b13a4f32-df37-4aa9-b22f-ca24a9a97f51.jpg,[],[],[],[],[],[],[],[],2250000,2250000,کوتاه,[]
پیراهن جین مردانه آستین بلند,https://www.shixon.com/products/p60136594/?sac=59,https://img.shixon.com/products/13990405132011-18884978-dd8c-4ab2-ab25-bded065d2bc7.jpg,https://img.shixon.com/products/13990405132020-dd684d6d-47c2-41d3-8c76-f94958a2c587.jpg,https://img.shixon.com/products/13990405132045-35fa4e2a-718b-4d74-a28f-d2f548e42512.jpg,[],[],[],[],[],[],[],3900000,2280000,بلند,[]
پیراهن جین مردانه آستین بلند,https://www.shixon.com/products/p60136595/?sac=59,https://img.shixon.com/products/13990405131018-667b9eea-a130-4fe1-acda-ed137b21cd88.jpg,https://img.shixon.com/products/13990405132325-6bde5a97-f807-4e61-a5e4-bd5c0d64be1e.jpg,https://img.shixon.com/products/13990405132346-54603537-c102-44f3-8422-97cd5c11d9e2.jpg,[],[],[],[],[],[],[],3900000,2380000,بلند,[]
پیراهن مردانه آستین کوتاه,https://www.shixon.com/products/p60136570/?sac=59,https://img.shixon.com/products/13990405132355-9220f62e-50ef-445c-86e9-0a16c3a609a4.jpg,https://img.shixon.com/products/13990405132403-c61006fa-5f79-4810-b0d8-6186238b9fc8.jpg,[],[],[],[],[],[],[],[],2550000,1550000,کوتاه,[]
پیراهن مردانه آستین کوتاه,https://www.shixon.com/products/p60136572/?sac=59,https://img.shixon.com/products/13990405132451-4d01c545-9010-47a4-960b-c58899f09141.jpg,https://img.shixon.com/products/13990405132513-982ffb10-77f2-4c17-ab3b-e5cce9ba8f71.jpg,[],[],[],[],[],[],[],[],2550000,1550000,کوتاه,[]
پیراهن مردانه آستین کوتاه,https://www.shixon.com/products/p60136575/?sac=59,https://img.shixon.com/products/13990405131932-2329d58d-ff08-4a53-b5ac-4f61aa46075a.jpg,https://img.shixon.com/products/13990405131943-b2b6089a-45ed-4d28-8ecc-59547a3b7948.jpg,https://img.shixon.com/products/13990405131959-6b9e1388-4989-45dd-bc62-95e69baf034d.jpg,[],[],[],[],[],[],[],1950000,1950000,کوتاه,[]
پیراهن استین کوتاه مردانه,https://www.shixon.com/products/p60133757/?sac=59,https://img.shixon.com/products/13990321121352-1cf41ba6-19aa-4e22-a46e-7471e5121403.jpg,[],[],[],[],[],[],[],[],[],850000,500000,[],[]
پیراهن مردانه مدل CK,https://www.shixon.com/products/p60133647/?sac=59,https://img.shixon.com/products/13990318135818-a8916fc8-75e9-4bd3-a52f-35b296b57dc8.jpg,[],[],[],[],[],[],[],[],[],700000,550000,[],[]
پیراهن مردانه آستین بلند کد 526,https://www.shixon.com/products/p60132491/?sac=59,https://img.shixon.com/products/13990209193510-72906644-64a6-4c30-96a2-918dec68c69b.jpg,https://img.shixon.com/products/13990209194729-148ca715-864e-417c-9882-6b98d5d165c8.jpg,[],[],[],[],[],[],[],[],990000,490000,بلند,[]
پیراهن جین مردانه آستین بلند,https://www.shixon.com/products/p60133010/?sac=59,https://img.shixon.com/products/13990309181151-cfdaccfd-8875-40e2-bf29-0b92f965a33b.jpg,https://img.shixon.com/products/13990309181151-517a9632-8b20-4df0-a542-3707b49902e8.jpg,[],[],[],[],[],[],[],[],3200000,2350000,بلند,[]
پیراهن جین مردانه آستین بلند,https://www.shixon.com/products/p60133024/?sac=59,https://img.shixon.com/products/13990309181151-4ed1ac7a-7e4b-4f6c-bc3b-8e26a7ef1968.jpg,https://img.shixon.com/products/13990309181151-dd1455be-077a-42b2-89dd-0771404d904d.jpg,[],[],[],[],[],[],[],[],3200000,2550000,بلند,[]
پیراهن جین مردانه آستین بلند,https://www.shixon.com/products/p60133025/?sac=59,https://img.shixon.com/products/13990309181151-e21b3452-480e-4308-a80e-266b4b376d7d.jpg,https://img.shixon.com/products/13990309181151-9ee7f026-80bf-4206-885c-9059c1faac24.jpg,[],[],[],[],[],[],[],[],3200000,2650000,بلند,[]
پیراهن آستین کوتاه دیپلمات مدل پولو کد A01,https://www.shixon.com/products/p60131876/?sac=59,https://img.shixon.com/products/13990209193510-b3890fb3-e731-4bdf-be9c-12b12f317d6d.jpg,[],[],[],[],[],[],[],[],[],1250000,590000,کوتاه,[]
پیراهن آستین کوتاه دیپلمات مدل پولو کد A01,https://www.shixon.com/products/p60131877/?sac=59,https://img.shixon.com/products/13990209194729-82227bc9-1dc8-48a2-8523-48cc2313f1ca.jpg,[],[],[],[],[],[],[],[],[],1250000,590000,کوتاه,[]
پیراهن آستین کوتاه دیپلمات مدل پولو کد A01,https://www.shixon.com/products/p60131878/?sac=59,https://img.shixon.com/products/13990209193510-e737d7ec-bdfd-48c6-940d-928761e2d126.jpg,https://img.shixon.com/products/13990209193510-44927ae2-2494-431c-8913-11061751eec8.jpg,https://img.shixon.com/products/13990209193510-9b6808ee-3885-44c8-8dc9-9e62faffba67.jpg,[],[],[],[],[],[],[],1250000,590000,کوتاه,[]
پیراهن مردانه آستین بلند طرح POLO,https://www.shixon.com/products/p60105355/?sac=59,https://img.shixon.com/products/13970729153628-760bff95-ae35-4e11-95c7-45df75629b42.jpg,https://img.shixon.com/products/13970729153628-c743affb-e1d5-42a0-99f0-40171cc806b4.jpg,https://img.shixon.com/products/13970729153628-df5ce696-e160-4bbb-b7a9-4e1e6bb21668.jpg,[],[],[],[],[],[],[],1450000,670000,بلند,[]
