Name,Main Web Page,Main Image,Second Image,Third Image,Fourth Image,Fifth Image,Price,Discounted price
تی شرت Oversize طرح No Joke,http://www.ustclothing.com/product/%d9%85%d8%ad%d8%b5%d9%88%d9%84%d8%a7%d8%aa/%d8%aa%db%8c-%d8%b4%d8%b1%d8%aa-oversize-%d8%b7%d8%b1%d8%ad-space-cup/,http://www.ustclothing.com/wp-content/uploads/2021/03/28.jpg,[],[],[],[],2250000,2250000
تی شرت Oversize طرح deer,http://www.ustclothing.com/product/%d9%85%d8%ad%d8%b5%d9%88%d9%84%d8%a7%d8%aa/%d8%aa%db%8c-%d8%b4%d8%b1%d8%aa-oversize-%d8%b7%d8%b1%d8%ad-deer-3/,http://www.ustclothing.com/wp-content/uploads/2021/03/26.jpg,[],[],[],[],2250000,2250000
تی شرت Oversize طرح Sun and Sea,http://www.ustclothing.com/product/%d9%85%d8%ad%d8%b5%d9%88%d9%84%d8%a7%d8%aa/%d8%aa%db%8c-%d8%b4%d8%b1%d8%aa-oversize-%d8%b7%d8%b1%d8%ad-sun-and-sea/,http://www.ustclothing.com/wp-content/uploads/2021/03/25.jpg,[],[],[],[],2250000,2250000
تی شرت Oversize طرح skull,http://www.ustclothing.com/product/%d9%85%d8%ad%d8%b5%d9%88%d9%84%d8%a7%d8%aa/%d8%aa%db%8c-%d8%b4%d8%b1%d8%aa-oversize-%d8%b7%d8%b1%d8%ad-skull/,http://www.ustclothing.com/wp-content/uploads/2021/03/24.jpg,[],[],[],[],2250000,2250000
تی شرت Oversize طرح Weapon of Art,http://www.ustclothing.com/product/%d9%85%d8%ad%d8%b5%d9%88%d9%84%d8%a7%d8%aa/%d8%aa%db%8c-%d8%b4%d8%b1%d8%aa-oversize-%d8%b7%d8%b1%d8%ad-weapon-of-art/,http://www.ustclothing.com/wp-content/uploads/2021/03/23.jpg,[],[],[],[],2250000,2250000
تی شرت Oversize طرح Pluto,http://www.ustclothing.com/product/%d9%85%d8%ad%d8%b5%d9%88%d9%84%d8%a7%d8%aa/%d8%aa%db%8c-%d8%b4%d8%b1%d8%aa-oversize-%d8%b7%d8%b1%d8%ad-pluto/,http://www.ustclothing.com/wp-content/uploads/2021/03/22.jpg,[],[],[],[],2250000,2250000
تی شرت Oversize طرح cat,http://www.ustclothing.com/product/%d9%85%d8%ad%d8%b5%d9%88%d9%84%d8%a7%d8%aa/%d8%aa%db%8c-%d8%b4%d8%b1%d8%aa-oversize-%d8%b7%d8%b1%d8%ad-cat/,http://www.ustclothing.com/wp-content/uploads/2021/03/21.jpg,[],[],[],[],2250000,2250000
تی شرت Oversize طرح notes,http://www.ustclothing.com/product/%d9%85%d8%ad%d8%b5%d9%88%d9%84%d8%a7%d8%aa/%d8%aa%db%8c-%d8%b4%d8%b1%d8%aa-oversize-%d8%b7%d8%b1%d8%ad-notes/,http://www.ustclothing.com/wp-content/uploads/2021/03/20.jpg,[],[],[],[],2250000,2250000
تی شرت Oversize طرح Yoga Panda,http://www.ustclothing.com/product/%d9%85%d8%ad%d8%b5%d9%88%d9%84%d8%a7%d8%aa/%d8%aa%db%8c-%d8%b4%d8%b1%d8%aa-oversize-%d8%b7%d8%b1%d8%ad-yoga-panda/,http://www.ustclothing.com/wp-content/uploads/2021/03/19.jpg,[],[],[],[],2250000,2250000
تی شرت Oversize طرح pink floyd,http://www.ustclothing.com/product/%d9%85%d8%ad%d8%b5%d9%88%d9%84%d8%a7%d8%aa/%d8%aa%db%8c-%d8%b4%d8%b1%d8%aa-oversize-%d8%b7%d8%b1%d8%ad-pink-floyd/,http://www.ustclothing.com/wp-content/uploads/2021/03/18.jpg,[],[],[],[],2250000,2250000
تی شرت Oversize طرح spaceman,http://www.ustclothing.com/product/%d9%85%d8%ad%d8%b5%d9%88%d9%84%d8%a7%d8%aa/%d8%aa%db%8c-%d8%b4%d8%b1%d8%aa-oversize-%d8%b7%d8%b1%d8%ad-spaceman-2/,http://www.ustclothing.com/wp-content/uploads/2021/03/17.jpg,[],[],[],[],2250000,2250000
تی شرت Oversize طرح Deer,http://www.ustclothing.com/product/%d9%85%d8%ad%d8%b5%d9%88%d9%84%d8%a7%d8%aa/%d8%aa%db%8c-%d8%b4%d8%b1%d8%aa-oversize-%d8%b7%d8%b1%d8%ad-deer-2/,http://www.ustclothing.com/wp-content/uploads/2021/03/16.jpg,[],[],[],[],2250000,2250000
تی شرت Oversize طرح glasses,http://www.ustclothing.com/product/%d9%85%d8%ad%d8%b5%d9%88%d9%84%d8%a7%d8%aa/%d8%aa%db%8c-%d8%b4%d8%b1%d8%aa-oversize-%d8%b7%d8%b1%d8%ad-glasses/,http://www.ustclothing.com/wp-content/uploads/2021/03/15.jpg,[],[],[],[],2250000,2250000
تی شرت Oversize طرح V,http://www.ustclothing.com/product/%d9%85%d8%ad%d8%b5%d9%88%d9%84%d8%a7%d8%aa/%d8%aa%db%8c-%d8%b4%d8%b1%d8%aa-oversize-%d8%b7%d8%b1%d8%ad-v/,http://www.ustclothing.com/wp-content/uploads/2021/03/14.jpg,[],[],[],[],2250000,2250000
تی شرت Oversize طرح space,http://www.ustclothing.com/product/%d9%85%d8%ad%d8%b5%d9%88%d9%84%d8%a7%d8%aa/%d8%aa%db%8c-%d8%b4%d8%b1%d8%aa-oversize-%d8%b7%d8%b1%d8%ad-space/,http://www.ustclothing.com/wp-content/uploads/2021/03/13.jpg,[],[],[],[],2250000,2250000
تی شرت Oversize طرح wood,http://www.ustclothing.com/product/%d9%85%d8%ad%d8%b5%d9%88%d9%84%d8%a7%d8%aa/%d8%aa%db%8c-%d8%b4%d8%b1%d8%aa-oversize-%d8%b7%d8%b1%d8%ad-wood/,http://www.ustclothing.com/wp-content/uploads/2021/03/12.jpg,[],[],[],[],2250000,2250000
تی شرت Oversize طرح wings,http://www.ustclothing.com/product/%d9%85%d8%ad%d8%b5%d9%88%d9%84%d8%a7%d8%aa/%d8%aa%db%8c-%d8%b4%d8%b1%d8%aa-oversize-%d8%b7%d8%b1%d8%ad-wings/,http://www.ustclothing.com/wp-content/uploads/2021/03/11.jpg,[],[],[],[],2250000,2250000
تی شرت Oversize طرح Sunburst Records,http://www.ustclothing.com/product/%d9%85%d8%ad%d8%b5%d9%88%d9%84%d8%a7%d8%aa/%d8%aa%db%8c-%d8%b4%d8%b1%d8%aa-oversize-%d8%b7%d8%b1%d8%ad-sunburst-records/,http://www.ustclothing.com/wp-content/uploads/2021/03/10.jpg,[],[],[],[],2250000,2250000
تی شرت Oversize طرح Sound of Silence,http://www.ustclothing.com/product/%d9%85%d8%ad%d8%b5%d9%88%d9%84%d8%a7%d8%aa/%d8%aa%db%8c-%d8%b4%d8%b1%d8%aa-oversize-%d8%b7%d8%b1%d8%ad-sound-of-silence/,http://www.ustclothing.com/wp-content/uploads/2021/03/9.jpg,[],[],[],[],2250000,2250000
تی شرت Oversize طرح Rick and Morty,http://www.ustclothing.com/product/%d9%85%d8%ad%d8%b5%d9%88%d9%84%d8%a7%d8%aa/%d8%aa%db%8c-%d8%b4%d8%b1%d8%aa-oversize-%d8%b7%d8%b1%d8%ad-rick-and-morty-3/,http://www.ustclothing.com/wp-content/uploads/2021/03/8.jpg,[],[],[],[],2250000,2250000
تی شرت Oversize طرح Heisenberg,http://www.ustclothing.com/product/%d9%85%d8%ad%d8%b5%d9%88%d9%84%d8%a7%d8%aa/%d8%aa%db%8c-%d8%b4%d8%b1%d8%aa-oversize-%d8%b7%d8%b1%d8%ad-heisenberg/,http://www.ustclothing.com/wp-content/uploads/2021/03/7.jpg,[],[],[],[],2250000,2250000
تی شرت Oversize طرح science is wise,http://www.ustclothing.com/product/%d9%85%d8%ad%d8%b5%d9%88%d9%84%d8%a7%d8%aa/%d8%aa%db%8c-%d8%b4%d8%b1%d8%aa-oversize-%d8%b7%d8%b1%d8%ad-science-is-wise/,http://www.ustclothing.com/wp-content/uploads/2021/03/6.jpg,[],[],[],[],2250000,2250000
تی شرت Oversize طرح Closed Eye,http://www.ustclothing.com/product/%d9%85%d8%ad%d8%b5%d9%88%d9%84%d8%a7%d8%aa/%d8%aa%db%8c-%d8%b4%d8%b1%d8%aa-oversize-%d8%b7%d8%b1%d8%ad-closed-eye/,http://www.ustclothing.com/wp-content/uploads/2021/03/5.jpg,[],[],[],[],2250000,2250000
تی شرت Oversize طرح I need a break,http://www.ustclothing.com/product/%d9%85%d8%ad%d8%b5%d9%88%d9%84%d8%a7%d8%aa/%d8%aa%db%8c-%d8%b4%d8%b1%d8%aa-oversize-%d8%b7%d8%b1%d8%ad-i-need-a-break/,http://www.ustclothing.com/wp-content/uploads/2021/03/4.jpg,[],[],[],[],2250000,2250000
تی شرت Oversize طرح Photographer,http://www.ustclothing.com/product/%d9%85%d8%ad%d8%b5%d9%88%d9%84%d8%a7%d8%aa/%d8%aa%db%8c-%d8%b4%d8%b1%d8%aa-oversize-%d8%b7%d8%b1%d8%ad-photographer-3/,http://www.ustclothing.com/wp-content/uploads/2021/03/3.jpg,[],[],[],[],2250000,2250000
تی شرت Oversize طرح engineer,http://www.ustclothing.com/product/%d9%85%d8%ad%d8%b5%d9%88%d9%84%d8%a7%d8%aa/%d8%aa%db%8c-%d8%b4%d8%b1%d8%aa-oversize-%d8%b7%d8%b1%d8%ad-engineer-2/,http://www.ustclothing.com/wp-content/uploads/2021/03/2.jpg,[],[],[],[],2250000,2250000
تی شرت Oversize طرح Energy Loading,http://www.ustclothing.com/product/%d9%85%d8%ad%d8%b5%d9%88%d9%84%d8%a7%d8%aa/%d8%aa%db%8c-%d8%b4%d8%b1%d8%aa-oversize-%d8%b7%d8%b1%d8%ad-energy-loading/,http://www.ustclothing.com/wp-content/uploads/2021/03/1.jpg,[],[],[],[],2250000,2250000
تی شرت Oversize طرح eat – sleep – ART – repeat,http://www.ustclothing.com/product/%d9%85%d8%ad%d8%b5%d9%88%d9%84%d8%a7%d8%aa/%d8%aa%db%8c-%d8%b4%d8%b1%d8%aa-oversize-%d8%b7%d8%b1%d8%ad-eat-sleep-art-repeat/,http://www.ustclothing.com/wp-content/uploads/2021/03/j-30.jpg,[],[],[],[],2250000,2250000
تی شرت Oversize طرح I smile,http://www.ustclothing.com/product/%d9%85%d8%ad%d8%b5%d9%88%d9%84%d8%a7%d8%aa/%d8%aa%db%8c-%d8%b4%d8%b1%d8%aa-oversize-%d8%b7%d8%b1%d8%ad-i-smile/,http://www.ustclothing.com/wp-content/uploads/2021/03/j-29.jpg,[],[],[],[],2250000,2250000
تی شرت Oversize طرح hands-free Knots,http://www.ustclothing.com/product/%d9%85%d8%ad%d8%b5%d9%88%d9%84%d8%a7%d8%aa/%d8%aa%db%8c-%d8%b4%d8%b1%d8%aa-oversize-%d8%b7%d8%b1%d8%ad-hands-free-knots/,http://www.ustclothing.com/wp-content/uploads/2021/03/j-28.jpg,[],[],[],[],2250000,2250000
تی شرت Oversize طرح Fighter Insect,http://www.ustclothing.com/product/%d9%85%d8%ad%d8%b5%d9%88%d9%84%d8%a7%d8%aa/%d8%aa%db%8c-%d8%b4%d8%b1%d8%aa-oversize-%d8%b7%d8%b1%d8%ad-fighter-insect/,http://www.ustclothing.com/wp-content/uploads/2021/03/j-27.jpg,[],[],[],[],2250000,2250000
تی شرت Oversize طرح I’m Pizza,http://www.ustclothing.com/product/%d9%85%d8%ad%d8%b5%d9%88%d9%84%d8%a7%d8%aa/%d8%aa%db%8c-%d8%b4%d8%b1%d8%aa-oversize-%d8%b7%d8%b1%d8%ad-im-pizza/,http://www.ustclothing.com/wp-content/uploads/2021/03/j-26.jpg,[],[],[],[],2250000,2250000
تی شرت Oversize طرح shutter,http://www.ustclothing.com/product/%d9%85%d8%ad%d8%b5%d9%88%d9%84%d8%a7%d8%aa/%d8%aa%db%8c-%d8%b4%d8%b1%d8%aa-oversize-%d8%b7%d8%b1%d8%ad-shutter/,http://www.ustclothing.com/wp-content/uploads/2021/03/j-25.jpg,[],[],[],[],2250000,2250000
تی شرت Oversize طرح Flying,http://www.ustclothing.com/product/%d9%85%d8%ad%d8%b5%d9%88%d9%84%d8%a7%d8%aa/%d8%aa%db%8c-%d8%b4%d8%b1%d8%aa-oversize-%d8%b7%d8%b1%d8%ad-flying/,http://www.ustclothing.com/wp-content/uploads/2021/03/j-24.jpg,[],[],[],[],2250000,2250000
تی شرت Oversize طرح Life Is Damn Good,http://www.ustclothing.com/product/%d9%85%d8%ad%d8%b5%d9%88%d9%84%d8%a7%d8%aa/%d8%aa%db%8c-%d8%b4%d8%b1%d8%aa-oversize-%d8%b7%d8%b1%d8%ad-life-is-damn-good/,http://www.ustclothing.com/wp-content/uploads/2021/03/j-23.jpg,[],[],[],[],2250000,2250000
تی شرت Oversize طرح Guitarist,http://www.ustclothing.com/product/%d9%85%d8%ad%d8%b5%d9%88%d9%84%d8%a7%d8%aa/%d8%aa%db%8c-%d8%b4%d8%b1%d8%aa-oversize-%d8%b7%d8%b1%d8%ad-guitarist-2/,http://www.ustclothing.com/wp-content/uploads/2021/03/j-22.jpg,[],[],[],[],2250000,2250000
تی شرت Oversize طرح Text,http://www.ustclothing.com/product/%d9%85%d8%ad%d8%b5%d9%88%d9%84%d8%a7%d8%aa/%d8%aa%db%8c-%d8%b4%d8%b1%d8%aa-oversize-%d8%b7%d8%b1%d8%ad-text/,http://www.ustclothing.com/wp-content/uploads/2021/03/j-21.jpg,[],[],[],[],2250000,2250000
تی شرت Oversize طرح Bear,http://www.ustclothing.com/product/%d9%85%d8%ad%d8%b5%d9%88%d9%84%d8%a7%d8%aa/%d8%aa%db%8c-%d8%b4%d8%b1%d8%aa-oversize-%d8%b7%d8%b1%d8%ad-bear/,http://www.ustclothing.com/wp-content/uploads/2021/03/j-20.jpg,[],[],[],[],2250000,2250000
تی شرت Oversize طرح Stay Strong,http://www.ustclothing.com/product/%d9%85%d8%ad%d8%b5%d9%88%d9%84%d8%a7%d8%aa/%d8%aa%db%8c-%d8%b4%d8%b1%d8%aa-oversize-%d8%b7%d8%b1%d8%ad-stay-strong-2/,http://www.ustclothing.com/wp-content/uploads/2021/03/j-19.jpg,[],[],[],[],2250000,2250000
تی شرت Oversize طرح Side B,http://www.ustclothing.com/product/%d9%85%d8%ad%d8%b5%d9%88%d9%84%d8%a7%d8%aa/%d8%aa%db%8c-%d8%b4%d8%b1%d8%aa-oversize-%d8%b7%d8%b1%d8%ad-side-b/,http://www.ustclothing.com/wp-content/uploads/2021/03/j-18.jpg,[],[],[],[],2250000,2250000
تی شرت Oversize طرح science,http://www.ustclothing.com/product/%d9%85%d8%ad%d8%b5%d9%88%d9%84%d8%a7%d8%aa/%d8%aa%db%8c-%d8%b4%d8%b1%d8%aa-oversize-%d8%b7%d8%b1%d8%ad-science/,http://www.ustclothing.com/wp-content/uploads/2021/03/j-17.jpg,[],[],[],[],2250000,2250000
تی شرت Oversize طرح lion,http://www.ustclothing.com/product/%d9%85%d8%ad%d8%b5%d9%88%d9%84%d8%a7%d8%aa/%d8%aa%db%8c-%d8%b4%d8%b1%d8%aa-oversize-%d8%b7%d8%b1%d8%ad-lion/,http://www.ustclothing.com/wp-content/uploads/2021/03/j-16.jpg,[],[],[],[],2250000,2250000
تی شرت Oversize طرح Jungle,http://www.ustclothing.com/product/%d9%85%d8%ad%d8%b5%d9%88%d9%84%d8%a7%d8%aa/%d8%aa%db%8c-%d8%b4%d8%b1%d8%aa-oversize-%d8%b7%d8%b1%d8%ad-jungle/,http://www.ustclothing.com/wp-content/uploads/2021/03/j-15.jpg,[],[],[],[],2250000,2250000
تی شرت Oversize طرح fall,http://www.ustclothing.com/product/%d9%85%d8%ad%d8%b5%d9%88%d9%84%d8%a7%d8%aa/%d8%aa%db%8c-%d8%b4%d8%b1%d8%aa-oversize-%d8%b7%d8%b1%d8%ad-fall/,http://www.ustclothing.com/wp-content/uploads/2021/03/j-13.jpg,[],[],[],[],2250000,2250000
تی شرت Oversize طرح friday,http://www.ustclothing.com/product/%d9%85%d8%ad%d8%b5%d9%88%d9%84%d8%a7%d8%aa/%d8%aa%db%8c-%d8%b4%d8%b1%d8%aa-oversize-%d8%b7%d8%b1%d8%ad-friday/,http://www.ustclothing.com/wp-content/uploads/2021/03/j-12.jpg,[],[],[],[],2250000,2250000
تی شرت Oversize طرح supreme,http://www.ustclothing.com/product/%d9%85%d8%ad%d8%b5%d9%88%d9%84%d8%a7%d8%aa/%d8%aa%db%8c-%d8%b4%d8%b1%d8%aa-oversize-%d8%b7%d8%b1%d8%ad-supreme/,http://www.ustclothing.com/wp-content/uploads/2021/03/j-11.jpg,[],[],[],[],2250000,2250000
تی شرت Oversize طرح among us,http://www.ustclothing.com/product/%d9%85%d8%ad%d8%b5%d9%88%d9%84%d8%a7%d8%aa/%d8%aa%db%8c-%d8%b4%d8%b1%d8%aa-oversize-%d8%b7%d8%b1%d8%ad-among-us/,http://www.ustclothing.com/wp-content/uploads/2021/03/j-10.jpg,[],[],[],[],2250000,2250000
تی شرت Oversize طرح female,http://www.ustclothing.com/product/%d9%85%d8%ad%d8%b5%d9%88%d9%84%d8%a7%d8%aa/%d8%aa%db%8c-%d8%b4%d8%b1%d8%aa-oversize-%d8%b7%d8%b1%d8%ad-female/,http://www.ustclothing.com/wp-content/uploads/2021/03/j-9.jpg,[],[],[],[],2250000,2250000
تی شرت Oversize طرح Cassette,http://www.ustclothing.com/product/%d9%85%d8%ad%d8%b5%d9%88%d9%84%d8%a7%d8%aa/%d8%aa%db%8c-%d8%b4%d8%b1%d8%aa-oversize-%d8%b7%d8%b1%d8%ad-cassette/,http://www.ustclothing.com/wp-content/uploads/2021/03/j-8.jpg,[],[],[],[],2250000,2250000
تی شرت Oversize طرح yoga,http://www.ustclothing.com/product/%d9%85%d8%ad%d8%b5%d9%88%d9%84%d8%a7%d8%aa/%d8%aa%db%8c-%d8%b4%d8%b1%d8%aa-oversize-%d8%b7%d8%b1%d8%ad-yoga/,http://www.ustclothing.com/wp-content/uploads/2021/03/j-7.jpg,[],[],[],[],2250000,2250000
تی شرت Oversize طرح destroy,http://www.ustclothing.com/product/%d9%85%d8%ad%d8%b5%d9%88%d9%84%d8%a7%d8%aa/%d8%aa%db%8c-%d8%b4%d8%b1%d8%aa-oversize-%d8%b7%d8%b1%d8%ad-destroy/,http://www.ustclothing.com/wp-content/uploads/2021/03/j-6.jpg,[],[],[],[],2250000,2250000
تی شرت Oversize طرح whatever,http://www.ustclothing.com/product/%d9%85%d8%ad%d8%b5%d9%88%d9%84%d8%a7%d8%aa/%d8%aa%db%8c-%d8%b4%d8%b1%d8%aa-oversize-%d8%b7%d8%b1%d8%ad-whatever/,http://www.ustclothing.com/wp-content/uploads/2021/03/j-5.jpg,[],[],[],[],2250000,2250000
تی شرت Oversize طرح XO,http://www.ustclothing.com/product/%d9%85%d8%ad%d8%b5%d9%88%d9%84%d8%a7%d8%aa/%d8%aa%db%8c-%d8%b4%d8%b1%d8%aa-oversize-%d8%b7%d8%b1%d8%ad-xo/,http://www.ustclothing.com/wp-content/uploads/2021/03/j-4.jpg,[],[],[],[],2250000,2250000
تی شرت Oversize طرح unicorn,http://www.ustclothing.com/product/%d9%85%d8%ad%d8%b5%d9%88%d9%84%d8%a7%d8%aa/%d8%aa%db%8c-%d8%b4%d8%b1%d8%aa-oversize-%d8%b7%d8%b1%d8%ad-unicorn/,http://www.ustclothing.com/wp-content/uploads/2021/03/j-3.jpg,[],[],[],[],2250000,2250000
تی شرت Oversize طرح got,http://www.ustclothing.com/product/%d9%85%d8%ad%d8%b5%d9%88%d9%84%d8%a7%d8%aa/%d8%aa%db%8c-%d8%b4%d8%b1%d8%aa-oversize-%d8%b7%d8%b1%d8%ad-got/,http://www.ustclothing.com/wp-content/uploads/2021/03/j-2.jpg,[],[],[],[],2250000,2250000
تی شرت Oversize طرح surf,http://www.ustclothing.com/product/%d9%85%d8%ad%d8%b5%d9%88%d9%84%d8%a7%d8%aa/%d8%aa%db%8c-%d8%b4%d8%b1%d8%aa-oversize-%d8%b7%d8%b1%d8%ad-surf/,http://www.ustclothing.com/wp-content/uploads/2021/03/j-1.jpg,[],[],[],[],2250000,2250000
تی شرت Oversize طرح teddy,http://www.ustclothing.com/product/%d9%85%d8%ad%d8%b5%d9%88%d9%84%d8%a7%d8%aa/%d8%aa%db%8c-%d8%b4%d8%b1%d8%aa-oversize-%d8%b7%d8%b1%d8%ad-teddy-5/,http://www.ustclothing.com/wp-content/uploads/2021/03/teddy-5.jpg,[],[],[],[],2250000,2250000
تی شرت Oversize طرح teddy,http://www.ustclothing.com/product/%d9%85%d8%ad%d8%b5%d9%88%d9%84%d8%a7%d8%aa/%d8%aa%db%8c-%d8%b4%d8%b1%d8%aa-oversize-%d8%b7%d8%b1%d8%ad-teddy-4/,http://www.ustclothing.com/wp-content/uploads/2021/03/teddy-4.jpg,[],[],[],[],2250000,2250000
تی شرت Oversize طرح teddy,http://www.ustclothing.com/product/%d9%85%d8%ad%d8%b5%d9%88%d9%84%d8%a7%d8%aa/%d8%aa%db%8c-%d8%b4%d8%b1%d8%aa-oversize-%d8%b7%d8%b1%d8%ad-teddy-3/,http://www.ustclothing.com/wp-content/uploads/2021/03/teddy-3.jpg,[],[],[],[],2250000,2250000
تی شرت Oversize طرح teddy,http://www.ustclothing.com/product/%d9%85%d8%ad%d8%b5%d9%88%d9%84%d8%a7%d8%aa/%d8%aa%db%8c-%d8%b4%d8%b1%d8%aa-oversize-%d8%b7%d8%b1%d8%ad-teddy-2/,http://www.ustclothing.com/wp-content/uploads/2021/03/teddy-2.jpg,[],[],[],[],2250000,2250000
تی شرت Oversize طرح teddy,http://www.ustclothing.com/product/%d9%85%d8%ad%d8%b5%d9%88%d9%84%d8%a7%d8%aa/%d8%aa%db%8c-%d8%b4%d8%b1%d8%aa-oversize-%d8%b7%d8%b1%d8%ad-teddy/,http://www.ustclothing.com/wp-content/uploads/2021/03/teddy-1.jpg,[],[],[],[],2250000,2250000
تی شرت کلاسیک طرح Rock,http://www.ustclothing.com/product/%d9%85%d8%ad%d8%b5%d9%88%d9%84%d8%a7%d8%aa/%d8%aa%db%8c-%d8%b4%d8%b1%d8%aa-%da%a9%d9%84%d8%a7%d8%b3%db%8c%da%a9-%d8%b7%d8%b1%d8%ad-rock/,http://www.ustclothing.com/wp-content/uploads/2020/07/fun004b.png,[],[],[],[],2050000,2050000
تی شرت Oversize طرح Just Do It… Later,http://www.ustclothing.com/product/%d9%85%d8%ad%d8%b5%d9%88%d9%84%d8%a7%d8%aa/%d8%aa%db%8c-%d8%b4%d8%b1%d8%aa-oversize-%d8%b7%d8%b1%d8%ad-just-do-it-later/,http://www.ustclothing.com/wp-content/uploads/2020/07/fun003-b.png,[],[],[],[],2250000,2250000
تی شرت Oversize طرح van Gogh,http://www.ustclothing.com/product/%d9%85%d8%ad%d8%b5%d9%88%d9%84%d8%a7%d8%aa/%d8%aa%db%8c-%d8%b4%d8%b1%d8%aa-oversize-%d8%b7%d8%b1%d8%ad-van-gogh/,http://www.ustclothing.com/wp-content/uploads/2020/07/fun002b.png,[],[],[],[],2250000,2250000
تی شرت Oversize طرح Engineer,http://www.ustclothing.com/product/%d9%85%d8%ad%d8%b5%d9%88%d9%84%d8%a7%d8%aa/%d8%aa%db%8c-%d8%b4%d8%b1%d8%aa-oversize-%d8%b7%d8%b1%d8%ad-engineer/,http://www.ustclothing.com/wp-content/uploads/2020/07/engineer005b.png,[],[],[],[],2250000,2250000
تی شرت Oversize طرح What part of,http://www.ustclothing.com/product/%d9%85%d8%ad%d8%b5%d9%88%d9%84%d8%a7%d8%aa/%d8%aa%db%8c-%d8%b4%d8%b1%d8%aa-oversize-%d8%b7%d8%b1%d8%ad-what-part-of/,http://www.ustclothing.com/wp-content/uploads/2020/07/edu0014b.png,[],[],[],[],2250000,2250000
تی شرت کلاسیک طرح My PIN,http://www.ustclothing.com/product/%d9%85%d8%ad%d8%b5%d9%88%d9%84%d8%a7%d8%aa/%d8%aa%db%8c-%d8%b4%d8%b1%d8%aa-%da%a9%d9%84%d8%a7%d8%b3%db%8c%da%a9-%d8%b7%d8%b1%d8%ad-my-pin/,http://www.ustclothing.com/wp-content/uploads/2020/07/edu0013b.png,[],[],[],[],2050000,2050000
تی شرت Oversize طرح Electrical Engineer,http://www.ustclothing.com/product/%d9%85%d8%ad%d8%b5%d9%88%d9%84%d8%a7%d8%aa/%d8%aa%db%8c-%d8%b4%d8%b1%d8%aa-oversize-%d8%b7%d8%b1%d8%ad-electrical-engineer-2/,http://www.ustclothing.com/wp-content/uploads/2020/07/edu0012b.png,[],[],[],[],2250000,2250000
تی شرت Oversize طرح circuit,http://www.ustclothing.com/product/%d9%85%d8%ad%d8%b5%d9%88%d9%84%d8%a7%d8%aa/%d8%aa%db%8c-%d8%b4%d8%b1%d8%aa-oversize-%d8%b7%d8%b1%d8%ad-circuit/,http://www.ustclothing.com/wp-content/uploads/2020/07/edu0011b.png,[],[],[],[],2250000,2250000
تی شرت کلاسیک طرح Computer Whisperer,http://www.ustclothing.com/product/%d9%85%d8%ad%d8%b5%d9%88%d9%84%d8%a7%d8%aa/%d8%aa%db%8c-%d8%b4%d8%b1%d8%aa-%da%a9%d9%84%d8%a7%d8%b3%db%8c%da%a9-%d8%b7%d8%b1%d8%ad-computer-whisperer/,http://www.ustclothing.com/wp-content/uploads/2020/07/edu0010b.png,[],[],[],[],2050000,2050000
تی شرت Oversize طرح Civil Engineer,http://www.ustclothing.com/product/%d9%85%d8%ad%d8%b5%d9%88%d9%84%d8%a7%d8%aa/%d8%aa%db%8c-%d8%b4%d8%b1%d8%aa-oversize-%d8%b7%d8%b1%d8%ad-civil-engineer/,http://www.ustclothing.com/wp-content/uploads/2020/07/edu0009b.png,[],[],[],[],2250000,2250000
تی شرت Oversize طرح Certified Electrician,http://www.ustclothing.com/product/%d9%85%d8%ad%d8%b5%d9%88%d9%84%d8%a7%d8%aa/%d8%aa%db%8c-%d8%b4%d8%b1%d8%aa-oversize-%d8%b7%d8%b1%d8%ad-certified-electrician/,http://www.ustclothing.com/wp-content/uploads/2020/07/edu0008b.png,[],[],[],[],2250000,2250000
تی شرت Oversize طرح Electrical Engineer,http://www.ustclothing.com/product/%d9%85%d8%ad%d8%b5%d9%88%d9%84%d8%a7%d8%aa/%d8%aa%db%8c-%d8%b4%d8%b1%d8%aa-oversize-%d8%b7%d8%b1%d8%ad-electrical-engineer/,http://www.ustclothing.com/wp-content/uploads/2020/07/edu0007b.png,[],[],[],[],2250000,2250000
تی شرت Oversize طرح Tesla,http://www.ustclothing.com/product/%d9%85%d8%ad%d8%b5%d9%88%d9%84%d8%a7%d8%aa/%d8%aa%db%8c-%d8%b4%d8%b1%d8%aa-oversize-%d8%b7%d8%b1%d8%ad-tesla/,http://www.ustclothing.com/wp-content/uploads/2020/07/edu0006b.png,[],[],[],[],2250000,2250000
تی شرت Oversize طرح Before you Bother me,http://www.ustclothing.com/product/%d9%85%d8%ad%d8%b5%d9%88%d9%84%d8%a7%d8%aa/%d8%aa%db%8c-%d8%b4%d8%b1%d8%aa-oversize-%d8%b7%d8%b1%d8%ad-before-you-bother-me/,http://www.ustclothing.com/wp-content/uploads/2020/07/edu0005b.png,[],[],[],[],2250000,2250000
تی شرت کلاسیک طرح True or False,http://www.ustclothing.com/product/%d9%85%d8%ad%d8%b5%d9%88%d9%84%d8%a7%d8%aa/%d8%aa%db%8c-%d8%b4%d8%b1%d8%aa-%da%a9%d9%84%d8%a7%d8%b3%db%8c%da%a9-%d8%b7%d8%b1%d8%ad-true-or-false/,http://www.ustclothing.com/wp-content/uploads/2020/07/edu0004b.png,[],[],[],[],2050000,2050000
تی شرت Oversize طرح I 8 sum …,http://www.ustclothing.com/product/%d9%85%d8%ad%d8%b5%d9%88%d9%84%d8%a7%d8%aa/%d8%aa%db%8c-%d8%b4%d8%b1%d8%aa-oversize-%d8%b7%d8%b1%d8%ad-i-8-sum/,http://www.ustclothing.com/wp-content/uploads/2020/07/edu0003b.png,[],[],[],[],2250000,2250000
تی شرت Oversize طرح Seven Sins,http://www.ustclothing.com/product/%d9%85%d8%ad%d8%b5%d9%88%d9%84%d8%a7%d8%aa/%d8%aa%db%8c-%d8%b4%d8%b1%d8%aa-oversize-%d8%b7%d8%b1%d8%ad-seven-sins/,http://www.ustclothing.com/wp-content/uploads/2020/07/edu0002b.png,[],[],[],[],2250000,2250000
تی شرت کلاسیک طرح Twist,http://www.ustclothing.com/product/%d9%85%d8%ad%d8%b5%d9%88%d9%84%d8%a7%d8%aa/%d8%aa%db%8c-%d8%b4%d8%b1%d8%aa-%da%a9%d9%84%d8%a7%d8%b3%db%8c%da%a9-%d8%b7%d8%b1%d8%ad-twist/,http://www.ustclothing.com/wp-content/uploads/2020/07/edu0001b.png,[],[],[],[],2050000,2050000
تی شرت کلاسیک طرح Rick and Morty,http://www.ustclothing.com/product/%d9%85%d8%ad%d8%b5%d9%88%d9%84%d8%a7%d8%aa/%d8%aa%db%8c-%d8%b4%d8%b1%d8%aa-%da%a9%d9%84%d8%a7%d8%b3%db%8c%da%a9-%d8%b7%d8%b1%d8%ad-rick-and-morty-5/,http://www.ustclothing.com/wp-content/uploads/2020/07/movies022b.png,[],[],[],[],2050000,2050000
تی شرت کلاسیک طرح Rick and Morty,http://www.ustclothing.com/product/%d9%85%d8%ad%d8%b5%d9%88%d9%84%d8%a7%d8%aa/%d8%aa%db%8c-%d8%b4%d8%b1%d8%aa-%da%a9%d9%84%d8%a7%d8%b3%db%8c%da%a9-%d8%b7%d8%b1%d8%ad-rick-and-morty-4/,http://www.ustclothing.com/wp-content/uploads/2020/07/movies021b.png,[],[],[],[],2050000,2050000
تی شرت کلاسیک طرح Rick and Morty,http://www.ustclothing.com/product/%d9%85%d8%ad%d8%b5%d9%88%d9%84%d8%a7%d8%aa/%d8%aa%db%8c-%d8%b4%d8%b1%d8%aa-%da%a9%d9%84%d8%a7%d8%b3%db%8c%da%a9-%d8%b7%d8%b1%d8%ad-rick-and-morty-3/,http://www.ustclothing.com/wp-content/uploads/2020/07/movies020b.png,[],[],[],[],2050000,2050000
تی شرت Oversize طرح Rick and Morty,http://www.ustclothing.com/product/%d9%85%d8%ad%d8%b5%d9%88%d9%84%d8%a7%d8%aa/%d8%aa%db%8c-%d8%b4%d8%b1%d8%aa-oversize-%d8%b7%d8%b1%d8%ad-rick-and-morty-2/,http://www.ustclothing.com/wp-content/uploads/2020/07/movies0019b.png,[],[],[],[],2250000,2250000
تی شرت Oversize طرح Rick and Morty,http://www.ustclothing.com/product/%d9%85%d8%ad%d8%b5%d9%88%d9%84%d8%a7%d8%aa/%d8%aa%db%8c-%d8%b4%d8%b1%d8%aa-oversize-%d8%b7%d8%b1%d8%ad-rick-and-morty/,http://www.ustclothing.com/wp-content/uploads/2020/07/movies0018b.png,[],[],[],[],2250000,2250000
تی شرت کلاسیک طرح Rick and Morty,http://www.ustclothing.com/product/%d9%85%d8%ad%d8%b5%d9%88%d9%84%d8%a7%d8%aa/%d8%aa%db%8c-%d8%b4%d8%b1%d8%aa-%da%a9%d9%84%d8%a7%d8%b3%db%8c%da%a9-%d8%b7%d8%b1%d8%ad-rick-and-morty-2/,http://www.ustclothing.com/wp-content/uploads/2020/07/movies0017b.png,[],[],[],[],2050000,2050000
تی شرت کلاسیک طرح Rick and Morty,http://www.ustclothing.com/product/%d9%85%d8%ad%d8%b5%d9%88%d9%84%d8%a7%d8%aa/%d8%aa%db%8c-%d8%b4%d8%b1%d8%aa-%da%a9%d9%84%d8%a7%d8%b3%db%8c%da%a9-%d8%b7%d8%b1%d8%ad-rick-and-morty/,http://www.ustclothing.com/wp-content/uploads/2020/07/movies0016b.png,[],[],[],[],2050000,2050000
تی شرت Oversize طرح The Ring,http://www.ustclothing.com/product/%d9%85%d8%ad%d8%b5%d9%88%d9%84%d8%a7%d8%aa/%d8%aa%db%8c-%d8%b4%d8%b1%d8%aa-oversize-%d8%b7%d8%b1%d8%ad-the-ring/,http://www.ustclothing.com/wp-content/uploads/2020/07/horror009b.png,[],[],[],[],2250000,2250000
تی شرت Oversize طرح I’m Fine,http://www.ustclothing.com/product/%d9%85%d8%ad%d8%b5%d9%88%d9%84%d8%a7%d8%aa/%d8%aa%db%8c-%d8%b4%d8%b1%d8%aa-oversize-%d8%b7%d8%b1%d8%ad-im-fine/,http://www.ustclothing.com/wp-content/uploads/2020/07/space015b.png,[],[],[],[],2250000,2250000
تی شرت Oversize طرح Whale,http://www.ustclothing.com/product/%d9%85%d8%ad%d8%b5%d9%88%d9%84%d8%a7%d8%aa/%d8%aa%db%8c-%d8%b4%d8%b1%d8%aa-oversize-%d8%b7%d8%b1%d8%ad-whale/,http://www.ustclothing.com/wp-content/uploads/2020/07/animals018b.png,[],[],[],[],2250000,2250000
تی شرت Oversize طرح Sloths,http://www.ustclothing.com/product/%d9%85%d8%ad%d8%b5%d9%88%d9%84%d8%a7%d8%aa/%d8%aa%db%8c-%d8%b4%d8%b1%d8%aa-oversize-%d8%b7%d8%b1%d8%ad-sloths-2/,http://www.ustclothing.com/wp-content/uploads/2020/07/animals016b.png,[],[],[],[],2250000,2250000
تی شرت Oversize طرح Rock Panda,http://www.ustclothing.com/product/%d9%85%d8%ad%d8%b5%d9%88%d9%84%d8%a7%d8%aa/%d8%aa%db%8c-%d8%b4%d8%b1%d8%aa-oversize-%d8%b7%d8%b1%d8%ad-rock-panda/,http://www.ustclothing.com/wp-content/uploads/2020/07/animals017b.png,[],[],[],[],2250000,2250000
تی شرت Oversize طرح Shiny Owl,http://www.ustclothing.com/product/%d9%85%d8%ad%d8%b5%d9%88%d9%84%d8%a7%d8%aa/%d8%aa%db%8c-%d8%b4%d8%b1%d8%aa-oversize-%d8%b7%d8%b1%d8%ad-shiny-owl/,http://www.ustclothing.com/wp-content/uploads/2020/07/animals015b.png,[],[],[],[],2250000,2250000
تی شرت Oversize طرح Night Owl,http://www.ustclothing.com/product/%d9%85%d8%ad%d8%b5%d9%88%d9%84%d8%a7%d8%aa/%d8%aa%db%8c-%d8%b4%d8%b1%d8%aa-oversize-%d8%b7%d8%b1%d8%ad-night-owl/,http://www.ustclothing.com/wp-content/uploads/2020/07/animals014b.png,[],[],[],[],2250000,2250000
تی شرت Oversize طرح Harry Owl,http://www.ustclothing.com/product/%d9%85%d8%ad%d8%b5%d9%88%d9%84%d8%a7%d8%aa/%d8%aa%db%8c-%d8%b4%d8%b1%d8%aa-oversize-%d8%b7%d8%b1%d8%ad-harry-owl/,http://www.ustclothing.com/wp-content/uploads/2020/07/animals013b.png,[],[],[],[],2250000,2250000
تی شرت Oversize طرح Deer,http://www.ustclothing.com/product/%d9%85%d8%ad%d8%b5%d9%88%d9%84%d8%a7%d8%aa/%d8%aa%db%8c-%d8%b4%d8%b1%d8%aa-oversize-%d8%b7%d8%b1%d8%ad-deer/,http://www.ustclothing.com/wp-content/uploads/2020/07/animals012b.png,[],[],[],[],2250000,2250000
تی شرت Oversize طرح Sloths,http://www.ustclothing.com/product/%d9%85%d8%ad%d8%b5%d9%88%d9%84%d8%a7%d8%aa/%d8%aa%db%8c-%d8%b4%d8%b1%d8%aa-oversize-%d8%b7%d8%b1%d8%ad-sloths/,http://www.ustclothing.com/wp-content/uploads/2020/07/animals011b.png,[],[],[],[],2250000,2250000
تی شرت Oversize طرح Soda Sloths,http://www.ustclothing.com/product/%d9%85%d8%ad%d8%b5%d9%88%d9%84%d8%a7%d8%aa/%d8%aa%db%8c-%d8%b4%d8%b1%d8%aa-oversize-%d8%b7%d8%b1%d8%ad-soda-sloths/,http://www.ustclothing.com/wp-content/uploads/2020/07/animals010b.png,[],[],[],[],2250000,2250000
تی شرت Oversize طرح Butterfly,http://www.ustclothing.com/product/%d9%85%d8%ad%d8%b5%d9%88%d9%84%d8%a7%d8%aa/%d8%aa%db%8c-%d8%b4%d8%b1%d8%aa-oversize-%d8%b7%d8%b1%d8%ad-butterfly/,http://www.ustclothing.com/wp-content/uploads/2020/07/animals009b.png,[],[],[],[],2250000,2250000
تی شرت Oversize طرح جغد,http://www.ustclothing.com/product/%d9%85%d8%ad%d8%b5%d9%88%d9%84%d8%a7%d8%aa/%d8%aa%db%8c-%d8%b4%d8%b1%d8%aa-oversize-%d8%b7%d8%b1%d8%ad-%d8%ac%d8%ba%d8%af/,http://www.ustclothing.com/wp-content/uploads/2020/07/animals008b.png,[],[],[],[],2250000,2250000
تی شرت Oversize طرح Pinkfloyd,http://www.ustclothing.com/product/%d9%85%d8%ad%d8%b5%d9%88%d9%84%d8%a7%d8%aa/%d8%aa%db%8c-%d8%b4%d8%b1%d8%aa-oversize-%d8%b7%d8%b1%d8%ad-pinkfloyd/,http://www.ustclothing.com/wp-content/uploads/2020/07/music009b.png,[],[],[],[],2250000,2250000
تی شرت کلاسیک طرح Sound of Silence,http://www.ustclothing.com/product/%d9%85%d8%ad%d8%b5%d9%88%d9%84%d8%a7%d8%aa/%d8%aa%db%8c-%d8%b4%d8%b1%d8%aa-%da%a9%d9%84%d8%a7%d8%b3%db%8c%da%a9-%d8%b7%d8%b1%d8%ad-sound-of-silence/,http://www.ustclothing.com/wp-content/uploads/2020/07/music008b.png,[],[],[],[],2050000,2050000
تی شرت کلاسیک طرح Note of Nature,http://www.ustclothing.com/product/%d9%85%d8%ad%d8%b5%d9%88%d9%84%d8%a7%d8%aa/%d8%aa%db%8c-%d8%b4%d8%b1%d8%aa-%da%a9%d9%84%d8%a7%d8%b3%db%8c%da%a9-%d8%b7%d8%b1%d8%ad-note-of-nature/,http://www.ustclothing.com/wp-content/uploads/2020/07/music007b.png,[],[],[],[],2050000,2050000
تی شرت Oversize طرح Guitarist,http://www.ustclothing.com/product/%d9%85%d8%ad%d8%b5%d9%88%d9%84%d8%a7%d8%aa/%d8%aa%db%8c-%d8%b4%d8%b1%d8%aa-oversize-%d8%b7%d8%b1%d8%ad-guitarist/,http://www.ustclothing.com/wp-content/uploads/2020/07/music006b.png,[],[],[],[],2250000,2250000
تی شرت کلاسیک طرح Music,http://www.ustclothing.com/product/%d9%85%d8%ad%d8%b5%d9%88%d9%84%d8%a7%d8%aa/%d8%aa%db%8c-%d8%b4%d8%b1%d8%aa-%da%a9%d9%84%d8%a7%d8%b3%db%8c%da%a9-%d8%b7%d8%b1%d8%ad-music-2/,http://www.ustclothing.com/wp-content/uploads/2020/07/music004b.png,[],[],[],[],2050000,2050000
تی شرت Oversize طرح Speakers,http://www.ustclothing.com/product/%d9%85%d8%ad%d8%b5%d9%88%d9%84%d8%a7%d8%aa/%d8%aa%db%8c-%d8%b4%d8%b1%d8%aa-oversize-%d8%b7%d8%b1%d8%ad-speakers/,http://www.ustclothing.com/wp-content/uploads/2020/07/music005b.png,[],[],[],[],2250000,2250000
تی شرت کلاسیک طرح Music,http://www.ustclothing.com/product/%d9%85%d8%ad%d8%b5%d9%88%d9%84%d8%a7%d8%aa/%d8%aa%db%8c-%d8%b4%d8%b1%d8%aa-%da%a9%d9%84%d8%a7%d8%b3%db%8c%da%a9-%d8%b7%d8%b1%d8%ad-music/,http://www.ustclothing.com/wp-content/uploads/2020/07/music003b.png,[],[],[],[],2050000,2050000
تی شرت Oversize طرح BEATLES,http://www.ustclothing.com/product/%d9%85%d8%ad%d8%b5%d9%88%d9%84%d8%a7%d8%aa/%d8%aa%db%8c-%d8%b4%d8%b1%d8%aa-oversize-%d8%b7%d8%b1%d8%ad-beatles/,http://www.ustclothing.com/wp-content/uploads/2020/07/music002b.png,[],[],[],[],2250000,2250000
تی شرت Oversize طرح coffee,http://www.ustclothing.com/product/%d9%85%d8%ad%d8%b5%d9%88%d9%84%d8%a7%d8%aa/%d8%aa%db%8c-%d8%b4%d8%b1%d8%aa-oversize-%d8%b7%d8%b1%d8%ad-coffee/,http://www.ustclothing.com/wp-content/uploads/2020/07/food06b.png,[],[],[],[],2250000,2250000
تی شرت Oversize طرح Pizza,http://www.ustclothing.com/product/%d9%85%d8%ad%d8%b5%d9%88%d9%84%d8%a7%d8%aa/%d8%aa%db%8c-%d8%b4%d8%b1%d8%aa-oversize-%d8%b7%d8%b1%d8%ad-pizza/,http://www.ustclothing.com/wp-content/uploads/2020/07/food05b.png,[],[],[],[],2250000,2250000
تی شرت کلاسیک طرح Engineer,http://www.ustclothing.com/product/%d9%85%d8%ad%d8%b5%d9%88%d9%84%d8%a7%d8%aa/%d8%aa%db%8c-%d8%b4%d8%b1%d8%aa-%da%a9%d9%84%d8%a7%d8%b3%db%8c%da%a9-%d8%b7%d8%b1%d8%ad-engineer/,http://www.ustclothing.com/wp-content/uploads/2020/07/engineer004b.png,[],[],[],[],2050000,2050000
تی شرت کلاسیک طرح Be Creative,http://www.ustclothing.com/product/%d9%85%d8%ad%d8%b5%d9%88%d9%84%d8%a7%d8%aa/%d8%aa%db%8c-%d8%b4%d8%b1%d8%aa-%da%a9%d9%84%d8%a7%d8%b3%db%8c%da%a9-%d8%b7%d8%b1%d8%ad-be-creative/,http://www.ustclothing.com/wp-content/uploads/2020/07/designer006b.png,[],[],[],[],2050000,2050000
تی شرت کلاسیک طرح Joker,http://www.ustclothing.com/product/%d9%85%d8%ad%d8%b5%d9%88%d9%84%d8%a7%d8%aa/%d8%aa%db%8c-%d8%b4%d8%b1%d8%aa-%da%a9%d9%84%d8%a7%d8%b3%db%8c%da%a9-%d8%b7%d8%b1%d8%ad-joker/,http://www.ustclothing.com/wp-content/uploads/2020/07/movies0015b.png,[],[],[],[],2050000,2050000
تی شرت Oversize طرح Peaky Blinders,http://www.ustclothing.com/product/%d9%85%d8%ad%d8%b5%d9%88%d9%84%d8%a7%d8%aa/%d8%aa%db%8c-%d8%b4%d8%b1%d8%aa-oversize-%d8%b7%d8%b1%d8%ad-peaky-blinders/,http://www.ustclothing.com/wp-content/uploads/2020/07/movies0014b.png,[],[],[],[],2250000,2250000
تی شرت Oversize طرح Joker,http://www.ustclothing.com/product/%d9%85%d8%ad%d8%b5%d9%88%d9%84%d8%a7%d8%aa/%d8%aa%db%8c-%d8%b4%d8%b1%d8%aa-oversize-%d8%b7%d8%b1%d8%ad-joker-2/,http://www.ustclothing.com/wp-content/uploads/2020/07/movies0013b.png,[],[],[],[],2250000,2250000
تی شرت Oversize طرح Live Simple,http://www.ustclothing.com/product/%d9%85%d8%ad%d8%b5%d9%88%d9%84%d8%a7%d8%aa/%d8%aa%db%8c-%d8%b4%d8%b1%d8%aa-oversize-%d8%b7%d8%b1%d8%ad-live-simple/,http://www.ustclothing.com/wp-content/uploads/2020/07/travel003.jpg,[],[],[],[],2250000,2250000
تی شرت Oversize طرح Favorite view,http://www.ustclothing.com/product/%d9%85%d8%ad%d8%b5%d9%88%d9%84%d8%a7%d8%aa/%d8%aa%db%8c-%d8%b4%d8%b1%d8%aa-oversize-%d8%b7%d8%b1%d8%ad-favorite-view/,http://www.ustclothing.com/wp-content/uploads/2020/07/travel002.jpg,[],[],[],[],2250000,2250000
تی شرت Oversize طرح Adevnture,http://www.ustclothing.com/product/%d9%85%d8%ad%d8%b5%d9%88%d9%84%d8%a7%d8%aa/%d8%aa%db%8c-%d8%b4%d8%b1%d8%aa-oversize-%d8%b7%d8%b1%d8%ad-adevnture/,http://www.ustclothing.com/wp-content/uploads/2020/07/travel001.jpg,[],[],[],[],2250000,2250000
تی شرت Oversize طرح ARNOLD,http://www.ustclothing.com/product/%d9%85%d8%ad%d8%b5%d9%88%d9%84%d8%a7%d8%aa/%d8%aa%db%8c-%d8%b4%d8%b1%d8%aa-oversize-%d8%b7%d8%b1%d8%ad-arnold/,http://www.ustclothing.com/wp-content/uploads/2020/07/sports026b.png,[],[],[],[],2250000,2250000
تی شرت Oversize طرح Tennis,http://www.ustclothing.com/product/%d9%85%d8%ad%d8%b5%d9%88%d9%84%d8%a7%d8%aa/%d8%aa%db%8c-%d8%b4%d8%b1%d8%aa-oversize-%d8%b7%d8%b1%d8%ad-tennis/,http://www.ustclothing.com/wp-content/uploads/2020/07/sports025b.png,[],[],[],[],2250000,2250000
تی شرت کلاسیک طرح Bowling,http://www.ustclothing.com/product/%d9%85%d8%ad%d8%b5%d9%88%d9%84%d8%a7%d8%aa/%d8%aa%db%8c-%d8%b4%d8%b1%d8%aa-%da%a9%d9%84%d8%a7%d8%b3%db%8c%da%a9-%d8%b7%d8%b1%d8%ad-bowling/,http://www.ustclothing.com/wp-content/uploads/2020/07/sports024b.png,[],[],[],[],2050000,2050000
تی شرت Oversize طرح never stay down,http://www.ustclothing.com/product/%d9%85%d8%ad%d8%b5%d9%88%d9%84%d8%a7%d8%aa/%d8%aa%db%8c-%d8%b4%d8%b1%d8%aa-oversize-%d8%b7%d8%b1%d8%ad-never-stay-down/,http://www.ustclothing.com/wp-content/uploads/2020/07/sports023b.png,[],[],[],[],2250000,2250000
تی شرت Oversize طرح Kiss My Ace,http://www.ustclothing.com/product/%d9%85%d8%ad%d8%b5%d9%88%d9%84%d8%a7%d8%aa/%d8%aa%db%8c-%d8%b4%d8%b1%d8%aa-oversize-%d8%b7%d8%b1%d8%ad-kiss-my-ace/,http://www.ustclothing.com/wp-content/uploads/2020/07/sports022b.png,[],[],[],[],2250000,2250000
تی شرت Oversize طرح Fight,http://www.ustclothing.com/product/%d9%85%d8%ad%d8%b5%d9%88%d9%84%d8%a7%d8%aa/%d8%aa%db%8c-%d8%b4%d8%b1%d8%aa-oversize-%d8%b7%d8%b1%d8%ad-fight/,http://www.ustclothing.com/wp-content/uploads/2020/07/sports021b.png,[],[],[],[],2250000,2250000
تی شرت Oversize طرح SPLIT,http://www.ustclothing.com/product/%d9%85%d8%ad%d8%b5%d9%88%d9%84%d8%a7%d8%aa/%d8%aa%db%8c-%d8%b4%d8%b1%d8%aa-oversize-%d8%b7%d8%b1%d8%ad-split/,http://www.ustclothing.com/wp-content/uploads/2020/07/sports020b.png,[],[],[],[],2250000,2250000
تی شرت Oversize طرح Racer,http://www.ustclothing.com/product/%d9%85%d8%ad%d8%b5%d9%88%d9%84%d8%a7%d8%aa/%d8%aa%db%8c-%d8%b4%d8%b1%d8%aa-oversize-%d8%b7%d8%b1%d8%ad-racer/,http://www.ustclothing.com/wp-content/uploads/2020/07/sports019b.png,[],[],[],[],2250000,2250000
تی شرت Oversize طرح Billiards,http://www.ustclothing.com/product/%d9%85%d8%ad%d8%b5%d9%88%d9%84%d8%a7%d8%aa/%d8%aa%db%8c-%d8%b4%d8%b1%d8%aa-oversize-%d8%b7%d8%b1%d8%ad-billiards/,http://www.ustclothing.com/wp-content/uploads/2020/07/sports018b.png,[],[],[],[],2250000,2250000
تی شرت کلاسیک طرح You are still Alive!,http://www.ustclothing.com/product/%d9%85%d8%ad%d8%b5%d9%88%d9%84%d8%a7%d8%aa/%d8%aa%db%8c-%d8%b4%d8%b1%d8%aa-%da%a9%d9%84%d8%a7%d8%b3%db%8c%da%a9-%d8%b7%d8%b1%d8%ad-you-are-still-alive/,http://www.ustclothing.com/wp-content/uploads/2020/07/sports017b.png,[],[],[],[],2050000,2050000
تی شرت کلاسیک طرح Watch Me,http://www.ustclothing.com/product/%d9%85%d8%ad%d8%b5%d9%88%d9%84%d8%a7%d8%aa/%d8%aa%db%8c-%d8%b4%d8%b1%d8%aa-%da%a9%d9%84%d8%a7%d8%b3%db%8c%da%a9-%d8%b7%d8%b1%d8%ad-watch-me/,http://www.ustclothing.com/wp-content/uploads/2020/07/sports016b.png,[],[],[],[],2050000,2050000
تی شرت Oversize طرح Shawshank Chess,http://www.ustclothing.com/product/%d9%85%d8%ad%d8%b5%d9%88%d9%84%d8%a7%d8%aa/%d8%aa%db%8c-%d8%b4%d8%b1%d8%aa-oversize-%d8%b7%d8%b1%d8%ad-shawshank-chess/,http://www.ustclothing.com/wp-content/uploads/2020/07/sports014b.png,[],[],[],[],2250000,2250000
تی شرت کلاسیک طرح Chess,http://www.ustclothing.com/product/%d9%85%d8%ad%d8%b5%d9%88%d9%84%d8%a7%d8%aa/%d8%aa%db%8c-%d8%b4%d8%b1%d8%aa-%da%a9%d9%84%d8%a7%d8%b3%db%8c%da%a9-%d8%b7%d8%b1%d8%ad-chess-2/,http://www.ustclothing.com/wp-content/uploads/2020/07/sports013-b.png,[],[],[],[],2050000,2050000
تی شرت کلاسیک طرح Formula 1,http://www.ustclothing.com/product/%d9%85%d8%ad%d8%b5%d9%88%d9%84%d8%a7%d8%aa/%d8%aa%db%8c-%d8%b4%d8%b1%d8%aa-%da%a9%d9%84%d8%a7%d8%b3%db%8c%da%a9-%d8%b7%d8%b1%d8%ad-formula-1/,http://www.ustclothing.com/wp-content/uploads/2020/07/sports012.png,[],[],[],[],2050000,2050000
تی شرت کلاسیک طرح Chess,http://www.ustclothing.com/product/%d9%85%d8%ad%d8%b5%d9%88%d9%84%d8%a7%d8%aa/%d8%aa%db%8c-%d8%b4%d8%b1%d8%aa-%da%a9%d9%84%d8%a7%d8%b3%db%8c%da%a9-%d8%b7%d8%b1%d8%ad-chess/,http://www.ustclothing.com/wp-content/uploads/2020/07/sports011b.png,[],[],[],[],2050000,2050000
تی شرت Oversize طرح Boxer Panda,http://www.ustclothing.com/product/%d9%85%d8%ad%d8%b5%d9%88%d9%84%d8%a7%d8%aa/%d8%aa%db%8c-%d8%b4%d8%b1%d8%aa-oversize-%d8%b7%d8%b1%d8%ad-boxer-panda/,http://www.ustclothing.com/wp-content/uploads/2020/07/sports010-.png,[],[],[],[],2250000,2250000
تی شرت کلاسیک طرح Leaving,http://www.ustclothing.com/product/%d9%85%d8%ad%d8%b5%d9%88%d9%84%d8%a7%d8%aa/%d8%aa%db%8c-%d8%b4%d8%b1%d8%aa-%da%a9%d9%84%d8%a7%d8%b3%db%8c%da%a9-%d8%b7%d8%b1%d8%ad-leaving/,http://www.ustclothing.com/wp-content/uploads/2020/06/space014.jpg,[],[],[],[],2050000,2050000
تی شرت کلاسیک طرح NASA,http://www.ustclothing.com/product/%d9%85%d8%ad%d8%b5%d9%88%d9%84%d8%a7%d8%aa/%d8%aa%db%8c-%d8%b4%d8%b1%d8%aa-%da%a9%d9%84%d8%a7%d8%b3%db%8c%da%a9-%d8%b7%d8%b1%d8%ad-nasa/,http://www.ustclothing.com/wp-content/uploads/2020/06/space013.jpg,[],[],[],[],2050000,2050000
تی شرت کلاسیک طرح Rocket,http://www.ustclothing.com/product/%d9%85%d8%ad%d8%b5%d9%88%d9%84%d8%a7%d8%aa/%d8%aa%db%8c-%d8%b4%d8%b1%d8%aa-%da%a9%d9%84%d8%a7%d8%b3%db%8c%da%a9-%d8%b7%d8%b1%d8%ad-rocket/,http://www.ustclothing.com/wp-content/uploads/2020/06/space012.jpg,[],[],[],[],2050000,2050000
تی شرت Oversize طرح Spaceman,http://www.ustclothing.com/product/%d9%85%d8%ad%d8%b5%d9%88%d9%84%d8%a7%d8%aa/%d8%aa%db%8c-%d8%b4%d8%b1%d8%aa-oversize-%d8%b7%d8%b1%d8%ad-spaceman/,http://www.ustclothing.com/wp-content/uploads/2020/06/space011.jpg,[],[],[],[],2250000,2250000
تی شرت Oversize طرح Space shoot,http://www.ustclothing.com/product/%d9%85%d8%ad%d8%b5%d9%88%d9%84%d8%a7%d8%aa/%d8%aa%db%8c-%d8%b4%d8%b1%d8%aa-oversize-%d8%b7%d8%b1%d8%ad-space-shoot/,http://www.ustclothing.com/wp-content/uploads/2020/06/space010.jpg,[],[],[],[],2250000,2250000
تی شرت Oversize طرح Music Alphabet,http://www.ustclothing.com/product/%d9%85%d8%ad%d8%b5%d9%88%d9%84%d8%a7%d8%aa/%d8%aa%db%8c-%d8%b4%d8%b1%d8%aa-oversize-%d8%b7%d8%b1%d8%ad-music-alphabet/,http://www.ustclothing.com/wp-content/uploads/2020/06/music001.jpg,[],[],[],[],2250000,2250000
تی شرت کلاسیک طرح Run,http://www.ustclothing.com/product/%d9%85%d8%ad%d8%b5%d9%88%d9%84%d8%a7%d8%aa/%d8%aa%db%8c-%d8%b4%d8%b1%d8%aa-%da%a9%d9%84%d8%a7%d8%b3%db%8c%da%a9-%d8%b7%d8%b1%d8%ad-run/,http://www.ustclothing.com/wp-content/uploads/2020/06/programmer006.jpg,[],[],[],[],2050000,2050000
تی شرت کلاسیک طرح I Need a Break,http://www.ustclothing.com/product/%d9%85%d8%ad%d8%b5%d9%88%d9%84%d8%a7%d8%aa/%d8%aa%db%8c-%d8%b4%d8%b1%d8%aa-%da%a9%d9%84%d8%a7%d8%b3%db%8c%da%a9-%d8%b7%d8%b1%d8%ad-i-need-a-break/,http://www.ustclothing.com/wp-content/uploads/2020/06/programmer005.jpg,[],[],[],[],2050000,2050000
تی شرت کلاسیک طرح Codefather,http://www.ustclothing.com/product/%d9%85%d8%ad%d8%b5%d9%88%d9%84%d8%a7%d8%aa/%d8%aa%db%8c-%d8%b4%d8%b1%d8%aa-%da%a9%d9%84%d8%a7%d8%b3%db%8c%da%a9-%d8%b7%d8%b1%d8%ad-codefather/,http://www.ustclothing.com/wp-content/uploads/2020/06/programmer004.jpg,[],[],[],[],2050000,2050000
تی شرت کلاسیک طرح Eat Sleep Code,http://www.ustclothing.com/product/%d9%85%d8%ad%d8%b5%d9%88%d9%84%d8%a7%d8%aa/%d8%aa%db%8c-%d8%b4%d8%b1%d8%aa-%da%a9%d9%84%d8%a7%d8%b3%db%8c%da%a9-%d8%b7%d8%b1%d8%ad-eat-sleep-code/,http://www.ustclothing.com/wp-content/uploads/2020/06/programmer003.jpg,[],[],[],[],2050000,2050000
تی شرت Oversize طرح Code,http://www.ustclothing.com/product/%d9%85%d8%ad%d8%b5%d9%88%d9%84%d8%a7%d8%aa/%d8%aa%db%8c-%d8%b4%d8%b1%d8%aa-oversize-%d8%b7%d8%b1%d8%ad-code/,http://www.ustclothing.com/wp-content/uploads/2020/06/programmer002.jpg,[],[],[],[],2250000,2250000
تی شرت کلاسیک طرح Python,http://www.ustclothing.com/product/%d9%85%d8%ad%d8%b5%d9%88%d9%84%d8%a7%d8%aa/%d8%aa%db%8c-%d8%b4%d8%b1%d8%aa-%da%a9%d9%84%d8%a7%d8%b3%db%8c%da%a9-%d8%b7%d8%b1%d8%ad-python/,http://www.ustclothing.com/wp-content/uploads/2020/06/programmer-001.jpg,[],[],[],[],2050000,2050000
تی شرت کلاسیک طرح Photographer Evolution,http://www.ustclothing.com/product/%d9%85%d8%ad%d8%b5%d9%88%d9%84%d8%a7%d8%aa/%d8%aa%db%8c-%d8%b4%d8%b1%d8%aa-%da%a9%d9%84%d8%a7%d8%b3%db%8c%da%a9-%d8%b7%d8%b1%d8%ad-photographer-evolution/,http://www.ustclothing.com/wp-content/uploads/2020/06/photographer-004-1.jpg,[],[],[],[],2050000,2050000
تی شرت Oversize طرح Photographer,http://www.ustclothing.com/product/%d9%85%d8%ad%d8%b5%d9%88%d9%84%d8%a7%d8%aa/%d8%aa%db%8c-%d8%b4%d8%b1%d8%aa-oversize-%d8%b7%d8%b1%d8%ad-photographer-2/,http://www.ustclothing.com/wp-content/uploads/2020/06/photographer-003-1.jpg,[],[],[],[],2250000,2250000
تی شرت Oversize طرح Photographer,http://www.ustclothing.com/product/%d9%85%d8%ad%d8%b5%d9%88%d9%84%d8%a7%d8%aa/%d8%aa%db%8c-%d8%b4%d8%b1%d8%aa-oversize-%d8%b7%d8%b1%d8%ad-photographer/,http://www.ustclothing.com/wp-content/uploads/2020/06/photographer-001-1.jpg,[],[],[],[],2250000,2250000
تی شرت کلاسیک طرح Born to Shoot,http://www.ustclothing.com/product/%d9%85%d8%ad%d8%b5%d9%88%d9%84%d8%a7%d8%aa/%d8%aa%db%8c-%d8%b4%d8%b1%d8%aa-%da%a9%d9%84%d8%a7%d8%b3%db%8c%da%a9-%d8%b7%d8%b1%d8%ad-born-to-shoot/,http://www.ustclothing.com/wp-content/uploads/2020/06/photographer-002.jpg,[],[],[],[],2050000,2050000
"تی شرت کلاسیک طرح Relax, I’m an Engineer",http://www.ustclothing.com/product/%d9%85%d8%ad%d8%b5%d9%88%d9%84%d8%a7%d8%aa/%d8%aa%db%8c-%d8%b4%d8%b1%d8%aa-%da%a9%d9%84%d8%a7%d8%b3%db%8c%da%a9-%d8%b7%d8%b1%d8%ad-relax-im-an-engineer/,http://www.ustclothing.com/wp-content/uploads/2020/06/engineer003.jpg,[],[],[],[],2050000,2050000
تی شرت کلاسیک طرح Hunk Engineer,http://www.ustclothing.com/product/%d9%85%d8%ad%d8%b5%d9%88%d9%84%d8%a7%d8%aa/%d8%aa%db%8c-%d8%b4%d8%b1%d8%aa-%da%a9%d9%84%d8%a7%d8%b3%db%8c%da%a9-%d8%b7%d8%b1%d8%ad-hunk-engineer/,http://www.ustclothing.com/wp-content/uploads/2020/06/engineer002.jpg,[],[],[],[],2050000,2050000
تی شرت کلاسیک طرح I’m an Engineer,http://www.ustclothing.com/product/%d9%85%d8%ad%d8%b5%d9%88%d9%84%d8%a7%d8%aa/%d8%aa%db%8c-%d8%b4%d8%b1%d8%aa-%da%a9%d9%84%d8%a7%d8%b3%db%8c%da%a9-%d8%b7%d8%b1%d8%ad-im-an-engineer/,http://www.ustclothing.com/wp-content/uploads/2020/06/engineer001.jpg,[],[],[],[],2050000,2050000
تی شرت کلاسیک طرح I’m a Doctor,http://www.ustclothing.com/product/%d9%85%d8%ad%d8%b5%d9%88%d9%84%d8%a7%d8%aa/%d8%aa%db%8c-%d8%b4%d8%b1%d8%aa-%da%a9%d9%84%d8%a7%d8%b3%db%8c%da%a9-%d8%b7%d8%b1%d8%ad-im-a-doctor/,http://www.ustclothing.com/wp-content/uploads/2020/06/doctor003.jpg,[],[],[],[],2050000,2050000
تی شرت کلاسیک طرح Be Nice,http://www.ustclothing.com/product/%d9%85%d8%ad%d8%b5%d9%88%d9%84%d8%a7%d8%aa/%d8%aa%db%8c-%d8%b4%d8%b1%d8%aa-%da%a9%d9%84%d8%a7%d8%b3%db%8c%da%a9-%d8%b7%d8%b1%d8%ad-be-nice/,http://www.ustclothing.com/wp-content/uploads/2020/06/doctor-002.jpg,[],[],[],[],2050000,2050000
تی شرت کلاسیک طرح Doctor,http://www.ustclothing.com/product/%d9%85%d8%ad%d8%b5%d9%88%d9%84%d8%a7%d8%aa/%d8%aa%db%8c-%d8%b4%d8%b1%d8%aa-%da%a9%d9%84%d8%a7%d8%b3%db%8c%da%a9-%d8%b7%d8%b1%d8%ad-doctor/,http://www.ustclothing.com/wp-content/uploads/2020/06/doctor001.jpg,[],[],[],[],2050000,2050000
تی شرت Oversize طرح photoshop,http://www.ustclothing.com/product/%d9%85%d8%ad%d8%b5%d9%88%d9%84%d8%a7%d8%aa/%d8%aa%db%8c-%d8%b4%d8%b1%d8%aa-oversize-%d8%b7%d8%b1%d8%ad-photoshop/,http://www.ustclothing.com/wp-content/uploads/2020/06/designer-005.jpg,[],[],[],[],2250000,2250000
تی شرت Oversize طرح Graphist Panda,http://www.ustclothing.com/product/%d9%85%d8%ad%d8%b5%d9%88%d9%84%d8%a7%d8%aa/%d8%aa%db%8c-%d8%b4%d8%b1%d8%aa-oversize-%d8%b7%d8%b1%d8%ad-graphist-panda/,http://www.ustclothing.com/wp-content/uploads/2020/06/designer-004.jpg,[],[],[],[],2250000,2250000
تی شرت Oversize طرح Draw,http://www.ustclothing.com/product/%d9%85%d8%ad%d8%b5%d9%88%d9%84%d8%a7%d8%aa/%d8%aa%db%8c-%d8%b4%d8%b1%d8%aa-oversize-%d8%b7%d8%b1%d8%ad-draw/,http://www.ustclothing.com/wp-content/uploads/2020/06/designer-003.jpg,[],[],[],[],2250000,2250000
تی شرت Oversize طرح CMYK,http://www.ustclothing.com/product/%d9%85%d8%ad%d8%b5%d9%88%d9%84%d8%a7%d8%aa/%d8%aa%db%8c-%d8%b4%d8%b1%d8%aa-oversize-%d8%b7%d8%b1%d8%ad-cmyk/,http://www.ustclothing.com/wp-content/uploads/2020/06/designer-002.jpg,[],[],[],[],2250000,2250000
تی شرت Oversize طرح Ctrl+Z,http://www.ustclothing.com/product/%d9%85%d8%ad%d8%b5%d9%88%d9%84%d8%a7%d8%aa/%d8%aa%db%8c-%d8%b4%d8%b1%d8%aa-oversize-%d8%b7%d8%b1%d8%ad-ctrlz/,http://www.ustclothing.com/wp-content/uploads/2020/06/designer-001.jpg,[],[],[],[],2250000,2250000
تی شرت Oversize طرح Zombie,http://www.ustclothing.com/product/%d9%85%d8%ad%d8%b5%d9%88%d9%84%d8%a7%d8%aa/%d8%aa%db%8c-%d8%b4%d8%b1%d8%aa-oversize-%d8%b7%d8%b1%d8%ad-zombie/,http://www.ustclothing.com/wp-content/uploads/2020/06/horror008.jpg,[],[],[],[],2250000,2250000
تی شرت Oversize طرح Death Present,http://www.ustclothing.com/product/%d9%85%d8%ad%d8%b5%d9%88%d9%84%d8%a7%d8%aa/%d8%aa%db%8c-%d8%b4%d8%b1%d8%aa-oversize-%d8%b7%d8%b1%d8%ad-death-present/,http://www.ustclothing.com/wp-content/uploads/2020/06/horror007.jpg,[],[],[],[],2250000,2250000
تی شرت Oversize طرح Rise & Shine,http://www.ustclothing.com/product/%d9%85%d8%ad%d8%b5%d9%88%d9%84%d8%a7%d8%aa/%d8%aa%db%8c-%d8%b4%d8%b1%d8%aa-oversize-%d8%b7%d8%b1%d8%ad-rise-shine/,http://www.ustclothing.com/wp-content/uploads/2020/06/horror006.jpg,[],[],[],[],2250000,2250000
تی شرت Oversize طرح AWESOME!,http://www.ustclothing.com/product/%d9%85%d8%ad%d8%b5%d9%88%d9%84%d8%a7%d8%aa/%d8%aa%db%8c-%d8%b4%d8%b1%d8%aa-oversize-%d8%b7%d8%b1%d8%ad-awesome/,http://www.ustclothing.com/wp-content/uploads/2020/06/fun001.jpg,[],[],[],[],2250000,2250000
تی شرت Oversize طرح Fresh Milk,http://www.ustclothing.com/product/%d9%85%d8%ad%d8%b5%d9%88%d9%84%d8%a7%d8%aa/%d8%aa%db%8c-%d8%b4%d8%b1%d8%aa-oversize-%d8%b7%d8%b1%d8%ad-fresh-milk/,http://www.ustclothing.com/wp-content/uploads/2020/06/animals007.jpg,[],[],[],[],2250000,2250000
تی شرت کلاسیک طرح Candy Dog,http://www.ustclothing.com/product/%d9%85%d8%ad%d8%b5%d9%88%d9%84%d8%a7%d8%aa/%d8%aa%db%8c-%d8%b4%d8%b1%d8%aa-%da%a9%d9%84%d8%a7%d8%b3%db%8c%da%a9-%d8%b7%d8%b1%d8%ad-candy-dog/,http://www.ustclothing.com/wp-content/uploads/2020/06/animals006.jpg,[],[],[],[],2050000,2050000
تی شرت Oversize طرح Yoga,http://www.ustclothing.com/product/%d9%85%d8%ad%d8%b5%d9%88%d9%84%d8%a7%d8%aa/%d8%aa%db%8c-%d8%b4%d8%b1%d8%aa-oversize-%d8%b7%d8%b1%d8%ad-yoga-2/,http://www.ustclothing.com/wp-content/uploads/2020/06/yoga004-1.png,[],[],[],[],2250000,2250000
تی شرت Oversize طرح Namaste,http://www.ustclothing.com/product/%d9%85%d8%ad%d8%b5%d9%88%d9%84%d8%a7%d8%aa/%d8%aa%db%8c-%d8%b4%d8%b1%d8%aa-oversize-%d8%b7%d8%b1%d8%ad-namaste/,http://www.ustclothing.com/wp-content/uploads/2020/06/yoga003-1.png,[],[],[],[],2250000,2250000
تی شرت کلاسیک طرح Bonsai,http://www.ustclothing.com/product/%d9%85%d8%ad%d8%b5%d9%88%d9%84%d8%a7%d8%aa/%d8%aa%db%8c-%d8%b4%d8%b1%d8%aa-%da%a9%d9%84%d8%a7%d8%b3%db%8c%da%a9-%d8%b7%d8%b1%d8%ad-bonsai/,http://www.ustclothing.com/wp-content/uploads/2020/06/yoga002-1.png,[],[],[],[],2050000,2050000
تی شرت کلاسیک طرح yoga cat,http://www.ustclothing.com/product/%d9%85%d8%ad%d8%b5%d9%88%d9%84%d8%a7%d8%aa/%d8%aa%db%8c-%d8%b4%d8%b1%d8%aa-%da%a9%d9%84%d8%a7%d8%b3%db%8c%da%a9-%d8%b7%d8%b1%d8%ad-yoga-cat/,http://www.ustclothing.com/wp-content/uploads/2020/06/yoga001-1.png,[],[],[],[],2050000,2050000
تی شرت Oversize طرح Relax. Nothing Under Control,http://www.ustclothing.com/product/%d9%85%d8%ad%d8%b5%d9%88%d9%84%d8%a7%d8%aa/%d8%aa%db%8c-%d8%b4%d8%b1%d8%aa-oversize-%d8%b7%d8%b1%d8%ad-relax-nothing-under-control/,http://www.ustclothing.com/wp-content/uploads/2020/06/text008.jpg,[],[],[],[],2250000,2250000
تی شرت Oversize طرح Ha.,http://www.ustclothing.com/product/%d9%85%d8%ad%d8%b5%d9%88%d9%84%d8%a7%d8%aa/%d8%aa%db%8c-%d8%b4%d8%b1%d8%aa-oversize-%d8%b7%d8%b1%d8%ad-ha/,http://www.ustclothing.com/wp-content/uploads/2020/06/text007-.jpg,[],[],[],[],2250000,2250000
تی شرت کلاسیک طرح TEXT,http://www.ustclothing.com/product/%d9%85%d8%ad%d8%b5%d9%88%d9%84%d8%a7%d8%aa/%d8%aa%db%8c-%d8%b4%d8%b1%d8%aa-%da%a9%d9%84%d8%a7%d8%b3%db%8c%da%a9-%d8%b7%d8%b1%d8%ad-text-2/,http://www.ustclothing.com/wp-content/uploads/2020/06/text006.jpg,[],[],[],[],2050000,2050000
تی شرت کلاسیک طرح TEXT,http://www.ustclothing.com/product/%d9%85%d8%ad%d8%b5%d9%88%d9%84%d8%a7%d8%aa/%d8%aa%db%8c-%d8%b4%d8%b1%d8%aa-%da%a9%d9%84%d8%a7%d8%b3%db%8c%da%a9-%d8%b7%d8%b1%d8%ad-text/,http://www.ustclothing.com/wp-content/uploads/2020/06/text005.jpg,[],[],[],[],2050000,2050000
تی شرت Oversize طرح Stay Focused,http://www.ustclothing.com/product/%d9%85%d8%ad%d8%b5%d9%88%d9%84%d8%a7%d8%aa/%d8%aa%db%8c-%d8%b4%d8%b1%d8%aa-oversize-%d8%b7%d8%b1%d8%ad-stay-focused/,http://www.ustclothing.com/wp-content/uploads/2020/06/text004.jpg,[],[],[],[],2250000,2250000
تی شرت Oversize طرح Stay Strong,http://www.ustclothing.com/product/%d9%85%d8%ad%d8%b5%d9%88%d9%84%d8%a7%d8%aa/%d8%aa%db%8c-%d8%b4%d8%b1%d8%aa-oversize-%d8%b7%d8%b1%d8%ad-stay-strong/,http://www.ustclothing.com/wp-content/uploads/2020/06/text003.jpg,[],[],[],[],2250000,2250000
تی شرت Oversize طرح What the …,http://www.ustclothing.com/product/%d9%85%d8%ad%d8%b5%d9%88%d9%84%d8%a7%d8%aa/%d8%aa%db%8c-%d8%b4%d8%b1%d8%aa-oversize-%d8%b7%d8%b1%d8%ad-what-the/,http://www.ustclothing.com/wp-content/uploads/2020/06/text002.jpg,[],[],[],[],2250000,2250000
تی شرت Oversize طرح Stupid People,http://www.ustclothing.com/product/%d9%85%d8%ad%d8%b5%d9%88%d9%84%d8%a7%d8%aa/%d8%aa%db%8c-%d8%b4%d8%b1%d8%aa-oversize-%d8%b7%d8%b1%d8%ad-stupid-people/,http://www.ustclothing.com/wp-content/uploads/2020/06/text001-1.png,[],[],[],[],2250000,2250000
تی شرت Oversize طرح piece of Space,http://www.ustclothing.com/product/%d9%85%d8%ad%d8%b5%d9%88%d9%84%d8%a7%d8%aa/%d8%aa%db%8c-%d8%b4%d8%b1%d8%aa-oversize-%d8%b7%d8%b1%d8%ad-piece-of-space/,http://www.ustclothing.com/wp-content/uploads/2020/06/space009.jpg,[],[],[],[],2250000,2250000
تی شرت Oversize طرح Alien,http://www.ustclothing.com/product/%d9%85%d8%ad%d8%b5%d9%88%d9%84%d8%a7%d8%aa/%d8%aa%db%8c-%d8%b4%d8%b1%d8%aa-oversize-%d8%b7%d8%b1%d8%ad-alien/,http://www.ustclothing.com/wp-content/uploads/2020/06/space008.jpg,[],[],[],[],2250000,2250000
تی شرت Oversize طرح space man,http://www.ustclothing.com/product/%d9%85%d8%ad%d8%b5%d9%88%d9%84%d8%a7%d8%aa/%d8%aa%db%8c-%d8%b4%d8%b1%d8%aa-oversize-%d8%b7%d8%b1%d8%ad-space-man/,http://www.ustclothing.com/wp-content/uploads/2020/06/space007-.jpg,[],[],[],[],2250000,2250000
تی شرت Oversize طرح Up There,http://www.ustclothing.com/product/%d9%85%d8%ad%d8%b5%d9%88%d9%84%d8%a7%d8%aa/%d8%aa%db%8c-%d8%b4%d8%b1%d8%aa-oversize-%d8%b7%d8%b1%d8%ad-up-there/,http://www.ustclothing.com/wp-content/uploads/2020/06/space006.jpg,[],[],[],[],2250000,2250000
تی شرت Oversize طرح fishman,http://www.ustclothing.com/product/%d9%85%d8%ad%d8%b5%d9%88%d9%84%d8%a7%d8%aa/%d8%aa%db%8c-%d8%b4%d8%b1%d8%aa-oversize-%d8%b7%d8%b1%d8%ad-fishman/,http://www.ustclothing.com/wp-content/uploads/2020/06/space005-.jpg,[],[],[],[],2250000,2250000
تی شرت Oversize طرح space view,http://www.ustclothing.com/product/%d9%85%d8%ad%d8%b5%d9%88%d9%84%d8%a7%d8%aa/%d8%aa%db%8c-%d8%b4%d8%b1%d8%aa-oversize-%d8%b7%d8%b1%d8%ad-space-view/,http://www.ustclothing.com/wp-content/uploads/2020/06/space004.jpg,[],[],[],[],2250000,2250000
تی شرت کلاسیک طرح Space,http://www.ustclothing.com/product/%d9%85%d8%ad%d8%b5%d9%88%d9%84%d8%a7%d8%aa/%d8%aa%db%8c-%d8%b4%d8%b1%d8%aa-%da%a9%d9%84%d8%a7%d8%b3%db%8c%da%a9-%d8%b7%d8%b1%d8%ad-space/,http://www.ustclothing.com/wp-content/uploads/2020/06/space003-1.png,[],[],[],[],2050000,2050000
تی شرت کلاسیک طرح Space ON,http://www.ustclothing.com/product/%d9%85%d8%ad%d8%b5%d9%88%d9%84%d8%a7%d8%aa/%d8%aa%db%8c-%d8%b4%d8%b1%d8%aa-%da%a9%d9%84%d8%a7%d8%b3%db%8c%da%a9-%d8%b7%d8%b1%d8%ad-space-on/,http://www.ustclothing.com/wp-content/uploads/2020/06/space002-1.png,[],[],[],[],2050000,2050000
تی شرت کلاسیک طرح space baloon,http://www.ustclothing.com/product/%d9%85%d8%ad%d8%b5%d9%88%d9%84%d8%a7%d8%aa/%d8%aa%db%8c-%d8%b4%d8%b1%d8%aa-%da%a9%d9%84%d8%a7%d8%b3%db%8c%da%a9-%d8%b7%d8%b1%d8%ad-space-baloon/,http://www.ustclothing.com/wp-content/uploads/2020/06/space001-1.png,[],[],[],[],2050000,2050000
تی شرت Oversize طرح اسکی,http://www.ustclothing.com/product/%d9%85%d8%ad%d8%b5%d9%88%d9%84%d8%a7%d8%aa/%d8%aa%db%8c-%d8%b4%d8%b1%d8%aa-oversize-%d8%b7%d8%b1%d8%ad-%d8%a7%d8%b3%da%a9%db%8c-2/,http://www.ustclothing.com/wp-content/uploads/2020/06/sports0004.jpg,[],[],[],[],2250000,2250000
تی شرت Oversize طرح اسکی,http://www.ustclothing.com/product/%d9%85%d8%ad%d8%b5%d9%88%d9%84%d8%a7%d8%aa/%d8%aa%db%8c-%d8%b4%d8%b1%d8%aa-oversize-%d8%b7%d8%b1%d8%ad-%d8%a7%d8%b3%da%a9%db%8c/,http://www.ustclothing.com/wp-content/uploads/2020/06/sports0003.jpg,[],[],[],[],2250000,2250000
تی شرت دخترانه طرح گربه,http://www.ustclothing.com/product/%d9%85%d8%ad%d8%b5%d9%88%d9%84%d8%a7%d8%aa/%d8%aa%db%8c-%d8%b4%d8%b1%d8%aa-%d8%af%d8%ae%d8%aa%d8%b1%d8%a7%d9%86%d9%87-%d8%b7%d8%b1%d8%ad-%da%af%d8%b1%d8%a8%d9%87/,http://www.ustclothing.com/wp-content/uploads/2020/06/animals005-1.png,[],[],[],[],1470000,1470000
تی شرت کلاسیک طرح جغد,http://www.ustclothing.com/product/%d9%85%d8%ad%d8%b5%d9%88%d9%84%d8%a7%d8%aa/%d8%aa%db%8c-%d8%b4%d8%b1%d8%aa-%da%a9%d9%84%d8%a7%d8%b3%db%8c%da%a9-%d8%b7%d8%b1%d8%ad-%d8%ac%d8%ba%d8%af-2/,http://www.ustclothing.com/wp-content/uploads/2020/06/animals004-1.png,[],[],[],[],2050000,2050000
تی شرت دخترانه طرح سگ,http://www.ustclothing.com/product/%d9%85%d8%ad%d8%b5%d9%88%d9%84%d8%a7%d8%aa/%d8%aa%db%8c-%d8%b4%d8%b1%d8%aa-%d8%af%d8%ae%d8%aa%d8%b1%d8%a7%d9%86%d9%87-%d8%b7%d8%b1%d8%ad-%d8%b3%da%af/,http://www.ustclothing.com/wp-content/uploads/2020/06/animals003-1.png,[],[],[],[],1470000,1470000
تی شرت کلاسیک طرح خرس,http://www.ustclothing.com/product/%d9%85%d8%ad%d8%b5%d9%88%d9%84%d8%a7%d8%aa/%d8%aa%db%8c-%d8%b4%d8%b1%d8%aa-%da%a9%d9%84%d8%a7%d8%b3%db%8c%da%a9-%d8%b7%d8%b1%d8%ad-%d8%ae%d8%b1%d8%b3/,http://www.ustclothing.com/wp-content/uploads/2020/06/animals002-1.png,[],[],[],[],2050000,2050000
تی شرت کلاسیک طرح جغد,http://www.ustclothing.com/product/%d9%85%d8%ad%d8%b5%d9%88%d9%84%d8%a7%d8%aa/%d8%aa%db%8c-%d8%b4%d8%b1%d8%aa-%da%a9%d9%84%d8%a7%d8%b3%db%8c%da%a9-%d8%b7%d8%b1%d8%ad-%d8%ac%d8%ba%d8%af/,http://www.ustclothing.com/wp-content/uploads/2020/06/animals001-1.png,[],[],[],[],2050000,2050000
تی شرت کلاسیک طرح WALL-E,http://www.ustclothing.com/product/%d9%85%d8%ad%d8%b5%d9%88%d9%84%d8%a7%d8%aa/%d8%aa%db%8c-%d8%b4%d8%b1%d8%aa-%da%a9%d9%84%d8%a7%d8%b3%db%8c%da%a9-%d8%b7%d8%b1%d8%ad-wall-e/,http://www.ustclothing.com/wp-content/uploads/2020/06/movies0012-1.png,[],[],[],[],2050000,2050000
تی شرت Oversize طرح walking dead,http://www.ustclothing.com/product/%d9%85%d8%ad%d8%b5%d9%88%d9%84%d8%a7%d8%aa/%d8%aa%db%8c-%d8%b4%d8%b1%d8%aa-oversize-%d8%b7%d8%b1%d8%ad-walking-dead-2/,http://www.ustclothing.com/wp-content/uploads/2020/06/movies0011-.png,[],[],[],[],2250000,2250000
تی شرت Oversize طرح walking dead,http://www.ustclothing.com/product/%d9%85%d8%ad%d8%b5%d9%88%d9%84%d8%a7%d8%aa/%d8%aa%db%8c-%d8%b4%d8%b1%d8%aa-oversize-%d8%b7%d8%b1%d8%ad-walking-dead/,http://www.ustclothing.com/wp-content/uploads/2020/06/movies0010-.png,[],[],[],[],2250000,2250000
تی شرت Oversize طرح Breaking Bad,http://www.ustclothing.com/product/%d9%85%d8%ad%d8%b5%d9%88%d9%84%d8%a7%d8%aa/%d8%aa%db%8c-%d8%b4%d8%b1%d8%aa-oversize-%d8%b7%d8%b1%d8%ad-breaking-bad/,http://www.ustclothing.com/wp-content/uploads/2020/06/movies0009-.png,[],[],[],[],2250000,2250000
تی شرت کلاسیک طرح breaking bad,http://www.ustclothing.com/product/%d9%85%d8%ad%d8%b5%d9%88%d9%84%d8%a7%d8%aa/%d8%aa%db%8c-%d8%b4%d8%b1%d8%aa-%da%a9%d9%84%d8%a7%d8%b3%db%8c%da%a9-%d8%b7%d8%b1%d8%ad-breaking-bad/,http://www.ustclothing.com/wp-content/uploads/2020/06/movies0008-.png,[],[],[],[],2050000,2050000
تی شرت Oversize طرح Rick & Morty,http://www.ustclothing.com/product/%d9%85%d8%ad%d8%b5%d9%88%d9%84%d8%a7%d8%aa/%d8%aa%db%8c-%d8%b4%d8%b1%d8%aa-oversize-%d8%b7%d8%b1%d8%ad-rick-morty-3/,http://www.ustclothing.com/wp-content/uploads/2020/06/movies0005-.png,[],[],[],[],2250000,2250000
تی شرت Oversize طرح Rick & Morty,http://www.ustclothing.com/product/%d9%85%d8%ad%d8%b5%d9%88%d9%84%d8%a7%d8%aa/%d8%aa%db%8c-%d8%b4%d8%b1%d8%aa-oversize-%d8%b7%d8%b1%d8%ad-rick-morty-2/,http://www.ustclothing.com/wp-content/uploads/2020/06/movies0004-.png,[],[],[],[],2250000,2250000
تی شرت Oversize طرح Rick & Morty,http://www.ustclothing.com/product/%d9%85%d8%ad%d8%b5%d9%88%d9%84%d8%a7%d8%aa/%d8%aa%db%8c-%d8%b4%d8%b1%d8%aa-oversize-%d8%b7%d8%b1%d8%ad-rick-morty/,http://www.ustclothing.com/wp-content/uploads/2020/06/movies0003-.png,[],[],[],[],2250000,2250000
تی شرت Oversize طرح Joker,http://www.ustclothing.com/product/%d9%85%d8%ad%d8%b5%d9%88%d9%84%d8%a7%d8%aa/%d8%aa%db%8c-%d8%b4%d8%b1%d8%aa-oversize-%d8%b7%d8%b1%d8%ad-joker/,http://www.ustclothing.com/wp-content/uploads/2020/06/movies0002-.png,[],[],[],[],2250000,2250000
تی شرت Oversize طرح Don’t Fear,http://www.ustclothing.com/product/%d9%85%d8%ad%d8%b5%d9%88%d9%84%d8%a7%d8%aa/%d8%aa%db%8c-%d8%b4%d8%b1%d8%aa-oversize-%d8%b7%d8%b1%d8%ad-dont-fear/,http://www.ustclothing.com/wp-content/uploads/2020/06/horror005-1.png,[],[],[],[],2250000,2250000
تی شرت Oversize طرح Zombies,http://www.ustclothing.com/product/%d9%85%d8%ad%d8%b5%d9%88%d9%84%d8%a7%d8%aa/%d8%aa%db%8c-%d8%b4%d8%b1%d8%aa-oversize-%d8%b7%d8%b1%d8%ad-zombies/,http://www.ustclothing.com/wp-content/uploads/2020/06/horror004-1.png,[],[],[],[],2250000,2250000
تی شرت کلاسیک طرح IT,http://www.ustclothing.com/product/%d9%85%d8%ad%d8%b5%d9%88%d9%84%d8%a7%d8%aa/%d8%aa%db%8c-%d8%b4%d8%b1%d8%aa-%da%a9%d9%84%d8%a7%d8%b3%db%8c%da%a9-%d8%b7%d8%b1%d8%ad-it/,http://www.ustclothing.com/wp-content/uploads/2020/06/horror003-1.png,[],[],[],[],2050000,2050000
تی شرت کلاسیک طرح Monster,http://www.ustclothing.com/product/%d9%85%d8%ad%d8%b5%d9%88%d9%84%d8%a7%d8%aa/%d8%aa%db%8c-%d8%b4%d8%b1%d8%aa-%da%a9%d9%84%d8%a7%d8%b3%db%8c%da%a9-%d8%b7%d8%b1%d8%ad-monster/,http://www.ustclothing.com/wp-content/uploads/2020/06/horror002-1.png,[],[],[],[],2050000,2050000
تی شرت Oversize طرح Floral Skull,http://www.ustclothing.com/product/%d9%85%d8%ad%d8%b5%d9%88%d9%84%d8%a7%d8%aa/%d8%aa%db%8c-%d8%b4%d8%b1%d8%aa-oversize-%d8%b7%d8%b1%d8%ad-floral-skull/,http://www.ustclothing.com/wp-content/uploads/2020/06/horror001-1.png,[],[],[],[],2250000,2250000
تی شرت Oversize طرح Gang,http://www.ustclothing.com/product/%d9%85%d8%ad%d8%b5%d9%88%d9%84%d8%a7%d8%aa/%d8%aa%db%8c-%d8%b4%d8%b1%d8%aa-oversize-%d8%b7%d8%b1%d8%ad-gang-4/,http://www.ustclothing.com/wp-content/uploads/2020/06/gang009-1.png,[],[],[],[],2250000,2250000
تی شرت Oversize طرح Eagle,http://www.ustclothing.com/product/%d9%85%d8%ad%d8%b5%d9%88%d9%84%d8%a7%d8%aa/%d8%aa%db%8c-%d8%b4%d8%b1%d8%aa-oversize-%d8%b7%d8%b1%d8%ad-eagle/,http://www.ustclothing.com/wp-content/uploads/2020/06/gang008-1.png,[],[],[],[],2250000,2250000
تی شرت Oversize طرح Anchor,http://www.ustclothing.com/product/%d9%85%d8%ad%d8%b5%d9%88%d9%84%d8%a7%d8%aa/%d8%aa%db%8c-%d8%b4%d8%b1%d8%aa-oversize-%d8%b7%d8%b1%d8%ad-anchor/,http://www.ustclothing.com/wp-content/uploads/2020/06/gang007-1.png,[],[],[],[],2250000,2250000
تی شرت Oversize طرح Gang,http://www.ustclothing.com/product/%d9%85%d8%ad%d8%b5%d9%88%d9%84%d8%a7%d8%aa/%d8%aa%db%8c-%d8%b4%d8%b1%d8%aa-oversize-%d8%b7%d8%b1%d8%ad-gang-3/,http://www.ustclothing.com/wp-content/uploads/2020/06/gang006-1.png,[],[],[],[],2250000,2250000
تی شرت Oversize طرح Gang,http://www.ustclothing.com/product/%d9%85%d8%ad%d8%b5%d9%88%d9%84%d8%a7%d8%aa/%d8%aa%db%8c-%d8%b4%d8%b1%d8%aa-oversize-%d8%b7%d8%b1%d8%ad-gang-2/,http://www.ustclothing.com/wp-content/uploads/2020/06/gang005-1.png,[],[],[],[],2250000,2250000
تی شرت Oversize طرح Gang,http://www.ustclothing.com/product/%d9%85%d8%ad%d8%b5%d9%88%d9%84%d8%a7%d8%aa/%d8%aa%db%8c-%d8%b4%d8%b1%d8%aa-oversize-%d8%b7%d8%b1%d8%ad-gang/,http://www.ustclothing.com/wp-content/uploads/2020/06/gang004-1.png,[],[],[],[],2250000,2250000
تی شرت کلاسیک طرح Roma,http://www.ustclothing.com/product/%d9%85%d8%ad%d8%b5%d9%88%d9%84%d8%a7%d8%aa/%d8%aa%db%8c-%d8%b4%d8%b1%d8%aa-%da%a9%d9%84%d8%a7%d8%b3%db%8c%da%a9-%d8%b7%d8%b1%d8%ad-roma/,http://www.ustclothing.com/wp-content/uploads/2020/06/gang002-1.png,[],[],[],[],2050000,2050000
تی شرت کلاسیک طرح Beer Clan,http://www.ustclothing.com/product/%d9%85%d8%ad%d8%b5%d9%88%d9%84%d8%a7%d8%aa/%d8%aa%db%8c-%d8%b4%d8%b1%d8%aa-%da%a9%d9%84%d8%a7%d8%b3%db%8c%da%a9-%d8%b7%d8%b1%d8%ad-beer-clan/,http://www.ustclothing.com/wp-content/uploads/2020/06/gang001-1.png,[],[],[],[],2050000,2050000
تی شرت Oversize طرح Skullfly,http://www.ustclothing.com/product/%d9%85%d8%ad%d8%b5%d9%88%d9%84%d8%a7%d8%aa/%d8%aa%db%8c-%d8%b4%d8%b1%d8%aa-oversize-%d8%b7%d8%b1%d8%ad-skullfly/,http://www.ustclothing.com/wp-content/uploads/2020/06/gang003-1.png,[],[],[],[],2250000,2250000
تی شرت Oversize طرح God of War,http://www.ustclothing.com/product/%d9%85%d8%ad%d8%b5%d9%88%d9%84%d8%a7%d8%aa/%d8%aa%db%8c-%d8%b4%d8%b1%d8%aa-oversize-%d8%b7%d8%b1%d8%ad-god-of-war/,http://www.ustclothing.com/wp-content/uploads/2020/06/game0014-1.png,[],[],[],[],2250000,2250000
تی شرت Oversize طرح Assassin’s Creed,http://www.ustclothing.com/product/%d9%85%d8%ad%d8%b5%d9%88%d9%84%d8%a7%d8%aa/%d8%aa%db%8c-%d8%b4%d8%b1%d8%aa-oversize-%d8%b7%d8%b1%d8%ad-rainbow-six-siege/,http://www.ustclothing.com/wp-content/uploads/2020/06/game0013-.png,[],[],[],[],2250000,2250000
تی شرت Oversize طرح The Last of Us,http://www.ustclothing.com/product/%d9%85%d8%ad%d8%b5%d9%88%d9%84%d8%a7%d8%aa/%d8%aa%db%8c-%d8%b4%d8%b1%d8%aa-oversize-%d8%b7%d8%b1%d8%ad-the-last-of-us-4/,http://www.ustclothing.com/wp-content/uploads/2020/06/lash-copy-4.png,[],[],[],[],2250000,2250000
تی شرت Oversize طرح The Last of Us,http://www.ustclothing.com/product/%d9%85%d8%ad%d8%b5%d9%88%d9%84%d8%a7%d8%aa/%d8%aa%db%8c-%d8%b4%d8%b1%d8%aa-oversize-%d8%b7%d8%b1%d8%ad-the-last-of-us-3/,http://www.ustclothing.com/wp-content/uploads/2020/06/lash-copy-3.png,[],[],[],[],2250000,2250000
تی شرت Oversize طرح The Last of Us,http://www.ustclothing.com/product/%d9%85%d8%ad%d8%b5%d9%88%d9%84%d8%a7%d8%aa/%d8%aa%db%8c-%d8%b4%d8%b1%d8%aa-oversize-%d8%b7%d8%b1%d8%ad-the-last-of-us-2/,http://www.ustclothing.com/wp-content/uploads/2020/06/lash-copy-2.png,[],[],[],[],2250000,2250000
تی شرت کلاسیک طرح The Last of Us,http://www.ustclothing.com/product/%d9%85%d8%ad%d8%b5%d9%88%d9%84%d8%a7%d8%aa/%d8%aa%db%8c-%d8%b4%d8%b1%d8%aa-%da%a9%d9%84%d8%a7%d8%b3%db%8c%da%a9-%d8%b7%d8%b1%d8%ad-the-last-of-us-2/,http://www.ustclothing.com/wp-content/uploads/2020/06/koli-copy-4.png,[],[],[],[],2050000,2050000
تی شرت کلاسیک طرح The Last of Us,http://www.ustclothing.com/product/%d9%85%d8%ad%d8%b5%d9%88%d9%84%d8%a7%d8%aa/%d8%aa%db%8c-%d8%b4%d8%b1%d8%aa-%da%a9%d9%84%d8%a7%d8%b3%db%8c%da%a9-%d8%b7%d8%b1%d8%ad-the-last-of-us/,http://www.ustclothing.com/wp-content/uploads/2020/06/koli-copy-3.png,[],[],[],[],2050000,2050000
تی شرت Oversize طرح The Last of Us,http://www.ustclothing.com/product/%d9%85%d8%ad%d8%b5%d9%88%d9%84%d8%a7%d8%aa/%d8%aa%db%8c-%d8%b4%d8%b1%d8%aa-oversize-%d8%b7%d8%b1%d8%ad-the-last-of-us/,http://www.ustclothing.com/wp-content/uploads/2020/06/lash-copy6.png,[],[],[],[],2250000,2250000
تی شرت Oversize طرح Fortnite,http://www.ustclothing.com/product/%d9%85%d8%ad%d8%b5%d9%88%d9%84%d8%a7%d8%aa/%d8%aa%db%8c-%d8%b4%d8%b1%d8%aa-oversize-%d8%b7%d8%b1%d8%ad-fortnite-2/,http://www.ustclothing.com/wp-content/uploads/2020/06/lash-copy-1.png,[],[],[],[],2250000,2250000
تی شرت Oversize طرح Fortnite,http://www.ustclothing.com/product/%d9%85%d8%ad%d8%b5%d9%88%d9%84%d8%a7%d8%aa/%d8%aa%db%8c-%d8%b4%d8%b1%d8%aa-oversize-%d8%b7%d8%b1%d8%ad-fortnite/,http://www.ustclothing.com/wp-content/uploads/2020/06/lash-copy.png,[],[],[],[],2250000,2250000
تی شرت کلاسیک طرح Fortnite,http://www.ustclothing.com/product/%d9%85%d8%ad%d8%b5%d9%88%d9%84%d8%a7%d8%aa/%d8%aa%db%8c-%d8%b4%d8%b1%d8%aa-%da%a9%d9%84%d8%a7%d8%b3%db%8c%da%a9-%d8%b7%d8%b1%d8%ad-fortnite-3/,http://www.ustclothing.com/wp-content/uploads/2020/06/koli-copy-2.png,[],[],[],[],2050000,2050000
تی شرت کلاسیک طرح Fortnite,http://www.ustclothing.com/product/%d9%85%d8%ad%d8%b5%d9%88%d9%84%d8%a7%d8%aa/%d8%aa%db%8c-%d8%b4%d8%b1%d8%aa-%da%a9%d9%84%d8%a7%d8%b3%db%8c%da%a9-%d8%b7%d8%b1%d8%ad-fortnite-2/,http://www.ustclothing.com/wp-content/uploads/2020/06/koli-copy-1.png,[],[],[],[],2050000,2050000
تی شرت کلاسیک طرح Fortnite,http://www.ustclothing.com/product/%d9%85%d8%ad%d8%b5%d9%88%d9%84%d8%a7%d8%aa/%d8%aa%db%8c-%d8%b4%d8%b1%d8%aa-%da%a9%d9%84%d8%a7%d8%b3%db%8c%da%a9-%d8%b7%d8%b1%d8%ad-fortnite/,http://www.ustclothing.com/wp-content/uploads/2020/06/koli-copy.png,[],[],[],[],2050000,2050000
تی شرت Oversize طرح Bed Time!,http://www.ustclothing.com/product/%d9%85%d8%ad%d8%b5%d9%88%d9%84%d8%a7%d8%aa/%d8%aa%db%8c-%d8%b4%d8%b1%d8%aa-oversize-%d8%b7%d8%b1%d8%ad-bed-time/,http://www.ustclothing.com/wp-content/uploads/2020/06/gamer008-1.png,[],[],[],[],2250000,2250000
تی شرت Oversize طرح ESGR,http://www.ustclothing.com/product/%d9%85%d8%ad%d8%b5%d9%88%d9%84%d8%a7%d8%aa/%d8%aa%db%8c-%d8%b4%d8%b1%d8%aa-oversize-%d8%b7%d8%b1%d8%ad-esgr/,http://www.ustclothing.com/wp-content/uploads/2020/06/gamer007-1.png,[],[],[],[],2250000,2250000
تی شرت Oversize طرح DAD LEVEL,http://www.ustclothing.com/product/%d9%85%d8%ad%d8%b5%d9%88%d9%84%d8%a7%d8%aa/%d8%aa%db%8c-%d8%b4%d8%b1%d8%aa-oversize-%d8%b7%d8%b1%d8%ad-dad-level/,http://www.ustclothing.com/wp-content/uploads/2020/06/gamer006-1.png,[],[],[],[],2250000,2250000
تی شرت Oversize طرح Gamer Zone,http://www.ustclothing.com/product/%d9%85%d8%ad%d8%b5%d9%88%d9%84%d8%a7%d8%aa/%d8%aa%db%8c-%d8%b4%d8%b1%d8%aa-oversize-%d8%b7%d8%b1%d8%ad-gamer-zone/,http://www.ustclothing.com/wp-content/uploads/2020/06/gamer005-1.png,[],[],[],[],2250000,2250000
تی شرت Oversize طرح Gamer,http://www.ustclothing.com/product/%d9%85%d8%ad%d8%b5%d9%88%d9%84%d8%a7%d8%aa/%d8%aa%db%8c-%d8%b4%d8%b1%d8%aa-oversize-%d8%b7%d8%b1%d8%ad-gamer/,http://www.ustclothing.com/wp-content/uploads/2020/06/gamer004-1.png,[],[],[],[],2250000,2250000
تی شرت کلاسیک طرح Loading,http://www.ustclothing.com/product/%d9%85%d8%ad%d8%b5%d9%88%d9%84%d8%a7%d8%aa/%d8%aa%db%8c-%d8%b4%d8%b1%d8%aa-%da%a9%d9%84%d8%a7%d8%b3%db%8c%da%a9-%d8%b7%d8%b1%d8%ad-loading/,http://www.ustclothing.com/wp-content/uploads/2020/06/gamer003-2.png,[],[],[],[],2050000,2050000
تی شرت دخترانه طرح Gamer,http://www.ustclothing.com/product/%d9%85%d8%ad%d8%b5%d9%88%d9%84%d8%a7%d8%aa/%d8%aa%db%8c-%d8%b4%d8%b1%d8%aa-%d8%af%d8%ae%d8%aa%d8%b1%d8%a7%d9%86%d9%87-%d8%b7%d8%b1%d8%ad-gamer/,http://www.ustclothing.com/wp-content/uploads/2020/06/gamer002-1.png,[],[],[],[],1470000,1470000
تی شرت کلاسیک طرح Gamer,http://www.ustclothing.com/product/%d9%85%d8%ad%d8%b5%d9%88%d9%84%d8%a7%d8%aa/%d8%aa%db%8c-%d8%b4%d8%b1%d8%aa-%da%a9%d9%84%d8%a7%d8%b3%db%8c%da%a9-%d8%b7%d8%b1%d8%ad-gamer/,http://www.ustclothing.com/wp-content/uploads/2020/06/gamer001-1.png,[],[],[],[],2050000,2050000
تی شرت کلاسیک طرح Pizza Night,http://www.ustclothing.com/product/%d9%85%d8%ad%d8%b5%d9%88%d9%84%d8%a7%d8%aa/%d8%aa%db%8c-%d8%b4%d8%b1%d8%aa-%da%a9%d9%84%d8%a7%d8%b3%db%8c%da%a9-%d8%b7%d8%b1%d8%ad-pizza-night/,http://www.ustclothing.com/wp-content/uploads/2020/06/food04-1.png,[],[],[],[],2050000,2050000
تی شرت کلاسیک طرح Ocean Cream,http://www.ustclothing.com/product/%d9%85%d8%ad%d8%b5%d9%88%d9%84%d8%a7%d8%aa/%d8%aa%db%8c-%d8%b4%d8%b1%d8%aa-%da%a9%d9%84%d8%a7%d8%b3%db%8c%da%a9-%d8%b7%d8%b1%d8%ad-ocean-cream/,http://www.ustclothing.com/wp-content/uploads/2020/06/food03-1.png,[],[],[],[],2050000,2050000
تی شرت کلاسیک طرح Aliens!,http://www.ustclothing.com/product/%d9%85%d8%ad%d8%b5%d9%88%d9%84%d8%a7%d8%aa/%d8%aa%db%8c-%d8%b4%d8%b1%d8%aa-%da%a9%d9%84%d8%a7%d8%b3%db%8c%da%a9-%d8%b7%d8%b1%d8%ad-aliens/,http://www.ustclothing.com/wp-content/uploads/2020/06/food02-1.png,[],[],[],[],2050000,2050000
تی شرت کلاسیک طرح Cold Pizza,http://www.ustclothing.com/product/%d9%85%d8%ad%d8%b5%d9%88%d9%84%d8%a7%d8%aa/%d8%aa%db%8c-%d8%b4%d8%b1%d8%aa-%da%a9%d9%84%d8%a7%d8%b3%db%8c%da%a9-%d8%b7%d8%b1%d8%ad-cold-pizza/,http://www.ustclothing.com/wp-content/uploads/2020/06/food01-2.png,[],[],[],[],2050000,2050000
تی شرت Oversize طرح بسکتبال,http://www.ustclothing.com/product/%d9%85%d8%ad%d8%b5%d9%88%d9%84%d8%a7%d8%aa/%d8%aa%db%8c-%d8%b4%d8%b1%d8%aa-oversize-%d8%b7%d8%b1%d8%ad-%d8%a8%d8%b3%da%a9%d8%aa%d8%a8%d8%a7%d9%84-7/,http://www.ustclothing.com/wp-content/uploads/2020/06/basket07-1.png,[],[],[],[],2250000,2250000
تی شرت Oversize طرح بسکتبال,http://www.ustclothing.com/product/%d9%85%d8%ad%d8%b5%d9%88%d9%84%d8%a7%d8%aa/%d8%aa%db%8c-%d8%b4%d8%b1%d8%aa-oversize-%d8%b7%d8%b1%d8%ad-%d8%a8%d8%b3%da%a9%d8%aa%d8%a8%d8%a7%d9%84-6/,http://www.ustclothing.com/wp-content/uploads/2020/06/basket06-1.png,[],[],[],[],2250000,2250000
تی شرت Oversize طرح بسکتبال,http://www.ustclothing.com/product/%d9%85%d8%ad%d8%b5%d9%88%d9%84%d8%a7%d8%aa/%d8%aa%db%8c-%d8%b4%d8%b1%d8%aa-oversize-%d8%b7%d8%b1%d8%ad-%d8%a8%d8%b3%da%a9%d8%aa%d8%a8%d8%a7%d9%84-5/,http://www.ustclothing.com/wp-content/uploads/2020/06/basket05-1.png,[],[],[],[],2250000,2250000
تی شرت Oversize طرح بسکتبال,http://www.ustclothing.com/product/%d9%85%d8%ad%d8%b5%d9%88%d9%84%d8%a7%d8%aa/%d8%aa%db%8c-%d8%b4%d8%b1%d8%aa-oversize-%d8%b7%d8%b1%d8%ad-%d8%a8%d8%b3%da%a9%d8%aa%d8%a8%d8%a7%d9%84-4/,http://www.ustclothing.com/wp-content/uploads/2020/06/basket04-1.png,[],[],[],[],2250000,2250000
تی شرت Oversize طرح بسکتبال,http://www.ustclothing.com/product/%d9%85%d8%ad%d8%b5%d9%88%d9%84%d8%a7%d8%aa/%d8%aa%db%8c-%d8%b4%d8%b1%d8%aa-oversize-%d8%b7%d8%b1%d8%ad-%d8%a8%d8%b3%da%a9%d8%aa%d8%a8%d8%a7%d9%84-3/,http://www.ustclothing.com/wp-content/uploads/2020/06/basket03-1.png,[],[],[],[],2250000,2250000
تی شرت Oversize طرح بسکتبال,http://www.ustclothing.com/product/%d9%85%d8%ad%d8%b5%d9%88%d9%84%d8%a7%d8%aa/%d8%aa%db%8c-%d8%b4%d8%b1%d8%aa-oversize-%d8%b7%d8%b1%d8%ad-%d8%a8%d8%b3%da%a9%d8%aa%d8%a8%d8%a7%d9%84-2/,http://www.ustclothing.com/wp-content/uploads/2020/06/basket02-.png,[],[],[],[],2250000,2250000
تی شرت Oversize طرح بسکتبال,http://www.ustclothing.com/product/%d9%85%d8%ad%d8%b5%d9%88%d9%84%d8%a7%d8%aa/%d8%aa%db%8c-%d8%b4%d8%b1%d8%aa-oversize-%d8%b7%d8%b1%d8%ad-%d8%a8%d8%b3%da%a9%d8%aa%d8%a8%d8%a7%d9%84/,http://www.ustclothing.com/wp-content/uploads/2020/06/basket01.png,[],[],[],[],2250000,2250000
تی شرت Oversize (لش) فانتزی فضایی,http://www.ustclothing.com/product/%d9%85%d8%ad%d8%b5%d9%88%d9%84%d8%a7%d8%aa/%d8%aa%db%8c-%d8%b4%d8%b1%d8%aa-%d8%a2%d8%b3%d8%aa%db%8c%d9%86-%da%a9%d9%88%d8%aa%d8%a7%d9%87-%d9%84%d8%b4%d9%84%d8%a7%d9%86%da%af-%d9%81%d8%a7%d9%86%d8%aa%d8%b2%db%8c-%d9%81%d8%b6%d8%a7%db%8c%db%8c/,http://www.ustclothing.com/wp-content/uploads/2020/05/IMG_2073-1.jpg,[],[],[],[],2250000,2250000
تی شرت Oversize (لش) فانتزی شبح,http://www.ustclothing.com/product/%d9%85%d8%ad%d8%b5%d9%88%d9%84%d8%a7%d8%aa/%d8%aa%db%8c-%d8%b4%d8%b1%d8%aa-%d8%a2%d8%b3%d8%aa%db%8c%d9%86-%da%a9%d9%88%d8%aa%d8%a7%d9%87-%d9%84%d8%b4%d9%84%d8%a7%d9%86%da%af-%d9%81%d8%a7%d9%86%d8%aa%d8%b2%db%8c-%d8%b4%d8%a8%d8%ad/,http://www.ustclothing.com/wp-content/uploads/2020/05/IMG_2069-1.jpg,[],[],[],[],2250000,2250000
تی شرت Oversize (لش) فانتزی 2,http://www.ustclothing.com/product/%d9%85%d8%ad%d8%b5%d9%88%d9%84%d8%a7%d8%aa/%d8%aa%db%8c-%d8%b4%d8%b1%d8%aa-%d8%a2%d8%b3%d8%aa%db%8c%d9%86-%da%a9%d9%88%d8%aa%d8%a7%d9%87-%d9%84%d8%b4%d9%84%d8%a7%d9%86%da%af-%d9%81%d8%a7%d9%86%d8%aa%d8%b2%db%8c-2/,http://www.ustclothing.com/wp-content/uploads/2020/05/IMG_1992-1.jpg,[],[],[],[],2250000,2250000
تی شرت Oversize (لش) گربه,http://www.ustclothing.com/product/%d9%85%d8%ad%d8%b5%d9%88%d9%84%d8%a7%d8%aa/%d8%aa%db%8c-%d8%b4%d8%b1%d8%aa-%d8%a2%d8%b3%d8%aa%db%8c%d9%86-%da%a9%d9%88%d8%aa%d8%a7%d9%87-%d9%84%d8%b4%d9%84%d8%a7%d9%86%da%af-%da%af%d8%b1%d8%a8%d9%87/,http://www.ustclothing.com/wp-content/uploads/2020/05/IMG_1991-1.jpg,[],[],[],[],2250000,2250000
تی شرت Oversize (لش) FADE,http://www.ustclothing.com/product/%d9%85%d8%ad%d8%b5%d9%88%d9%84%d8%a7%d8%aa/%d8%aa%db%8c-%d8%b4%d8%b1%d8%aa-%d8%a2%d8%b3%d8%aa%db%8c%d9%86-%da%a9%d9%88%d8%aa%d8%a7%d9%87-%d9%84%d8%b4%d9%84%d8%a7%d9%86%da%af-fade/,http://www.ustclothing.com/wp-content/uploads/2020/05/IMG_1931-1.jpg,[],[],[],[],2250000,2250000
تی شرت Oversize (لش) فانتزی توپ,http://www.ustclothing.com/product/%d9%85%d8%ad%d8%b5%d9%88%d9%84%d8%a7%d8%aa/%d8%aa%db%8c-%d8%b4%d8%b1%d8%aa-%d8%a2%d8%b3%d8%aa%db%8c%d9%86-%da%a9%d9%88%d8%aa%d8%a7%d9%87-%d9%84%d8%b4%d9%84%d8%a7%d9%86%da%af-%d9%81%d8%a7%d9%86%d8%aa%d8%b2%db%8c-%d8%aa%d9%88%d9%be/,http://www.ustclothing.com/wp-content/uploads/2020/05/IMG_1921-1.jpg,[],[],[],[],2250000,2250000
تی شرت Oversize (لش) فانتزی,http://www.ustclothing.com/product/%d9%85%d8%ad%d8%b5%d9%88%d9%84%d8%a7%d8%aa/%d8%aa%db%8c-%d8%b4%d8%b1%d8%aa-%d8%a2%d8%b3%d8%aa%db%8c%d9%86-%da%a9%d9%88%d8%aa%d8%a7%d9%87-%d9%84%d8%a7%d9%86%da%af-%d9%81%d8%a7%d9%86%d8%aa%d8%b2%db%8c/,http://www.ustclothing.com/wp-content/uploads/2020/05/IMG_1877-1.jpg,[],[],[],[],2250000,2250000
تی شرت Oversize (لش) سریال خانه کاغذی,http://www.ustclothing.com/product/%d9%85%d8%ad%d8%b5%d9%88%d9%84%d8%a7%d8%aa/%d8%aa%db%8c-%d8%b4%d8%b1%d8%aa-%d8%a2%d8%b3%d8%aa%db%8c%d9%86-%da%a9%d9%88%d8%aa%d8%a7%d9%87-%d9%84%d8%b4-%d8%b7%d8%b1%d8%ad-%d9%86%d9%82%d8%b4%d9%87-%d8%ac%d9%87%d8%a7%d9%86/,http://www.ustclothing.com/wp-content/uploads/2020/05/IMG_1688-1.jpg,[],[],[],[],2250000,2250000
تی شرت Oversize (لش) سریال خانه کاغذی,http://www.ustclothing.com/product/%d9%85%d8%ad%d8%b5%d9%88%d9%84%d8%a7%d8%aa/%d8%aa%db%8c-%d8%b4%d8%b1%d8%aa-%d8%a2%d8%b3%d8%aa%db%8c%d9%86-%da%a9%d9%88%d8%aa%d8%a7%d9%87-%d9%84%d8%b4-%d8%b7%d8%b1%d8%ad-%d8%b3%d8%b1%db%8c%d8%a7%d9%84-%d8%ae%d8%a7%d9%86%d9%87-%da%a9%d8%a7%d8%ba/,http://www.ustclothing.com/wp-content/uploads/2020/05/IMG_1655-1.jpg,[],[],[],[],2250000,2250000
تی شرت Oversize طرح Bella Ciao 2,http://www.ustclothing.com/product/%d9%85%d8%ad%d8%b5%d9%88%d9%84%d8%a7%d8%aa/%d8%aa%db%8c-%d8%b4%d8%b1%d8%aa-%d8%a2%d8%b3%d8%aa%db%8c%d9%86-%da%a9%d9%88%d8%aa%d8%a7%d9%87-%d9%84%d8%b4-%d8%b7%d8%b1%d8%ad-bella-ciao-2/,http://www.ustclothing.com/wp-content/uploads/2020/05/IMG_1650-1.jpg,[],[],[],[],2250000,1687500
تی شرت Oversize (لش) طرح Bella Ciao,http://www.ustclothing.com/product/%d9%85%d8%ad%d8%b5%d9%88%d9%84%d8%a7%d8%aa/%d8%aa%db%8c-%d8%b4%d8%b1%d8%aa-%d8%a2%d8%b3%d8%aa%db%8c%d9%86-%da%a9%d9%88%d8%aa%d8%a7%d9%87-%d9%84%d8%b4-%d8%b7%d8%b1%d8%ad-bella-ciao/,http://www.ustclothing.com/wp-content/uploads/2020/04/char-266x266.jpg,[],[],[],[],2250000,2250000
تی شرت Oversize (لش) طرح نقشه,http://www.ustclothing.com/product/%d9%85%d8%ad%d8%b5%d9%88%d9%84%d8%a7%d8%aa/%d8%aa%db%8c-%d8%b4%d8%b1%d8%aa-%d8%a2%d8%b3%d8%aa%db%8c%d9%86-%da%a9%d9%88%d8%aa%d8%a7%d9%87-%d9%84%d8%b4-%d8%b7%d8%b1%d8%ad-%d9%86%d9%82%d8%b4%d9%87/,http://www.ustclothing.com/wp-content/uploads/2020/04/map-266x266.jpg,[],[],[],[],2250000,2250000
تی شرت آستین کوتاه طرح Helsinki,http://www.ustclothing.com/product/%d9%85%d8%ad%d8%b5%d9%88%d9%84%d8%a7%d8%aa/%d8%aa%db%8c-%d8%b4%d8%b1%d8%aa-%d8%a2%d8%b3%d8%aa%db%8c%d9%86-%da%a9%d9%88%d8%aa%d8%a7%d9%87-%d8%b7%d8%b1%d8%ad-helsinki/,http://www.ustclothing.com/wp-content/uploads/2020/04/helsinki-32x32.jpg,[],[],[],[],2050000,2050000
تی شرت آستین کوتاه طرح Marsella,http://www.ustclothing.com/product/%d9%85%d8%ad%d8%b5%d9%88%d9%84%d8%a7%d8%aa/%d8%aa%db%8c-%d8%b4%d8%b1%d8%aa-%d8%a2%d8%b3%d8%aa%db%8c%d9%86-%da%a9%d9%88%d8%aa%d8%a7%d9%87-%d8%b7%d8%b1%d8%ad-marsella/,http://www.ustclothing.com/wp-content/uploads/2020/04/marsella-red-32x32.jpg,[],[],[],[],2050000,2050000
تی شرت آستین کوتاه طرح Palermo,http://www.ustclothing.com/product/%d9%85%d8%ad%d8%b5%d9%88%d9%84%d8%a7%d8%aa/%d8%aa%db%8c-%d8%b4%d8%b1%d8%aa-%d8%a2%d8%b3%d8%aa%db%8c%d9%86-%da%a9%d9%88%d8%aa%d8%a7%d9%87-%d8%b7%d8%b1%d8%ad-palermo/,http://www.ustclothing.com/wp-content/uploads/2020/04/Palermo-266x266.jpg,[],[],[],[],2050000,2050000
تی شرت آستین کوتاه طرح Bogota,http://www.ustclothing.com/product/%d9%85%d8%ad%d8%b5%d9%88%d9%84%d8%a7%d8%aa/%d8%aa%db%8c-%d8%b4%d8%b1%d8%aa-%d8%a2%d8%b3%d8%aa%db%8c%d9%86-%da%a9%d9%88%d8%aa%d8%a7%d9%87-%d8%b7%d8%b1%d8%ad-bogota/,http://www.ustclothing.com/wp-content/uploads/2020/04/Bogota-red-266x266.jpg,[],[],[],[],2050000,2050000
تی شرت کلاسیک طرح El Profesor,http://www.ustclothing.com/product/%d9%85%d8%ad%d8%b5%d9%88%d9%84%d8%a7%d8%aa/%d8%aa%db%8c-%d8%b4%d8%b1%d8%aa-%d8%a2%d8%b3%d8%aa%db%8c%d9%86-%da%a9%d9%88%d8%aa%d8%a7%d9%87-%d8%b7%d8%b1%d8%ad-el-profesor/,http://www.ustclothing.com/wp-content/uploads/2020/04/elprofesor-red-32x32.jpg,[],[],[],[],2050000,2050000
تی شرت آستین کوتاه طرح DEADPOOL2,http://www.ustclothing.com/product/%d9%85%d8%ad%d8%b5%d9%88%d9%84%d8%a7%d8%aa/%d8%aa%db%8c-%d8%b4%d8%b1%d8%aa-%d8%a2%d8%b3%d8%aa%db%8c%d9%86-%da%a9%d9%88%d8%aa%d8%a7%d9%87-%d8%b7%d8%b1%d8%ad-deadpool2/,http://www.ustclothing.com/wp-content/uploads/2020/02/WhatsApp-Image-2020-02-24-at-21.26.46.jpeg,[],[],[],[],2050000,2050000
تی شرت آستین کوتاه طرح DEADPOOL,http://www.ustclothing.com/product/%d9%85%d8%ad%d8%b5%d9%88%d9%84%d8%a7%d8%aa/%d8%aa%db%8c-%d8%b4%d8%b1%d8%aa-%d8%a2%d8%b3%d8%aa%db%8c%d9%86-%da%a9%d9%88%d8%aa%d8%a7%d9%87-%d8%b7%d8%b1%d8%ad-deadpool/,http://www.ustclothing.com/wp-content/uploads/2020/02/WhatsApp-Image-2020-02-24-at-21.26.45.jpeg,[],[],[],[],2050000,2050000
تی شرت آستین کوتاه طرح PARKOUR2,http://www.ustclothing.com/product/%d9%85%d8%ad%d8%b5%d9%88%d9%84%d8%a7%d8%aa/%d8%aa%db%8c-%d8%b4%d8%b1%d8%aa-%d8%a2%d8%b3%d8%aa%db%8c%d9%86-%da%a9%d9%88%d8%aa%d8%a7%d9%87-%d8%b7%d8%b1%d8%ad-parkour2/,http://www.ustclothing.com/wp-content/uploads/2020/02/WhatsApp-Image-2020-02-24-at-21.26.44-1.jpeg,[],[],[],[],2050000,2050000
تی شرت آستین کوتاه طرح PARKOUR,http://www.ustclothing.com/product/%d9%85%d8%ad%d8%b5%d9%88%d9%84%d8%a7%d8%aa/%d8%aa%db%8c-%d8%b4%d8%b1%d8%aa-%d8%a2%d8%b3%d8%aa%db%8c%d9%86-%da%a9%d9%88%d8%aa%d8%a7%d9%87-%d8%b7%d8%b1%d8%ad-parkour/,http://www.ustclothing.com/wp-content/uploads/2020/02/WhatsApp-Image-2020-02-24-at-21.26.43.jpeg,[],[],[],[],2050000,2050000
تی شرت کلاسیک SELF CONTROL,http://www.ustclothing.com/product/%d9%85%d8%ad%d8%b5%d9%88%d9%84%d8%a7%d8%aa/%d8%aa%db%8c-%d8%b4%d8%b1%d8%aa-%d8%a2%d8%b3%d8%aa%db%8c%d9%86-%da%a9%d9%88%d8%aa%d8%a7%d9%87-self-control/,http://www.ustclothing.com/wp-content/uploads/2020/02/WhatsApp-Image-2020-02-24-at-21.26.42-1.jpeg,[],[],[],[],2050000,2050000
