Name,Main Web Page,Main Image,Second Image,Third Image,Fourth Image,Fifth Image,Sixth Image,Seventh Image,Eighth Image,Price,Discounted Price,Sleeve,Collar
تیشرت مردانه طرح دار سفید 2073,https://salset.com/product/%d8%aa%db%8c%d8%b4%d8%b1%d8%aa-%d9%85%d8%b1%d8%af%d8%a7%d9%86%d9%87-%d8%b7%d8%b1%d8%ad-%d8%af%d8%a7%d8%b1-%d8%b3%d9%81%db%8c%d8%af-2073/,https://salset.com/wp-content/uploads/2021/05/DSC5301.jpg,https://salset.com/wp-content/uploads/2021/05/DSC5302.jpg,https://salset.com/wp-content/uploads/2021/05/DSC5303.jpg,[],[],[],[],[],1850000,1390000,کوناه,برگردان
تیشرت مردانه طرح دار سفید 2072,https://salset.com/product/%d8%aa%db%8c%d8%b4%d8%b1%d8%aa-%d9%85%d8%b1%d8%af%d8%a7%d9%86%d9%87-%d8%b7%d8%b1%d8%ad-%d8%af%d8%a7%d8%b1-%d8%b3%d9%81%db%8c%d8%af-2072/,https://salset.com/wp-content/uploads/2021/05/DSC5304.jpg,https://salset.com/wp-content/uploads/2021/05/DSC5305.jpg,https://salset.com/wp-content/uploads/2021/05/DSC5306.jpg,[],[],[],[],[],1850000,1390000,کوناه,برگردان
تیشرت مردانه طرح دار سفید 2071,https://salset.com/product/%d8%aa%db%8c%d8%b4%d8%b1%d8%aa-%d9%85%d8%b1%d8%af%d8%a7%d9%86%d9%87-%d8%b7%d8%b1%d8%ad-%d8%af%d8%a7%d8%b1-%d8%b3%d9%81%db%8c%d8%af-2071/,https://salset.com/wp-content/uploads/2021/05/DSC5290.jpg,https://salset.com/wp-content/uploads/2021/05/DSC5289.jpg,https://salset.com/wp-content/uploads/2021/05/DSC5291.jpg,[],[],[],[],[],1850000,1390000,کوناه,برگردان
تیشرت مردانه Superdry طوسی 2065,https://salset.com/product/%d8%aa%db%8c%d8%b4%d8%b1%d8%aa-%d9%85%d8%b1%d8%af%d8%a7%d9%86%d9%87-%d8%b7%d9%88%d8%b3%db%8c-2065/,https://salset.com/wp-content/uploads/2021/05/DSC5024.jpg,https://salset.com/wp-content/uploads/2021/05/DSC5023.jpg,https://salset.com/wp-content/uploads/2021/05/DSC5025.jpg,[],[],[],[],[],1980000,1590000,کوناه,گرد
تیشرت مردانه Superdry خردلی 2064,https://salset.com/product/%d8%aa%db%8c%d8%b4%d8%b1%d8%aa-%d9%85%d8%b1%d8%af%d8%a7%d9%86%d9%87-%d8%ae%d8%b1%d8%af%d9%84%db%8c-2064/,https://salset.com/wp-content/uploads/2021/05/DSC4995.jpg,https://salset.com/wp-content/uploads/2021/05/DSC4996.jpg,https://salset.com/wp-content/uploads/2021/05/DSC4997.jpg,[],[],[],[],[],1980000,1590000,کوناه,گرد
تیشرت مردانه Superdry صورتی 2063,https://salset.com/product/%d8%aa%db%8c%d8%b4%d8%b1%d8%aa-%d9%85%d8%b1%d8%af%d8%a7%d9%86%d9%87-%d8%b5%d9%88%d8%b1%d8%aa%db%8c-2063/,https://salset.com/wp-content/uploads/2021/05/DSC4991.jpg,https://salset.com/wp-content/uploads/2021/05/DSC4990.jpg,https://salset.com/wp-content/uploads/2021/05/DSC4992.jpg,[],[],[],[],[],1980000,1590000,کوناه,گرد
تیشرت مردانه Superdry سرمه ای 2062,https://salset.com/product/%d8%aa%db%8c%d8%b4%d8%b1%d8%aa-%d9%85%d8%b1%d8%af%d8%a7%d9%86%d9%87-%d8%b3%d8%b1%d9%85%d9%87-%d8%a7%db%8c-2062/,https://salset.com/wp-content/uploads/2021/05/DSC4987.jpg,https://salset.com/wp-content/uploads/2021/05/DSC4988.jpg,https://salset.com/wp-content/uploads/2021/05/DSC4989.jpg,[],[],[],[],[],1980000,1590000,کوناه,گرد
تیشرت مردانه Superdry فسفری 2061,https://salset.com/product/%d8%aa%db%8c%d8%b4%d8%b1%d8%aa-%d9%85%d8%b1%d8%af%d8%a7%d9%86%d9%87-%d9%81%d8%b3%d9%81%d8%b1%db%8c-2061/,https://salset.com/wp-content/uploads/2021/05/DSC4985.jpg,https://salset.com/wp-content/uploads/2021/05/DSC4984.jpg,https://salset.com/wp-content/uploads/2021/05/DSC4986.jpg,[],[],[],[],[],1980000,1590000,کوناه,گرد
تیشرت مردانه DSQUARED مشکی 2060,https://salset.com/product/%d8%aa%db%8c%d8%b4%d8%b1%d8%aa-%d9%85%d8%b1%d8%af%d8%a7%d9%86%d9%87-%d9%85%d8%b4%da%a9%db%8c-2060/,https://salset.com/wp-content/uploads/2021/05/DSC4981.jpg,https://salset.com/wp-content/uploads/2021/05/DSC4982.jpg,https://salset.com/wp-content/uploads/2021/05/DSC4983.jpg,[],[],[],[],[],1980000,1590000,کوناه,گرد
تیشرت مردانه G-Star طوسی 2057,https://salset.com/product/%d8%aa%db%8c%d8%b4%d8%b1%d8%aa-%d9%85%d8%b1%d8%af%d8%a7%d9%86%d9%87-%d8%b7%d9%88%d8%b3%db%8c-2057/,https://salset.com/wp-content/uploads/2021/05/DSC5008.jpg,https://salset.com/wp-content/uploads/2021/05/DSC5009.jpg,https://salset.com/wp-content/uploads/2021/05/DSC5010.jpg,[],[],[],[],[],1980000,1590000,کوناه,گرد
تیشرت مردانه G-Star مشکی 2056,https://salset.com/product/%d8%aa%db%8c%d8%b4%d8%b1%d8%aa-%d9%85%d8%b1%d8%af%d8%a7%d9%86%d9%87-%d9%85%d8%b4%da%a9%db%8c-2056/,https://salset.com/wp-content/uploads/2021/05/DSC4952.jpg,https://salset.com/wp-content/uploads/2021/05/DSC4951.jpg,https://salset.com/wp-content/uploads/2021/05/DSC4953.jpg,[],[],[],[],[],1980000,1590000,کوناه,گرد
تیشرت مردانه G-Star سفید 2055,https://salset.com/product/%d8%aa%db%8c%d8%b4%d8%b1%d8%aa-%d9%85%d8%b1%d8%af%d8%a7%d9%86%d9%87-%d8%b3%d9%81%db%8c%d8%af-2055/,https://salset.com/wp-content/uploads/2021/05/DSC4948.jpg,https://salset.com/wp-content/uploads/2021/05/DSC4949.jpg,https://salset.com/wp-content/uploads/2021/05/DSC4950.jpg,[],[],[],[],[],1980000,1590000,کوناه,گرد
تیشرت مردانه DSQUARED آبی تیره 2052,https://salset.com/product/%d8%aa%db%8c%d8%b4%d8%b1%d8%aa-%d9%85%d8%b1%d8%af%d8%a7%d9%86%d9%87-%d8%a2%d8%a8%db%8c-%d8%aa%db%8c%d8%b1%d9%87-2052/,https://salset.com/wp-content/uploads/2021/05/DSC5006.jpg,https://salset.com/wp-content/uploads/2021/05/DSC5005.jpg,https://salset.com/wp-content/uploads/2021/05/DSC5007.jpg,[],[],[],[],[],1980000,1590000,کوناه,گرد
تیشرت مردانه DSQUARED سفید 2051,https://salset.com/product/%d8%aa%db%8c%d8%b4%d8%b1%d8%aa-%d9%85%d8%b1%d8%af%d8%a7%d9%86%d9%87-%d8%b3%d9%81%db%8c%d8%af-2051/,https://salset.com/wp-content/uploads/2021/05/DSC5001.jpg,https://salset.com/wp-content/uploads/2021/05/DSC5002.jpg,https://salset.com/wp-content/uploads/2021/05/DSC5003.jpg,[],[],[],[],[],1980000,1590000,کوناه,گرد
تیشرت مردانه DSQUARED مشکی 2050,https://salset.com/product/%d8%aa%db%8c%d8%b4%d8%b1%d8%aa-%d9%85%d8%b1%d8%af%d8%a7%d9%86%d9%87-%d9%85%d8%b4%da%a9%db%8c-2050/,https://salset.com/wp-content/uploads/2021/05/DSC4999.jpg,https://salset.com/wp-content/uploads/2021/05/DSC4998.jpg,https://salset.com/wp-content/uploads/2021/05/DSC5000.jpg,[],[],[],[],[],1980000,1590000,کوناه,گرد
تیشرت مردانه DSQUARED طوسی 2049,https://salset.com/product/%d8%aa%db%8c%d8%b4%d8%b1%d8%aa-%d9%85%d8%b1%d8%af%d8%a7%d9%86%d9%87-%d8%b7%d9%88%d8%b3%db%8c-2049/,https://salset.com/wp-content/uploads/2021/05/DSC5026.jpg,https://salset.com/wp-content/uploads/2021/05/DSC5027.jpg,https://salset.com/wp-content/uploads/2021/05/DSC5028.jpg,[],[],[],[],[],1980000,1590000,کوناه,گرد
تیشرت مردانه G-STAR سفید 2048,https://salset.com/product/%d8%aa%db%8c%d8%b4%d8%b1%d8%aa-%d9%85%d8%b1%d8%af%d8%a7%d9%86%d9%87-%d8%b3%d9%81%db%8c%d8%af-2048/,https://salset.com/wp-content/uploads/2021/05/DSC4979.jpg,https://salset.com/wp-content/uploads/2021/05/DSC4978.jpg,https://salset.com/wp-content/uploads/2021/05/DSC4980.jpg,[],[],[],[],[],1980000,1590000,کوناه,گرد
تیشرت مردانه G-STAR مشکی 2047,https://salset.com/product/%d8%aa%db%8c%d8%b4%d8%b1%d8%aa-%d9%85%d8%b1%d8%af%d8%a7%d9%86%d9%87-%d9%85%d8%b4%da%a9%db%8c-2047/,https://salset.com/wp-content/uploads/2021/05/DSC4975.jpg,https://salset.com/wp-content/uploads/2021/05/DSC4976.jpg,https://salset.com/wp-content/uploads/2021/05/DSC4977.jpg,[],[],[],[],[],1980000,1590000,کوناه,گرد
تیشرت مردانه Moncler سفید 2046,https://salset.com/product/%d8%aa%db%8c%d8%b4%d8%b1%d8%aa-%d9%85%d8%b1%d8%af%d8%a7%d9%86%d9%87-%d8%b3%d9%81%db%8c%d8%af-2046/,https://salset.com/wp-content/uploads/2021/05/DSC4972.jpg,https://salset.com/wp-content/uploads/2021/05/DSC4971.jpg,https://salset.com/wp-content/uploads/2021/05/DSC4973.jpg,[],[],[],[],[],1980000,1590000,کوناه,گرد
تیشرت مردانه Moncler مشکی 2045,https://salset.com/product/%d8%aa%db%8c%d8%b4%d8%b1%d8%aa-%d9%85%d8%b1%d8%af%d8%a7%d9%86%d9%87-%d9%85%d8%b4%da%a9%db%8c-2045/,https://salset.com/wp-content/uploads/2021/05/DSC4968.jpg,https://salset.com/wp-content/uploads/2021/05/DSC4969.jpg,https://salset.com/wp-content/uploads/2021/05/DSC4970.jpg,[],[],[],[],[],1980000,1590000,کوناه,گرد
تیشرت مردانه طرح دار DIVIDED خردلی 2042,https://salset.com/product/%d8%aa%db%8c%d8%b4%d8%b1%d8%aa-%d9%85%d8%b1%d8%af%d8%a7%d9%86%d9%87-%d8%b7%d8%b1%d8%ad-%d8%af%d8%a7%d8%b1-%d8%ae%d8%b1%d8%af%d9%84%db%8c-2042/,https://salset.com/wp-content/uploads/2021/05/DSC4934.jpg,https://salset.com/wp-content/uploads/2021/05/DSC4935.jpg,https://salset.com/wp-content/uploads/2021/05/DSC4936.jpg,[],[],[],[],[],1980000,1590000,کوناه,گرد
تیشرت مردانه طرح دار DIVIDED فسفری 2040,https://salset.com/product/%d8%aa%db%8c%d8%b4%d8%b1%d8%aa-%d9%85%d8%b1%d8%af%d8%a7%d9%86%d9%87-%d8%b7%d8%b1%d8%ad-%d8%af%d8%a7%d8%b1-2040/,https://salset.com/wp-content/uploads/2021/05/DSC4937.jpg,https://salset.com/wp-content/uploads/2021/05/DSC4938.jpg,https://salset.com/wp-content/uploads/2021/05/DSC4939.jpg,[],[],[],[],[],1980000,1590000,کوناه,گرد
تیشرت مردانه BOSS زرد 2035,https://salset.com/product/%d8%aa%db%8c%d8%b4%d8%b1%d8%aa-%d9%85%d8%b1%d8%af%d8%a7%d9%86%d9%87-%d8%b2%d8%b1%d8%af-2035/,https://salset.com/wp-content/uploads/2021/05/DSC4954.jpg,https://salset.com/wp-content/uploads/2021/05/DSC4955.jpg,https://salset.com/wp-content/uploads/2021/05/DSC4956.jpg,[],[],[],[],[],1890000,1490000,کوناه,گرد
تیشرت مردانه BOSS زرشکی 2034,https://salset.com/product/%d8%aa%db%8c%d8%b4%d8%b1%d8%aa-%d9%85%d8%b1%d8%af%d8%a7%d9%86%d9%87-%d8%b2%d8%b1%d8%b4%da%a9%db%8c-2034/,https://salset.com/wp-content/uploads/2021/05/DSC5012.jpg,https://salset.com/wp-content/uploads/2021/05/DSC5011.jpg,https://salset.com/wp-content/uploads/2021/05/DSC5013.jpg,[],[],[],[],[],1890000,1490000,کوناه,گرد
تیشرت مردانه BOSS صورتی 2033,https://salset.com/product/%d8%aa%db%8c%d8%b4%d8%b1%d8%aa-%d9%85%d8%b1%d8%af%d8%a7%d9%86%d9%87-%d8%b5%d9%88%d8%b1%d8%aa%db%8c-2033/,https://salset.com/wp-content/uploads/2021/05/DSC4958.jpg,https://salset.com/wp-content/uploads/2021/05/DSC4959.jpg,https://salset.com/wp-content/uploads/2021/05/DSC4960.jpg,[],[],[],[],[],1890000,1490000,کوناه,گرد
تیشرت مردانه BOSS طوسی تیره 2032,https://salset.com/product/%d8%aa%db%8c%d8%b4%d8%b1%d8%aa-%d9%85%d8%b1%d8%af%d8%a7%d9%86%d9%87-%d8%b7%d9%88%d8%b3%db%8c-%d8%aa%db%8c%d8%b1%d9%87-2032/,https://salset.com/wp-content/uploads/2021/05/DSC5017.jpg,https://salset.com/wp-content/uploads/2021/05/DSC5018.jpg,https://salset.com/wp-content/uploads/2021/05/DSC5019.jpg,[],[],[],[],[],1890000,1490000,کوناه,گرد
تیشرت مردانه BOSS مشکی 2030,https://salset.com/product/%d8%aa%db%8c%d8%b4%d8%b1%d8%aa-%d9%85%d8%b1%d8%af%d8%a7%d9%86%d9%87-%d9%85%d8%b4%da%a9%db%8c-2030/,https://salset.com/wp-content/uploads/2021/05/DSC4962.jpg,https://salset.com/wp-content/uploads/2021/05/DSC4961.jpg,https://salset.com/wp-content/uploads/2021/05/DSC4963.jpg,[],[],[],[],[],1890000,1490000,کوناه,گرد
تیشرت مردانه BOSS زیتونی 2029,https://salset.com/product/%d8%aa%db%8c%d8%b4%d8%b1%d8%aa-%d9%85%d8%b1%d8%af%d8%a7%d9%86%d9%87-%d8%b2%db%8c%d8%aa%d9%88%d9%86%db%8c-2029/,https://salset.com/wp-content/uploads/2021/05/DSC5020.jpg,https://salset.com/wp-content/uploads/2021/05/DSC5021.jpg,https://salset.com/wp-content/uploads/2021/05/DSC5022.jpg,[],[],[],[],[],1890000,1490000,کوناه,گرد
تیشرت مردانه BOSS فسفری 2028,https://salset.com/product/%d8%aa%db%8c%d8%b4%d8%b1%d8%aa-%d9%85%d8%b1%d8%af%d8%a7%d9%86%d9%87-%d9%81%d8%b3%d9%81%d8%b1%db%8c-2028/,https://salset.com/wp-content/uploads/2021/05/DSC4964.jpg,https://salset.com/wp-content/uploads/2021/05/DSC4965.jpg,https://salset.com/wp-content/uploads/2021/05/DSC4966.jpg,[],[],[],[],[],1890000,1490000,کوناه,گرد
تیشرت لانگ مردانه طرح ZARA آبی 2006,https://salset.com/product/%d8%aa%db%8c%d8%b4%d8%b1%d8%aa-%d9%84%d8%a7%d9%86%da%af-%d9%85%d8%b1%d8%af%d8%a7%d9%86%d9%87-%d8%a2%d8%a8%db%8c-2006/,https://salset.com/wp-content/uploads/2021/05/DSC4843.jpg,https://salset.com/wp-content/uploads/2021/05/DSC4844.jpg,https://salset.com/wp-content/uploads/2021/05/DSC4845.jpg,[],[],[],[],[],1690000,1190000,کوناه,[]
تیشرت لانگ مردانه طرح ZARA زرشکی 2005,https://salset.com/product/%d8%aa%db%8c%d8%b4%d8%b1%d8%aa-%d9%84%d8%a7%d9%86%da%af-%d9%85%d8%b1%d8%af%d8%a7%d9%86%d9%87-%d8%b2%d8%b1%d8%b4%da%a9%db%8c-2005/,https://salset.com/wp-content/uploads/2021/05/DSC4841.jpg,https://salset.com/wp-content/uploads/2021/05/DSC4840.jpg,https://salset.com/wp-content/uploads/2021/05/DSC4842.jpg,[],[],[],[],[],1690000,1190000,کوناه,[]
تیشرت لانگ مردانه طرح ZARA سبز 2004,https://salset.com/product/%d8%aa%db%8c%d8%b4%d8%b1%d8%aa-%d9%84%d8%a7%d9%86%da%af-%d9%85%d8%b1%d8%af%d8%a7%d9%86%d9%87-%d8%b3%d8%a8%d8%b2-2004/,https://salset.com/wp-content/uploads/2021/05/DSC4847.jpg,https://salset.com/wp-content/uploads/2021/05/DSC4848.jpg,https://salset.com/wp-content/uploads/2021/05/DSC4849.jpg,[],[],[],[],[],1690000,1190000,کوناه,[]
تیشرت لانگ مردانه طرح ZARA مشکی 2003,https://salset.com/product/%d8%aa%db%8c%d8%b4%d8%b1%d8%aa-%d9%84%d8%a7%d9%86%da%af-%d9%85%d8%b1%d8%af%d8%a7%d9%86%d9%87-%d9%85%d8%b4%da%a9%db%8c-2003/,https://salset.com/wp-content/uploads/2021/05/DSC4901.jpg,https://salset.com/wp-content/uploads/2021/05/DSC4900.jpg,https://salset.com/wp-content/uploads/2021/05/DSC4902.jpg,[],[],[],[],[],1690000,1190000,کوناه,[]
تیشرت لانگ مردانه طرح ZARA خاکی 2002,https://salset.com/product/%d8%aa%db%8c%d8%b4%d8%b1%d8%aa-%d9%84%d8%a7%d9%86%da%af-%d9%85%d8%b1%d8%af%d8%a7%d9%86%d9%87-%d8%ae%d8%a7%da%a9%db%8c-2002/,https://salset.com/wp-content/uploads/2021/05/DSC4832-1.jpg,https://salset.com/wp-content/uploads/2021/05/DSC4833.jpg,https://salset.com/wp-content/uploads/2021/05/DSC4834.jpg,[],[],[],[],[],1690000,1190000,کوناه,[]
تیشرت لانگ مردانه طرح ZARA آبی تیره 2001,https://salset.com/product/%d8%aa%db%8c%d8%b4%d8%b1%d8%aa-%d9%84%d8%a7%d9%86%da%af-%d9%85%d8%b1%d8%af%d8%a7%d9%86%d9%87-%d8%a2%d8%a8%db%8c-%d8%aa%db%8c%d8%b1%d9%87-2001/,https://salset.com/wp-content/uploads/2021/05/DSC4836.jpg,https://salset.com/wp-content/uploads/2021/05/DSC4832.jpg,https://salset.com/wp-content/uploads/2021/05/DSC4837.jpg,[],[],[],[],[],1690000,1190000,کوناه,[]
تیشرت لانگ مردانه طرح ZARA نارنجی 2000,https://salset.com/product/%d8%aa%db%8c%d8%b4%d8%b1%d8%aa-%d9%84%d8%a7%d9%86%da%af-%d9%85%d8%b1%d8%af%d8%a7%d9%86%d9%87-%d9%86%d8%a7%d8%b1%d9%86%d8%ac%db%8c-2000/,https://salset.com/wp-content/uploads/2021/05/DSC4829.jpg,https://salset.com/wp-content/uploads/2021/05/DSC4830.jpg,https://salset.com/wp-content/uploads/2021/05/DSC4831.jpg,[],[],[],[],[],1690000,1190000,کوناه,[]
تیشرت لانگ مردانه طرح ZARA طوسی 1999,https://salset.com/product/%d8%aa%db%8c%d8%b4%d8%b1%d8%aa-%d9%84%d8%a7%d9%86%da%af-%d9%85%d8%b1%d8%af%d8%a7%d9%86%d9%87-%d8%b7%d9%88%d8%b3%db%8c-1999/,https://salset.com/wp-content/uploads/2021/05/DSC4898.jpg,https://salset.com/wp-content/uploads/2021/05/DSC4897.jpg,https://salset.com/wp-content/uploads/2021/05/DSC4899.jpg,[],[],[],[],[],1690000,1190000,کوناه,[]
تیشرت لانگ مردانه طرح ZARA آبی 1998,https://salset.com/product/%d8%aa%db%8c%d8%b4%d8%b1%d8%aa-%d9%84%d8%a7%d9%86%da%af-%d9%85%d8%b1%d8%af%d8%a7%d9%86%d9%87-%d8%a2%d8%a8%db%8c-1998/,https://salset.com/wp-content/uploads/2021/05/DSC4825.jpg,https://salset.com/wp-content/uploads/2021/05/DSC4826.jpg,https://salset.com/wp-content/uploads/2021/05/DSC4827.jpg,[],[],[],[],[],1690000,1190000,کوناه,[]
تیشرت لانگ مردانه طرح ZARA سرمه‌ای 1997,https://salset.com/product/%d8%aa%db%8c%d8%b4%d8%b1%d8%aa-%d9%84%d8%a7%d9%86%da%af-%d9%85%d8%b1%d8%af%d8%a7%d9%86%d9%87-%d9%85%d8%af%d9%841997/,https://salset.com/wp-content/uploads/2021/05/DSC4883.jpg,https://salset.com/wp-content/uploads/2021/05/DSC4882.jpg,https://salset.com/wp-content/uploads/2021/05/DSC4884.jpg,[],[],[],[],[],1690000,1190000,کوناه,[]
تیشرت لانگ مردانه طرح ZARA سبز روشن 1996,https://salset.com/product/%d8%aa%db%8c%d8%b4%d8%b1%d8%aa-%d9%84%d8%a7%d9%86%da%af-%d9%85%d8%b1%d8%af%d8%a7%d9%86%d9%87-%d8%b3%d8%a8%d8%b2-%d8%b1%d9%88%d8%b4%d9%86-1996/,https://salset.com/wp-content/uploads/2021/05/DSC4890.jpg,https://salset.com/wp-content/uploads/2021/05/DSC4891.jpg,https://salset.com/wp-content/uploads/2021/05/DSC4892.jpg,[],[],[],[],[],1690000,1190000,کوناه,[]
تیشرت لانگ مردانه طرح ZARA قرمز 1995,https://salset.com/product/%d8%aa%db%8c%d8%b4%d8%b1%d8%aa-%d9%84%d8%a7%d9%86%da%af-%d9%85%d8%b1%d8%af%d8%a7%d9%86%d9%87-%d9%82%d8%b1%d9%85%d8%b2-1995/,https://salset.com/wp-content/uploads/2021/05/DSC4888.jpg,https://salset.com/wp-content/uploads/2021/05/DSC4887.jpg,https://salset.com/wp-content/uploads/2021/05/DSC4889.jpg,[],[],[],[],[],1690000,1190000,کوناه,[]
تیشرت لانگ مردانه طرح ZARA صورتی 1994,https://salset.com/product/%d8%aa%db%8c%d8%b4%d8%b1%d8%aa-%d9%84%d8%a7%d9%86%da%af-%d9%85%d8%b1%d8%af%d8%a7%d9%86%d9%87-%d8%b5%d9%88%d8%b1%d8%aa%db%8c-1994/,https://salset.com/wp-content/uploads/2021/05/DSC4895.jpg,https://salset.com/wp-content/uploads/2021/05/DSC4894.jpg,https://salset.com/wp-content/uploads/2021/05/DSC4896.jpg,[],[],[],[],[],1690000,1190000,کوناه,[]
تیشرت لانگ مردانه طرح ZARA زیتونی 1993,https://salset.com/product/%d8%aa%db%8c%d8%b4%d8%b1%d8%aa-%d9%84%d8%a7%d9%86%da%af-%d9%85%d8%b1%d8%af%d8%a7%d9%86%d9%87-1993/,https://salset.com/wp-content/uploads/2021/05/DSC4852.jpg,https://salset.com/wp-content/uploads/2021/05/DSC4851.jpg,https://salset.com/wp-content/uploads/2021/05/DSC4853.jpg,[],[],[],[],[],1690000,1190000,کوناه,[]
تیشرت لانگ مردانه طرح ZARA سفید 1992,https://salset.com/product/%d8%aa%db%8c%d8%b4%d8%b1%d8%aa-%d9%84%d8%a7%d9%86%da%af-%d9%85%d8%b1%d8%af%d8%a7%d9%86%d9%87-%d8%b3%d9%81%db%8c%d8%af-1992/,https://salset.com/wp-content/uploads/2021/05/DSC4855.jpg,https://salset.com/wp-content/uploads/2021/05/DSC4856.jpg,https://salset.com/wp-content/uploads/2021/05/DSC4857.jpg,[],[],[],[],[],1690000,1190000,کوناه,[]
تیشرت مردانه ورزشی آستین حلقه ای طوسی 1953,https://salset.com/product/%d8%aa%db%8c%d8%b4%d8%b1%d8%aa-%d9%85%d8%b1%d8%af%d8%a7%d9%86%d9%87-%d9%88%d8%b1%d8%b2%d8%b4%db%8c-%d8%a2%d8%b3%d8%aa%db%8c%d9%86-%d8%ad%d9%84%d9%82%d9%87-%d8%a7%db%8c-%d8%b7%d9%88%d8%b3%db%8c-1953/,https://salset.com/wp-content/uploads/2021/04/DSC4479.jpg,https://salset.com/wp-content/uploads/2021/04/DSC4480.jpg,https://salset.com/wp-content/uploads/2021/04/DSC4481.jpg,[],[],[],[],[],2100000,1590000,کوناه,گرد
تیشرت مردانه ورزشی آستین حلقه ای سرمه ای 1952,https://salset.com/product/%d8%aa%db%8c%d8%b4%d8%b1%d8%aa-%d9%85%d8%b1%d8%af%d8%a7%d9%86%d9%87-%d9%88%d8%b1%d8%b2%d8%b4%db%8c-%d8%a2%d8%b3%d8%aa%db%8c%d9%86-%d8%ad%d9%84%d9%82%d9%87-%d8%a7%db%8c-%d8%b3%d8%b1%d9%85%d9%87-2/,https://salset.com/wp-content/uploads/2021/04/DSC4453.jpg,https://salset.com/wp-content/uploads/2021/04/DSC4452.jpg,https://salset.com/wp-content/uploads/2021/04/DSC4454.jpg,[],[],[],[],[],2100000,1590000,کوناه,گرد
تیشرت مردانه ورزشی آستین حلقه ای ذغالی 1951,https://salset.com/product/%d8%aa%db%8c%d8%b4%d8%b1%d8%aa-%d9%85%d8%b1%d8%af%d8%a7%d9%86%d9%87-%d9%88%d8%b1%d8%b2%d8%b4%db%8c-%d8%a2%d8%b3%d8%aa%db%8c%d9%86-%d8%ad%d9%84%d9%82%d9%87-%d8%a7%db%8c-%d8%b0%d8%ba%d8%a7%d9%84%db%8c-1/,https://salset.com/wp-content/uploads/2021/04/DSC4476.jpg,https://salset.com/wp-content/uploads/2021/04/DSC4477.jpg,https://salset.com/wp-content/uploads/2021/04/DSC4478.jpg,[],[],[],[],[],2100000,1590000,کوناه,گرد
تیشرت مردانه ورزشی آستین حلقه ای طوسی 1950,https://salset.com/product/%d8%aa%db%8c%d8%b4%d8%b1%d8%aa-%d9%85%d8%b1%d8%af%d8%a7%d9%86%d9%87-%d9%88%d8%b1%d8%b2%d8%b4%db%8c-%d8%a2%d8%b3%d8%aa%db%8c%d9%86-%d8%ad%d9%84%d9%82%d9%87-%d8%a7%db%8c-%d8%b7%d9%88%d8%b3%db%8c-1950/,https://salset.com/wp-content/uploads/2021/04/DSC4466.jpg,https://salset.com/wp-content/uploads/2021/04/DSC4465.jpg,https://salset.com/wp-content/uploads/2021/04/DSC4467.jpg,[],[],[],[],[],2100000,1590000,کوناه,گرد
تیشرت مردانه ورزشی آستین حلقه ای آبی 1949,https://salset.com/product/%d8%aa%db%8c%d8%b4%d8%b1%d8%aa-%d9%85%d8%b1%d8%af%d8%a7%d9%86%d9%87-%d9%88%d8%b1%d8%b2%d8%b4%db%8c-%d8%a2%d8%b3%d8%aa%db%8c%d9%86-%d8%ad%d9%84%d9%82%d9%87-%d8%a7%db%8c-%d8%a2%d8%a8%db%8c-1949/,https://salset.com/wp-content/uploads/2021/04/DSC4443.jpg,https://salset.com/wp-content/uploads/2021/04/DSC4444.jpg,https://salset.com/wp-content/uploads/2021/04/DSC4445.jpg,[],[],[],[],[],2100000,1590000,کوناه,گرد
تیشرت مردانه ورزشی آستین حلقه ای adidas طوسی 1948,https://salset.com/product/%d8%aa%db%8c%d8%b4%d8%b1%d8%aa-%d9%85%d8%b1%d8%af%d8%a7%d9%86%d9%87-%d9%88%d8%b1%d8%b2%d8%b4%db%8c-%d8%a2%d8%b3%d8%aa%db%8c%d9%86-%d8%ad%d9%84%d9%82%d9%87-%d8%a7%db%8c-%d8%b7%d9%88%d8%b3%db%8c-1948/,https://salset.com/wp-content/uploads/2021/04/DSC4474.jpg,https://salset.com/wp-content/uploads/2021/04/DSC4473.jpg,https://salset.com/wp-content/uploads/2021/04/DSC4475.jpg,[],[],[],[],[],2100000,1590000,کوناه,گرد
تیشرت مردانه ورزشی آستین حلقه ای adidas سرمه ای 1947,https://salset.com/product/%d8%aa%db%8c%d8%b4%d8%b1%d8%aa-%d9%85%d8%b1%d8%af%d8%a7%d9%86%d9%87-%d9%88%d8%b1%d8%b2%d8%b4%db%8c-%d8%a2%d8%b3%d8%aa%db%8c%d9%86-%d8%ad%d9%84%d9%82%d9%87-%d8%a7%db%8c-%d8%b3%d8%b1%d9%85%d9%87-%d8%a7/,https://salset.com/wp-content/uploads/2021/04/DSC4459.jpg,https://salset.com/wp-content/uploads/2021/04/DSC4460.jpg,https://salset.com/wp-content/uploads/2021/04/DSC4461.jpg,[],[],[],[],[],2100000,1590000,کوناه,گرد
تیشرت مردانه ورزشی آستین حلقه ای adidas طوسی 1946,https://salset.com/product/%d8%aa%db%8c%d8%b4%d8%b1%d8%aa-%d9%85%d8%b1%d8%af%d8%a7%d9%86%d9%87-%d9%88%d8%b1%d8%b2%d8%b4%db%8c-%d8%a2%d8%b3%d8%aa%db%8c%d9%86-%d8%ad%d9%84%d9%82%d9%87-%d8%a7%db%8c-%d8%b7%d9%88%d8%b3%db%8c-1946/,https://salset.com/wp-content/uploads/2021/04/DSC4462.jpg,https://salset.com/wp-content/uploads/2021/04/DSC4463.jpg,https://salset.com/wp-content/uploads/2021/04/DSC4464.jpg,[],[],[],[],[],2100000,1590000,کوناه,گرد
تیشرت مردانه ورزشی آستین حلقه ای adidas ذغالی 1945,https://salset.com/product/%d8%aa%db%8c%d8%b4%d8%b1%d8%aa-%d9%85%d8%b1%d8%af%d8%a7%d9%86%d9%87-%d9%88%d8%b1%d8%b2%d8%b4%db%8c-%d8%a2%d8%b3%d8%aa%db%8c%d9%86-%d8%ad%d9%84%d9%82%d9%87-%d8%a7%db%8c-%d8%b0%d8%ba%d8%a7%d9%84%db%8c/,https://salset.com/wp-content/uploads/2021/04/DSC4470.jpg,https://salset.com/wp-content/uploads/2021/04/DSC4468.jpg,https://salset.com/wp-content/uploads/2021/04/DSC4472.jpg,[],[],[],[],[],2100000,1590000,کوناه,گرد
تیشرت مردانه ورزشی آستین حلقه ای adidas آبی 1944,https://salset.com/product/%d8%aa%db%8c%d8%b4%d8%b1%d8%aa-%d9%85%d8%b1%d8%af%d8%a7%d9%86%d9%87-%d9%88%d8%b1%d8%b2%d8%b4%db%8c-%d8%a2%d8%b3%d8%aa%db%8c%d9%86-%d8%ad%d9%84%d9%82%d9%87-%d8%a7%db%8c-%d8%a2%d8%a8%db%8c-1944/,https://salset.com/wp-content/uploads/2021/04/DSC4455-1.jpg,https://salset.com/wp-content/uploads/2021/04/DSC4456.jpg,https://salset.com/wp-content/uploads/2021/04/DSC4458.jpg,[],[],[],[],[],2100000,1590000,کوناه,گرد
تیشرت مردانه زرد 1976,https://salset.com/product/%d8%aa%db%8c%d8%b4%d8%b1%d8%aa-%d9%85%d8%b1%d8%af%d8%a7%d9%86%d9%87-%d8%b2%d8%b1%d8%af-1976/,https://salset.com/wp-content/uploads/2021/04/DSC4246.jpg,https://salset.com/wp-content/uploads/2021/04/DSC4247.jpg,https://salset.com/wp-content/uploads/2021/04/DSC4248.jpg,[],[],[],[],[],1550000,1290000,کوناه,گرد
تیشرت مردانه نسکافه‌ای 1975,https://salset.com/product/%d8%aa%db%8c%d8%b4%d8%b1%d8%aa-%d9%85%d8%b1%d8%af%d8%a7%d9%86%d9%87-%d9%85%d8%af%d9%84-1975/,https://salset.com/wp-content/uploads/2021/04/DSC4227.jpg,https://salset.com/wp-content/uploads/2021/04/DSC4229.jpg,https://salset.com/wp-content/uploads/2021/04/DSC4228.jpg,[],[],[],[],[],1550000,1290000,کوناه,گرد
تیشرت مردانه صورتی تیره 1974,https://salset.com/product/%d8%aa%db%8c%d8%b4%d8%b1%d8%aa-%d9%85%d8%b1%d8%af%d8%a7%d9%86%d9%87-%d8%b5%d9%88%d8%b1%d8%aa%db%8c-%d8%aa%db%8c%d8%b1%d9%87-1974/,https://salset.com/wp-content/uploads/2021/04/DSC4179.jpg,https://salset.com/wp-content/uploads/2021/04/DSC4180.jpg,https://salset.com/wp-content/uploads/2021/04/DSC4182.jpg,[],[],[],[],[],1550000,1290000,کوناه,گرد
تیشرت مردانه سفید 1973,https://salset.com/product/%d8%aa%db%8c%d8%b4%d8%b1%d8%aa-%d9%85%d8%b1%d8%af%d8%a7%d9%86%d9%87-%d8%b3%d9%81%db%8c%d8%af-1973/,https://salset.com/wp-content/uploads/2021/04/DSC4174.jpg,https://salset.com/wp-content/uploads/2021/04/DSC4172.jpg,https://salset.com/wp-content/uploads/2021/04/DSC4175.jpg,[],[],[],[],[],1550000,1290000,کوناه,گرد
تیشرت مردانه نارنجی 1972,https://salset.com/product/%d8%aa%db%8c%d8%b4%d8%b1%d8%aa-%d9%85%d8%b1%d8%af%d8%a7%d9%86%d9%87-%d9%86%d8%a7%d8%b1%d9%86%d8%ac%db%8c-1972/,https://salset.com/wp-content/uploads/2021/04/DSC4223.jpg,https://salset.com/wp-content/uploads/2021/04/DSC4224.jpg,https://salset.com/wp-content/uploads/2021/04/DSC4225.jpg,[],[],[],[],[],1550000,1290000,کوناه,گرد
تیشرت مردانه طوسی 1971,https://salset.com/product/%d8%aa%db%8c%d8%b4%d8%b1%d8%aa-%d9%85%d8%b1%d8%af%d8%a7%d9%86%d9%87-%d8%b7%d9%88%d8%b3%db%8c-1971/,https://salset.com/wp-content/uploads/2021/04/DSC4220.jpg,https://salset.com/wp-content/uploads/2021/04/DSC4219.jpg,https://salset.com/wp-content/uploads/2021/04/DSC4221.jpg,[],[],[],[],[],1550000,1290000,کوناه,گرد
تیشرت مردانه مشکی 1970,https://salset.com/product/%d8%aa%db%8c%d8%b4%d8%b1%d8%aa-%d9%85%d8%b1%d8%af%d8%a7%d9%86%d9%87-%d9%85%d8%b4%da%a9%db%8c-1970/,https://salset.com/wp-content/uploads/2021/04/DSC4161.jpg,https://salset.com/wp-content/uploads/2021/04/DSC4162.jpg,https://salset.com/wp-content/uploads/2021/04/DSC4164.jpg,[],[],[],[],[],1550000,1290000,کوناه,گرد
تیشرت مردانه طوسی 1969,https://salset.com/product/%d8%aa%db%8c%d8%b4%d8%b1%d8%aa-%d9%85%d8%b1%d8%af%d8%a7%d9%86%d9%87-%d8%b7%d9%88%d8%b3%db%8c-1969/,https://salset.com/wp-content/uploads/2021/04/DSC4200.jpg,https://salset.com/wp-content/uploads/2021/04/DSC4199.jpg,https://salset.com/wp-content/uploads/2021/04/DSC4201.jpg,[],[],[],[],[],1550000,1290000,کوناه,گرد
تیشرت مردانه آبی 1968,https://salset.com/product/%d8%aa%db%8c%d8%b4%d8%b1%d8%aa-%d9%85%d8%b1%d8%af%d8%a7%d9%86%d9%87-%d8%a2%d8%a8%db%8c-1968/,https://salset.com/wp-content/uploads/2021/04/DSC4202.jpg,https://salset.com/wp-content/uploads/2021/04/DSC4203.jpg,https://salset.com/wp-content/uploads/2021/04/DSC4204.jpg,[],[],[],[],[],1550000,1290000,کوناه,گرد
تیشرت مردانه زیتونی 1967,https://salset.com/product/%d8%aa%db%8c%d8%b4%d8%b1%d8%aa-%d9%85%d8%b1%d8%af%d8%a7%d9%86%d9%87-%d8%b2%db%8c%d8%aa%d9%88%d9%86%db%8c-1967/,https://salset.com/wp-content/uploads/2021/04/DSC4207.jpg,https://salset.com/wp-content/uploads/2021/04/DSC4206.jpg,https://salset.com/wp-content/uploads/2021/04/DSC4208.jpg,[],[],[],[],[],1550000,1290000,کوناه,گرد
تیشرت مردانه سرمه‌ای 1966,https://salset.com/product/%d8%aa%db%8c%d8%b4%d8%b1%d8%aa-%d9%85%d8%b1%d8%af%d8%a7%d9%86%d9%87-%d9%85%d8%af%d9%84-1966/,https://salset.com/wp-content/uploads/2021/04/DSC4192.jpg,https://salset.com/wp-content/uploads/2021/04/DSC4193.jpg,https://salset.com/wp-content/uploads/2021/04/DSC4194.jpg,[],[],[],[],[],1550000,1290000,کوناه,گرد
تیشرت مردانه طوسی 1965,https://salset.com/product/%d8%aa%db%8c%d8%b4%d8%b1%d8%aa-%d9%85%d8%b1%d8%af%d8%a7%d9%86%d9%87-%d8%b7%d9%88%d8%b3%db%8c-1965/,https://salset.com/wp-content/uploads/2021/04/DSC4231.jpg,https://salset.com/wp-content/uploads/2021/04/DSC4232.jpg,https://salset.com/wp-content/uploads/2021/04/DSC4233.jpg,[],[],[],[],[],1550000,1190000,کوناه,گرد
تیشرت مردانه آبی ملانژ 1964,https://salset.com/product/%d8%aa%db%8c%d8%b4%d8%b1%d8%aa-%d9%85%d8%b1%d8%af%d8%a7%d9%86%d9%87-%d8%a2%d8%a8%db%8c-%d9%85%d9%84%d8%a7%d9%86%da%98-1964/,https://salset.com/wp-content/uploads/2021/04/DSC4235.jpg,https://salset.com/wp-content/uploads/2021/04/DSC4234.jpg,https://salset.com/wp-content/uploads/2021/04/DSC4236.jpg,[],[],[],[],[],1550000,1190000,کوناه,گرد
تیشرت مردانه کرم ملانژ 1963,https://salset.com/product/%d8%aa%db%8c%d8%b4%d8%b1%d8%aa-%d9%85%d8%b1%d8%af%d8%a7%d9%86%d9%87-%da%a9%d8%b1%d9%85-%d9%85%d9%84%d8%a7%d9%86%da%98-1963/,https://salset.com/wp-content/uploads/2021/04/DSC4237.jpg,https://salset.com/wp-content/uploads/2021/04/DSC4238.jpg,https://salset.com/wp-content/uploads/2021/04/DSC4239.jpg,[],[],[],[],[],1550000,1190000,کوناه,گرد
تیشرت مردانه صورتی ملانژ 1962,https://salset.com/product/%d8%aa%db%8c%d8%b4%d8%b1%d8%aa-%d9%85%d8%b1%d8%af%d8%a7%d9%86%d9%87-%d8%b5%d9%88%d8%b1%d8%aa%db%8c-%d9%85%d9%84%d8%a7%d9%86%da%98-1962/,https://salset.com/wp-content/uploads/2021/04/DSC4190.jpg,https://salset.com/wp-content/uploads/2021/04/DSC4189.jpg,https://salset.com/wp-content/uploads/2021/04/DSC4191.jpg,[],[],[],[],[],1550000,1190000,کوناه,گرد
تیشرت مردانه آبی ملانژ 1961,https://salset.com/product/%d8%aa%db%8c%d8%b4%d8%b1%d8%aa-%d9%85%d8%b1%d8%af%d8%a7%d9%86%d9%87-%d8%a2%d8%a8%db%8c-%d9%85%d9%84%d8%a7%d9%86%da%98-1961/,https://salset.com/wp-content/uploads/2021/04/DSC4186.jpg,https://salset.com/wp-content/uploads/2021/04/DSC4187.jpg,https://salset.com/wp-content/uploads/2021/04/DSC4188.jpg,[],[],[],[],[],1550000,1190000,کوناه,گرد
تیشرت مردانه گلبهی ملانژ 1960,https://salset.com/product/%d8%aa%db%8c%d8%b4%d8%b1%d8%aa-%d9%85%d8%b1%d8%af%d8%a7%d9%86%d9%87-%da%af%d9%84%d8%a8%d9%87%db%8c-%d9%85%d9%84%d8%a7%d9%86%da%98-1960/,https://salset.com/wp-content/uploads/2021/04/DSC4197.jpg,https://salset.com/wp-content/uploads/2021/04/DSC4196.jpg,https://salset.com/wp-content/uploads/2021/04/DSC4198.jpg,[],[],[],[],[],1550000,1190000,کوناه,گرد
تیشرت مردانه سبز 1959,https://salset.com/product/%d8%aa%db%8c%d8%b4%d8%b1%d8%aa-%d9%85%d8%b1%d8%af%d8%a7%d9%86%d9%87-%d8%b3%d8%a8%d8%b2-1959/,https://salset.com/wp-content/uploads/2021/04/DSC4240.jpg,https://salset.com/wp-content/uploads/2021/04/DSC4241.jpg,https://salset.com/wp-content/uploads/2021/04/DSC4242.jpg,[],[],[],[],[],1550000,1290000,کوناه,گرد
تیشرت مردانه شیری 1958,https://salset.com/product/%d8%aa%db%8c%d8%b4%d8%b1%d8%aa-%d9%85%d8%b1%d8%af%d8%a7%d9%86%d9%87-%d8%b4%db%8c%d8%b1%db%8c-1958/,https://salset.com/wp-content/uploads/2021/04/DSC4209.jpg,https://salset.com/wp-content/uploads/2021/04/DSC4210.jpg,https://salset.com/wp-content/uploads/2021/04/DSC4211.jpg,[],[],[],[],[],1550000,1290000,کوناه,گرد
تیشرت مردانه سبز روشن 1957,https://salset.com/product/%d8%aa%db%8c%d8%b4%d8%b1%d8%aa-%d9%85%d8%b1%d8%af%d8%a7%d9%86%d9%87-%d8%b3%d8%a8%d8%b2-%d8%b1%d9%88%d8%b4%d9%86-1957/,https://salset.com/wp-content/uploads/2021/04/DSC4177.jpg,https://salset.com/wp-content/uploads/2021/04/DSC4176.jpg,https://salset.com/wp-content/uploads/2021/04/DSC4178.jpg,[],[],[],[],[],1550000,1290000,کوناه,گرد
تیشرت مردانه شیری 1956,https://salset.com/product/%d8%aa%db%8c%d8%b4%d8%b1%d8%aa-%d9%85%d8%b1%d8%af%d8%a7%d9%86%d9%87-%d8%b4%db%8c%d8%b1%db%8c-1956/,https://salset.com/wp-content/uploads/2021/04/DSC4243.jpg,https://salset.com/wp-content/uploads/2021/04/DSC4244.jpg,https://salset.com/wp-content/uploads/2021/04/DSC4245.jpg,[],[],[],[],[],1550000,1290000,کوناه,گرد
تیشرت مردانه گلبهی 1955,https://salset.com/product/%d8%aa%db%8c%d8%b4%d8%b1%d8%aa-%d9%85%d8%b1%d8%af%d8%a7%d9%86%d9%87-%da%af%d9%84%d8%a8%d9%87%db%8c-1955/,https://salset.com/wp-content/uploads/2021/04/DSC4213.jpg,https://salset.com/wp-content/uploads/2021/04/DSC4212.jpg,https://salset.com/wp-content/uploads/2021/04/DSC4214.jpg,[],[],[],[],[],1550000,1290000,کوناه,گرد
تیشرت مردانه شیری 1954,https://salset.com/product/%d8%aa%db%8c%d8%b4%d8%b1%d8%aa-%d9%85%d8%b1%d8%af%d8%a7%d9%86%d9%87-%d8%b4%db%8c%d8%b1%db%8c-1954/,https://salset.com/wp-content/uploads/2021/04/DSC4215.jpg,https://salset.com/wp-content/uploads/2021/04/DSC4216.jpg,https://salset.com/wp-content/uploads/2021/04/DSC4217.jpg,[],[],[],[],[],1550000,1290000,کوناه,گرد
تیشرت مردانه اسپرت طرح NIKE طوسی تیره 1943,https://salset.com/product/%d8%aa%db%8c%d8%b4%d8%b1%d8%aa-%d9%85%d8%b1%d8%af%d8%a7%d9%86%d9%87-%d8%a7%d8%b3%d9%be%d8%b1%d8%aa-%d8%b7%d9%88%d8%b3%db%8c-%d8%aa%db%8c%d8%b1%d9%87-1943/,https://salset.com/wp-content/uploads/2021/04/DSC4321.jpg,https://salset.com/wp-content/uploads/2021/04/DSC4322.jpg,https://salset.com/wp-content/uploads/2021/04/DSC4323.jpg,[],[],[],[],[],2350000,1890000,کوناه,گرد
تیشرت مردانه اسپرت طرح NIKE آبی تیره 1942,https://salset.com/product/%d8%aa%db%8c%d8%b4%d8%b1%d8%aa-%d9%85%d8%b1%d8%af%d8%a7%d9%86%d9%87-%d8%a7%d8%b3%d9%be%d8%b1%d8%aa-%d8%a2%d8%a8%db%8c-%d8%aa%db%8c%d8%b1%d9%87-1942/,https://salset.com/wp-content/uploads/2021/04/DSC4288.jpg,https://salset.com/wp-content/uploads/2021/04/DSC4287.jpg,https://salset.com/wp-content/uploads/2021/04/DSC4289.jpg,[],[],[],[],[],2350000,1890000,کوناه,گرد
تیشرت مردانه اسپرت طرح NIKE ذغالی 1941,https://salset.com/product/%d8%aa%db%8c%d8%b4%d8%b1%d8%aa-%d9%85%d8%b1%d8%af%d8%a7%d9%86%d9%87-%d8%a7%d8%b3%d9%be%d8%b1%d8%aa-%d8%b0%d8%ba%d8%a7%d9%84%db%8c-1941/,https://salset.com/wp-content/uploads/2021/04/DSC4324.jpg,https://salset.com/wp-content/uploads/2021/04/DSC4326.jpg,https://salset.com/wp-content/uploads/2021/04/DSC4325.jpg,[],[],[],[],[],2350000,1890000,کوناه,گرد
تیشرت مردانه اسپرت طرح NIKE طوسی روشن 1940,https://salset.com/product/%d8%aa%db%8c%d8%b4%d8%b1%d8%aa-%d9%85%d8%b1%d8%af%d8%a7%d9%86%d9%87-%d8%a7%d8%b3%d9%be%d8%b1%d8%aa-%d8%b7%d9%88%d8%b3%db%8c-%d8%b1%d9%88%d8%b4%d9%86-1940/,https://salset.com/wp-content/uploads/2021/04/DSC4335.jpg,https://salset.com/wp-content/uploads/2021/04/DSC4334.jpg,https://salset.com/wp-content/uploads/2021/04/DSC4337.jpg,[],[],[],[],[],2350000,1890000,کوناه,گرد
تیشرت مردانه اسپرت طرح NIKE سرمه‌ای 1939,https://salset.com/product/%d8%aa%db%8c%d8%b4%d8%b1%d8%aa-%d9%85%d8%b1%d8%af%d8%a7%d9%86%d9%87-%d8%a7%d8%b3%d9%be%d8%b1%d8%aa-1939/,https://salset.com/wp-content/uploads/2021/04/DSC4328.jpg,https://salset.com/wp-content/uploads/2021/04/DSC4329.jpg,https://salset.com/wp-content/uploads/2021/04/DSC4330.jpg,[],[],[],[],[],2350000,1890000,کوناه,گرد
تیشرت مردانه اسپرت طرح Under Armour طوسی روشن 1938,https://salset.com/product/%d8%aa%db%8c%d8%b4%d8%b1%d8%aa-%d9%85%d8%b1%d8%af%d8%a7%d9%86%d9%87-%d8%a7%d8%b3%d9%be%d8%b1%d8%aa-%d8%b7%d9%88%d8%b3%db%8c-%d8%b1%d9%88%d8%b4%d9%86-1938/,https://salset.com/wp-content/uploads/2021/04/DSC4331.jpg,https://salset.com/wp-content/uploads/2021/04/DSC4332.jpg,https://salset.com/wp-content/uploads/2021/04/DSC4333.jpg,[],[],[],[],[],2350000,1890000,کوناه,گرد
تیشرت مردانه اسپرت طرح Under Armour آبی 1937,https://salset.com/product/%d8%aa%db%8c%d8%b4%d8%b1%d8%aa-%d9%85%d8%b1%d8%af%d8%a7%d9%86%d9%87-%d8%a7%d8%b3%d9%be%d8%b1%d8%aa-%d8%a2%d8%a8%db%8c-1937/,https://salset.com/wp-content/uploads/2021/04/DSC4279.jpg,https://salset.com/wp-content/uploads/2021/04/DSC4278.jpg,https://salset.com/wp-content/uploads/2021/04/DSC4280.jpg,[],[],[],[],[],2350000,1890000,کوناه,گرد
تیشرت مردانه اسپرت طرح Under Armour طوسی تیره 1936,https://salset.com/product/%d8%aa%db%8c%d8%b4%d8%b1%d8%aa-%d9%85%d8%b1%d8%af%d8%a7%d9%86%d9%87-%d8%a7%d8%b3%d9%be%d8%b1%d8%aa-%d8%b7%d9%88%d8%b3%db%8c-1936/,https://salset.com/wp-content/uploads/2021/04/DSC4338.jpg,https://salset.com/wp-content/uploads/2021/04/DSC4339.jpg,https://salset.com/wp-content/uploads/2021/04/DSC4340.jpg,[],[],[],[],[],2350000,1890000,کوناه,گرد
تیشرت مردانه اسپرت طرح Under Armour سرمه‌ای 1935,https://salset.com/product/%d8%aa%db%8c%d8%b4%d8%b1%d8%aa-%d9%85%d8%b1%d8%af%d8%a7%d9%86%d9%87-%d8%a7%d8%b3%d9%be%d8%b1%d8%aa-1935/,https://salset.com/wp-content/uploads/2021/04/DSC4347.jpg,https://salset.com/wp-content/uploads/2021/04/DSC4345.jpg,https://salset.com/wp-content/uploads/2021/04/DSC4348.jpg,[],[],[],[],[],2350000,1890000,کوناه,گرد
تیشرت مردانه اسپرت طرح Under Armour ذغالی 1934,https://salset.com/product/%d8%aa%db%8c%d8%b4%d8%b1%d8%aa-%d9%85%d8%b1%d8%af%d8%a7%d9%86%d9%87-%d8%a7%d8%b3%d9%be%d8%b1%d8%aa-%d8%b0%d8%ba%d8%a7%d9%84%db%8c-1934/,https://salset.com/wp-content/uploads/2021/04/DSC4306.jpg,https://salset.com/wp-content/uploads/2021/04/DSC4307.jpg,https://salset.com/wp-content/uploads/2021/04/DSC4308.jpg,[],[],[],[],[],2350000,1890000,کوناه,گرد
تیشرت مردانه طرح دار نیم لانگ سرمه‌ای 1933,https://salset.com/product/%d8%aa%db%8c%d8%b4%d8%b1%d8%aa-%d9%85%d8%b1%d8%af%d8%a7%d9%86%d9%87-%d8%b7%d8%b1%d8%ad-%d8%af%d8%a7%d8%b1-%d9%86%db%8c%d9%85-%d9%84%d8%a7%d9%86%da%af-1933/,https://salset.com/wp-content/uploads/2021/04/DSC3960.jpg,https://salset.com/wp-content/uploads/2021/04/DSC3961.jpg,https://salset.com/wp-content/uploads/2021/04/DSC3962.jpg,[],[],[],[],[],1850000,1290000,کوناه,گرد
تیشرت مردانه طرح دار نیم لانگ مشکی 1932,https://salset.com/product/%d8%aa%db%8c%d8%b4%d8%b1%d8%aa-%d9%85%d8%b1%d8%af%d8%a7%d9%86%d9%87-%d8%b7%d8%b1%d8%ad-%d8%af%d8%a7%d8%b1-%d9%86%db%8c%d9%85-%d9%84%d8%a7%d9%86%da%af-1932/,https://salset.com/wp-content/uploads/2021/04/DSC3945.jpg,https://salset.com/wp-content/uploads/2021/04/DSC3944.jpg,https://salset.com/wp-content/uploads/2021/04/DSC3946.jpg,[],[],[],[],[],1850000,1290000,کوناه,گرد
تیشرت مردانه طرح دار نیم لانگ زرشکی 1931,https://salset.com/product/%d8%aa%db%8c%d8%b4%d8%b1%d8%aa-%d9%85%d8%b1%d8%af%d8%a7%d9%86%d9%87-%d8%b7%d8%b1%d8%ad-%d8%af%d8%a7%d8%b1-%d9%86%db%8c%d9%85-%d9%84%d8%a7%d9%86%da%af-1931/,https://salset.com/wp-content/uploads/2021/04/DSC3947.jpg,https://salset.com/wp-content/uploads/2021/04/DSC3948.jpg,https://salset.com/wp-content/uploads/2021/04/DSC3949.jpg,[],[],[],[],[],1850000,1290000,کوناه,گرد
تیشرت مردانه طرح دار نیم لانگ آبی 1930,https://salset.com/product/%d8%aa%db%8c%d8%b4%d8%b1%d8%aa-%d9%85%d8%b1%d8%af%d8%a7%d9%86%d9%87-%d8%b7%d8%b1%d8%ad-%d8%af%d8%a7%d8%b1-%d9%86%db%8c%d9%85-%d9%84%d8%a7%d9%86%da%af-1930/,https://salset.com/wp-content/uploads/2021/04/DSC3957.jpg,https://salset.com/wp-content/uploads/2021/04/DSC3956.jpg,https://salset.com/wp-content/uploads/2021/04/DSC3958.jpg,[],[],[],[],[],1850000,1290000,کوناه,گرد
تیشرت مردانه طرح دار نیم لانگ زرشکی 1929,https://salset.com/product/%d8%aa%db%8c%d8%b4%d8%b1%d8%aa-%d9%85%d8%b1%d8%af%d8%a7%d9%86%d9%87-%d8%b7%d8%b1%d8%ad-%d8%af%d8%a7%d8%b1-%d9%86%db%8c%d9%85-%d9%84%d8%a7%d9%86%da%af-%d8%b2%d8%b1%d8%b4%da%a9%db%8c-1929/,https://salset.com/wp-content/uploads/2021/04/DSC3951.jpg,https://salset.com/wp-content/uploads/2021/04/DSC3953.jpg,https://salset.com/wp-content/uploads/2021/04/DSC3954.jpg,[],[],[],[],[],1850000,1290000,کوناه,گرد
تیشرت مردانه طرح دار Pull&Bear بادمجانی 1920,https://salset.com/product/%d8%aa%db%8c%d8%b4%d8%b1%d8%aa-%d9%85%d8%b1%d8%af%d8%a7%d9%86%d9%87-%d8%b7%d8%b1%d8%ad-%d8%af%d8%a7%d8%b1-%d8%a8%d8%a7%d8%af%d9%85%d8%ac%d8%a7%d9%86%db%8c-1920/,https://salset.com/wp-content/uploads/2021/04/DSC3913.jpg,https://salset.com/wp-content/uploads/2021/04/DSC3912.jpg,https://salset.com/wp-content/uploads/2021/04/DSC3915.jpg,[],[],[],[],[],1950000,1390000,کوناه,گرد
تیشرت مردانه طرح دار Pull&Bear گلبهی 1919,https://salset.com/product/%d8%aa%db%8c%d8%b4%d8%b1%d8%aa-%d9%85%d8%b1%d8%af%d8%a7%d9%86%d9%87-%d8%b7%d8%b1%d8%ad-%d8%af%d8%a7%d8%b1-%da%af%d9%84%d8%a8%d9%87%db%8c-1919/,https://salset.com/wp-content/uploads/2021/04/DSC3785.jpg,https://salset.com/wp-content/uploads/2021/04/DSC3786.jpg,https://salset.com/wp-content/uploads/2021/04/DSC3787.jpg,[],[],[],[],[],1950000,1390000,کوناه,گرد
تیشرت مردانه طرح دار Pull&Bear مشکی 1918,https://salset.com/product/%d8%aa%db%8c%d8%b4%d8%b1%d8%aa-%d9%85%d8%b1%d8%af%d8%a7%d9%86%d9%87-%d8%b7%d8%b1%d8%ad-%d8%af%d8%a7%d8%b1-%d9%85%d8%b4%da%a9%db%8c-1918/,https://salset.com/wp-content/uploads/2021/04/DSC3793.jpg,https://salset.com/wp-content/uploads/2021/04/DSC3791.jpg,https://salset.com/wp-content/uploads/2021/04/DSC3794.jpg,[],[],[],[],[],1950000,1390000,کوناه,گرد
تیشرت مردانه طرح دار Pull&Bear یشمی 1917,https://salset.com/product/%d8%aa%db%8c%d8%b4%d8%b1%d8%aa-%d9%85%d8%b1%d8%af%d8%a7%d9%86%d9%87-%d8%b7%d8%b1%d8%ad-%d8%af%d8%a7%d8%b1-%db%8c%d8%b4%d9%85%db%8c-1917/,https://salset.com/wp-content/uploads/2021/04/DSC3781.jpg,https://salset.com/wp-content/uploads/2021/04/DSC3783.jpg,https://salset.com/wp-content/uploads/2021/04/DSC3782.jpg,[],[],[],[],[],1950000,1390000,کوناه,گرد
تیشرت مردانه طرح دار Catch مشکی 1916,https://salset.com/product/%d8%aa%db%8c%d8%b4%d8%b1%d8%aa-%d9%85%d8%b1%d8%af%d8%a7%d9%86%d9%87-%d8%b7%d8%b1%d8%ad-%d8%af%d8%a7%d8%b1-%d9%85%d8%b4%da%a9%db%8c-1916/,https://salset.com/wp-content/uploads/2021/04/DSC3798.jpg,https://salset.com/wp-content/uploads/2021/04/DSC3799.jpg,https://salset.com/wp-content/uploads/2021/04/DSC3800.jpg,[],[],[],[],[],1950000,1390000,کوناه,گرد
تیشرت مردانه طرح دار Catch سفید 1915,https://salset.com/product/%d8%aa%db%8c%d8%b4%d8%b1%d8%aa-%d9%85%d8%b1%d8%af%d8%a7%d9%86%d9%87-%d8%b7%d8%b1%d8%ad-%d8%af%d8%a7%d8%b1-%d8%b3%d9%81%db%8c%d8%af-1915/,https://salset.com/wp-content/uploads/2021/04/DSC3789.jpg,https://salset.com/wp-content/uploads/2021/04/DSC3788.jpg,https://salset.com/wp-content/uploads/2021/04/DSC3790.jpg,[],[],[],[],[],1950000,1390000,کوناه,گرد
تیشرت مردانه طرح دار Catch سرمه ای 1914,https://salset.com/product/%d8%aa%db%8c%d8%b4%d8%b1%d8%aa-%d9%85%d8%b1%d8%af%d8%a7%d9%86%d9%87-%d8%b7%d8%b1%d8%ad-%d8%af%d8%a7%d8%b1-%d9%85%d8%af%d9%84-1914/,https://salset.com/wp-content/uploads/2021/04/DSC3801.jpg,https://salset.com/wp-content/uploads/2021/04/DSC3802.jpg,https://salset.com/wp-content/uploads/2021/04/DSC3803.jpg,[],[],[],[],[],1950000,1390000,کوناه,گرد
تیشرت مردانه طرح دار زیتونی 1913,https://salset.com/product/%d8%aa%db%8c%d8%b4%d8%b1%d8%aa-%d9%85%d8%b1%d8%af%d8%a7%d9%86%d9%87-%d8%b7%d8%b1%d8%ad-%d8%af%d8%a7%d8%b1-%d8%b2%db%8c%d8%aa%d9%88%d9%86%db%8c-1913/,https://salset.com/wp-content/uploads/2021/04/DSC3766.jpg,https://salset.com/wp-content/uploads/2021/04/DSC3765.jpg,https://salset.com/wp-content/uploads/2021/04/DSC3767.jpg,[],[],[],[],[],1950000,1390000,کوناه,گرد
تیشرت مردانه طرح دار سرمه ای 1912,https://salset.com/product/%d8%aa%db%8c%d8%b4%d8%b1%d8%aa-%d9%85%d8%b1%d8%af%d8%a7%d9%86%d9%87-%d8%b7%d8%b1%d8%ad-%d8%af%d8%a7%d8%b1-%d8%b3%d8%b1%d9%85%d9%87-%d8%a7%db%8c-1912/,https://salset.com/wp-content/uploads/2021/04/DSC3748.jpg,https://salset.com/wp-content/uploads/2021/04/DSC3749.jpg,https://salset.com/wp-content/uploads/2021/04/DSC3750.jpg,[],[],[],[],[],1950000,1390000,کوناه,گرد
تیشرت مردانه طرح دار طوسی 1911,https://salset.com/product/%d8%aa%db%8c%d8%b4%d8%b1%d8%aa-%d9%85%d8%b1%d8%af%d8%a7%d9%86%d9%87-%d8%b7%d8%b1%d8%ad-%d8%af%d8%a7%d8%b1-%d8%b7%d9%88%d8%b3%db%8c-1911/,https://salset.com/wp-content/uploads/2021/04/DSC3751.jpg,https://salset.com/wp-content/uploads/2021/04/DSC3752.jpg,https://salset.com/wp-content/uploads/2021/04/DSC3753.jpg,[],[],[],[],[],1950000,1390000,کوناه,گرد
تیشرت مردانه طرح دار Cactus سرمه ای 1910,https://salset.com/product/%d8%aa%db%8c%d8%b4%d8%b1%d8%aa-%d9%85%d8%b1%d8%af%d8%a7%d9%86%d9%87-%d8%b7%d8%b1%d8%ad-%d8%af%d8%a7%d8%b1-%d8%b3%d8%b1%d9%85%d9%87-%d8%a7%db%8c-1910/,https://salset.com/wp-content/uploads/2021/04/DSC3755.jpg,https://salset.com/wp-content/uploads/2021/04/DSC3754.jpg,https://salset.com/wp-content/uploads/2021/04/DSC3756.jpg,[],[],[],[],[],1950000,1390000,کوناه,گرد
تیشرت مردانه طرح دار Cactus سبز تیره 1909,https://salset.com/product/%d8%aa%db%8c%d8%b4%d8%b1%d8%aa-%d9%85%d8%b1%d8%af%d8%a7%d9%86%d9%87-%d8%b7%d8%b1%d8%ad-%d8%af%d8%a7%d8%b1-%d8%b3%d8%a8%d8%b2-%d8%aa%db%8c%d8%b1%d9%87-1909/,https://salset.com/wp-content/uploads/2021/04/DSC3757.jpg,https://salset.com/wp-content/uploads/2021/04/DSC3758.jpg,https://salset.com/wp-content/uploads/2021/04/DSC3759.jpg,[],[],[],[],[],1950000,1390000,کوناه,گرد
تیشرت مردانه طرح دار Cactus کرم 1908,https://salset.com/product/%d8%aa%db%8c%d8%b4%d8%b1%d8%aa-%d9%85%d8%b1%d8%af%d8%a7%d9%86%d9%87-%d8%b7%d8%b1%d8%ad-%d8%af%d8%a7%d8%b1-%da%a9%d8%b1%d9%85-1908/,https://salset.com/wp-content/uploads/2021/04/DSC3761.jpg,https://salset.com/wp-content/uploads/2021/04/DSC3763.jpg,https://salset.com/wp-content/uploads/2021/04/DSC3764.jpg,[],[],[],[],[],1950000,1390000,کوناه,گرد
تیشرت مردانه طرح دار Cactus طوسی 1907,https://salset.com/product/%d8%aa%db%8c%d8%b4%d8%b1%d8%aa-%d9%85%d8%b1%d8%af%d8%a7%d9%86%d9%87-%d8%b7%d8%b1%d8%ad-%d8%af%d8%a7%d8%b1-%d8%b7%d9%88%d8%b3%db%8c-1907/,https://salset.com/wp-content/uploads/2021/04/DSC3745.jpg,https://salset.com/wp-content/uploads/2021/04/DSC3744.jpg,https://salset.com/wp-content/uploads/2021/04/DSC3746.jpg,[],[],[],[],[],1950000,1390000,کوناه,گرد
تیشرت مردانه طرح دار Cactus مشکی 1906,https://salset.com/product/%d8%aa%db%8c%d8%b4%d8%b1%d8%aa-%d9%85%d8%b1%d8%af%d8%a7%d9%86%d9%87-%d8%b7%d8%b1%d8%ad-%d8%af%d8%a7%d8%b1-%d9%85%d8%b4%da%a9%db%8c-1906/,https://salset.com/wp-content/uploads/2021/04/DSC3740.jpg,https://salset.com/wp-content/uploads/2021/04/DSC3741.jpg,https://salset.com/wp-content/uploads/2021/04/DSC3742.jpg,[],[],[],[],[],1950000,1390000,کوناه,گرد
تی شرت ساده یقه گرد مردانه TOM TAILOR گلبهی 1797,https://salset.com/product/%d8%aa%db%8c-%d8%b4%d8%b1%d8%aa-%d8%b3%d8%a7%d8%af%d9%87-%db%8c%d9%82%d9%87-%da%af%d8%b1%d8%af-%d9%85%d8%b1%d8%af%d8%a7%d9%86%d9%87-%da%af%d9%84%d8%a8%d9%87%db%8c-1798/,https://salset.com/wp-content/uploads/2021/03/DSC1353.jpg,https://salset.com/wp-content/uploads/2021/03/DSC1352.jpg,https://salset.com/wp-content/uploads/2021/03/DSC1354.jpg,[],[],[],[],[],1390000,1100000,کوتاه,گرد
تی شرت ساده یقه گرد مردانه TOM TAILOR نارنجی 1797,https://salset.com/product/%d8%aa%db%8c-%d8%b4%d8%b1%d8%aa-%d8%b3%d8%a7%d8%af%d9%87-%db%8c%d9%82%d9%87-%da%af%d8%b1%d8%af-%d9%85%d8%b1%d8%af%d8%a7%d9%86%d9%87-%d9%86%d8%a7%d8%b1%d9%86%d8%ac%db%8c-1797/,https://salset.com/wp-content/uploads/2021/03/DSC1250.jpg,https://salset.com/wp-content/uploads/2021/03/DSC1249.jpg,https://salset.com/wp-content/uploads/2021/03/DSC1251.jpg,[],[],[],[],[],1390000,1100000,کوتاه,گرد
تیشرت مردانه سرمه‌ای 1884,https://salset.com/product/%d8%aa%db%8c%d8%b4%d8%b1%d8%aa-%d9%85%d8%b1%d8%af%d8%a7%d9%86%d9%87-%d9%85%d8%af%d9%84-1884/,https://salset.com/wp-content/uploads/2021/03/DSC2591.jpg,https://salset.com/wp-content/uploads/2021/03/DSC2590.jpg,https://salset.com/wp-content/uploads/2021/03/DSC2592.jpg,[],[],[],[],[],1350000,990000,کوناه,گرد
تیشرت مردانه کله غازی 1883,https://salset.com/product/%d8%aa%db%8c%d8%b4%d8%b1%d8%aa-%d9%85%d8%b1%d8%af%d8%a7%d9%86%d9%87-%da%a9%d9%84%d9%87-%d8%ba%d8%a7%d8%b2%db%8c-1883/,https://salset.com/wp-content/uploads/2021/03/DSC2545.jpg,https://salset.com/wp-content/uploads/2021/03/DSC2546.jpg,https://salset.com/wp-content/uploads/2021/03/DSC2547.jpg,[],[],[],[],[],1350000,990000,کوناه,گرد
تیشرت مردانه صورتی 1882,https://salset.com/product/%d8%aa%db%8c%d8%b4%d8%b1%d8%aa-%d9%85%d8%b1%d8%af%d8%a7%d9%86%d9%87-%d8%b5%d9%88%d8%b1%d8%aa%db%8c-1882/,https://salset.com/wp-content/uploads/2021/03/DSC2550.jpg,https://salset.com/wp-content/uploads/2021/03/DSC2549.jpg,https://salset.com/wp-content/uploads/2021/03/DSC2551.jpg,[],[],[],[],[],1350000,990000,کوناه,گرد
تیشرت مردانه زیتونی 1881,https://salset.com/product/%d8%aa%db%8c%d8%b4%d8%b1%d8%aa-%d9%85%d8%b1%d8%af%d8%a7%d9%86%d9%87-%d8%b2%db%8c%d8%aa%d9%88%d9%86%db%8c-1881/,https://salset.com/wp-content/uploads/2021/03/DSC2594.jpg,https://salset.com/wp-content/uploads/2021/03/DSC2595.jpg,https://salset.com/wp-content/uploads/2021/03/DSC2596.jpg,[],[],[],[],[],1350000,990000,کوناه,گرد
تیشرت مردانه تیفانی 1880,https://salset.com/product/%d8%aa%db%8c%d8%b4%d8%b1%d8%aa-%d9%85%d8%b1%d8%af%d8%a7%d9%86%d9%87-%d8%aa%db%8c%d9%81%d8%a7%d9%86%db%8c-1880/,https://salset.com/wp-content/uploads/2021/03/DSC2584.jpg,https://salset.com/wp-content/uploads/2021/03/DSC2583.jpg,https://salset.com/wp-content/uploads/2021/03/DSC2585.jpg,[],[],[],[],[],1350000,990000,کوناه,گرد
تیشرت مردانه آبی 1879,https://salset.com/product/%d8%aa%db%8c%d8%b4%d8%b1%d8%aa-%d9%85%d8%b1%d8%af%d8%a7%d9%86%d9%87-%d8%a2%d8%a8%db%8c-1879/,https://salset.com/wp-content/uploads/2021/03/DSC2580.jpg,https://salset.com/wp-content/uploads/2021/03/DSC2579.jpg,https://salset.com/wp-content/uploads/2021/03/DSC2581.jpg,[],[],[],[],[],1350000,990000,کوناه,گرد
تیشرت مردانه پرتقالی 1878,https://salset.com/product/%d8%aa%db%8c%d8%b4%d8%b1%d8%aa-%d9%85%d8%b1%d8%af%d8%a7%d9%86%d9%87-%d9%be%d8%b1%d8%aa%d9%82%d8%a7%d9%84%db%8c-1878/,https://salset.com/wp-content/uploads/2021/03/DSC2563.jpg,https://salset.com/wp-content/uploads/2021/03/DSC2562.jpg,https://salset.com/wp-content/uploads/2021/03/DSC2564.jpg,[],[],[],[],[],1350000,990000,کوناه,گرد
تیشرت مردانه مشکی 1877,https://salset.com/product/%d8%aa%db%8c%d8%b4%d8%b1%d8%aa-%d9%85%d8%b1%d8%af%d8%a7%d9%86%d9%87-%d9%85%d8%b4%da%a9%db%8c-1877/,https://salset.com/wp-content/uploads/2021/03/DSC2568.jpg,https://salset.com/wp-content/uploads/2021/03/DSC2569.jpg,https://salset.com/wp-content/uploads/2021/03/DSC2570.jpg,[],[],[],[],[],1350000,990000,کوناه,گرد
تیشرت مردانه سفید 1876,https://salset.com/product/%d8%aa%db%8c%d8%b4%d8%b1%d8%aa-%d9%85%d8%b1%d8%af%d8%a7%d9%86%d9%87-%d8%b3%d9%81%db%8c%d8%af-1876/,https://salset.com/wp-content/uploads/2021/03/DSC2566.jpg,https://salset.com/wp-content/uploads/2021/03/DSC2565.jpg,https://salset.com/wp-content/uploads/2021/03/DSC2567.jpg,[],[],[],[],[],1350000,990000,کوناه,گرد
تیشرت مردانه طوسی تیره 1875,https://salset.com/product/%d8%aa%db%8c%d8%b4%d8%b1%d8%aa-%d9%85%d8%b1%d8%af%d8%a7%d9%86%d9%87-%d8%b7%d9%88%d8%b3%db%8c-%d8%aa%db%8c%d8%b1%d9%87-1875/,https://salset.com/wp-content/uploads/2021/03/DSC2552.jpg,https://salset.com/wp-content/uploads/2021/03/DSC2553.jpg,https://salset.com/wp-content/uploads/2021/03/DSC2554.jpg,[],[],[],[],[],1350000,990000,کوناه,گرد
تیشرت مردانه مشکی 1874,https://salset.com/product/%d8%aa%db%8c%d8%b4%d8%b1%d8%aa-%d9%85%d8%b1%d8%af%d8%a7%d9%86%d9%87-%d9%85%d8%b4%da%a9%db%8c-1874/,https://salset.com/wp-content/uploads/2021/03/DSC2572.jpg,https://salset.com/wp-content/uploads/2021/03/DSC2571.jpg,https://salset.com/wp-content/uploads/2021/03/DSC2573.jpg,[],[],[],[],[],1350000,990000,کوناه,گرد
تیشرت مردانه سفید 1873,https://salset.com/product/%d8%aa%db%8c%d8%b4%d8%b1%d8%aa-%d9%85%d8%b1%d8%af%d8%a7%d9%86%d9%87-%d8%b3%d9%81%db%8c%d8%af-1873/,https://salset.com/wp-content/uploads/2021/03/DSC2555.jpg,https://salset.com/wp-content/uploads/2021/03/DSC2556.jpg,https://salset.com/wp-content/uploads/2021/03/DSC2557.jpg,[],[],[],[],[],1350000,990000,کوناه,گرد
تیشرت مردانه سرمه‌ای 1872,https://salset.com/product/%d8%aa%db%8c%d8%b4%d8%b1%d8%aa-%d9%85%d8%b1%d8%af%d8%a7%d9%86%d9%87-%d9%85%d8%af%d9%84-1872/,https://salset.com/wp-content/uploads/2021/03/DSC2588.jpg,https://salset.com/wp-content/uploads/2021/03/DSC2587.jpg,https://salset.com/wp-content/uploads/2021/03/DSC2589.jpg,[],[],[],[],[],1350000,990000,کوناه,گرد
تیشرت مردانه کله غازی 1871,https://salset.com/product/%d8%aa%db%8c%d8%b4%d8%b1%d8%aa-%d9%85%d8%b1%d8%af%d8%a7%d9%86%d9%87-%da%a9%d9%84%d9%87-%d8%ba%d8%a7%d8%b2%db%8c-1871/,https://salset.com/wp-content/uploads/2021/03/DSC2559.jpg,https://salset.com/wp-content/uploads/2021/03/DSC2560.jpg,https://salset.com/wp-content/uploads/2021/03/DSC2561.jpg,[],[],[],[],[],1350000,990000,کوناه,گرد
تیشرت مردانه پرتقالی 1870,https://salset.com/product/%d8%aa%db%8c%d8%b4%d8%b1%d8%aa-%d9%85%d8%b1%d8%af%d8%a7%d9%86%d9%87-%d9%be%d8%b1%d8%aa%d9%82%d8%a7%d9%84%db%8c-1870/,https://salset.com/wp-content/uploads/2021/03/DSC2604.jpg,https://salset.com/wp-content/uploads/2021/03/DSC2606.jpg,https://salset.com/wp-content/uploads/2021/03/DSC2605.jpg,[],[],[],[],[],1350000,990000,کوناه,گرد
تیشرت مردانه تیفانی 1869,https://salset.com/product/%d8%aa%db%8c%d8%b4%d8%b1%d8%aa-%d9%85%d8%b1%d8%af%d8%a7%d9%86%d9%87-%d8%aa%db%8c%d9%81%d8%a7%d9%86%db%8c-1869/,https://salset.com/wp-content/uploads/2021/03/DSC2574.jpg,https://salset.com/wp-content/uploads/2021/03/DSC2576.jpg,https://salset.com/wp-content/uploads/2021/03/DSC2577.jpg,[],[],[],[],[],1350000,990000,کوناه,گرد
تیشرت مردانه طوسی تیره 1868,https://salset.com/product/%d8%aa%db%8c%d8%b4%d8%b1%d8%aa-%d9%85%d8%b1%d8%af%d8%a7%d9%86%d9%87-%d8%b7%d9%88%d8%b3%db%8c-%d8%aa%db%8c%d8%b1%d9%87-1868/,https://salset.com/wp-content/uploads/2021/03/DSC2543.jpg,https://salset.com/wp-content/uploads/2021/03/DSC2544.jpg,[],[],[],[],[],[],1350000,990000,کوناه,گرد
تیشرت مردانه زیتونی 1867,https://salset.com/product/%d8%aa%db%8c%d8%b4%d8%b1%d8%aa-%d9%85%d8%b1%d8%af%d8%a7%d9%86%d9%87-%d8%b2%db%8c%d8%aa%d9%88%d9%86%db%8c-1867/,https://salset.com/wp-content/uploads/2021/03/DSC2597.jpg,https://salset.com/wp-content/uploads/2021/03/DSC2600.jpg,https://salset.com/wp-content/uploads/2021/03/DSC2601.jpg,[],[],[],[],[],1350000,990000,کوناه,گرد
تیشرت مردانه طرح ZARA پرتقالی 1796,https://salset.com/product/%d8%aa%db%8c%d8%b4%d8%b1%d8%aa-%d9%85%d8%b1%d8%af%d8%a7%d9%86%d9%87-%d8%b7%d8%b1%d8%ad-%d9%be%d8%b1%d8%aa%d9%82%d8%a7%d9%84%db%8c-1796/,https://salset.com/wp-content/uploads/2021/03/DSC1664.jpg,https://salset.com/wp-content/uploads/2021/03/DSC1663.jpg,https://salset.com/wp-content/uploads/2021/03/DSC1665.jpg,[],[],[],[],[],1350000,990000,کوناه,گرد
تیشرت مردانه طرح ZARA سرمه ای 1795,https://salset.com/product/%d8%aa%db%8c%d8%b4%d8%b1%d8%aa-%d9%85%d8%b1%d8%af%d8%a7%d9%86%d9%87-%d8%b7%d8%b1%d8%ad-%d8%b3%d8%b1%d9%85%d9%87-%d8%a7%db%8c-1795/,https://salset.com/wp-content/uploads/2021/03/DSC1610.jpg,https://salset.com/wp-content/uploads/2021/03/DSC1611.jpg,https://salset.com/wp-content/uploads/2021/03/DSC1612.jpg,[],[],[],[],[],1350000,990000,کوناه,گرد
تیشرت مردانه طرح ZARA سفید 1794,https://salset.com/product/%d8%aa%db%8c%d8%b4%d8%b1%d8%aa-%d9%85%d8%b1%d8%af%d8%a7%d9%86%d9%87-%d8%b7%d8%b1%d8%ad-%d8%b3%d9%81%db%8c%d8%af-1794/,https://salset.com/wp-content/uploads/2021/03/DSC1705.jpg,https://salset.com/wp-content/uploads/2021/03/DSC1703.jpg,https://salset.com/wp-content/uploads/2021/03/DSC1706.jpg,[],[],[],[],[],1350000,990000,کوناه,گرد
تیشرت مردانه طرح ZARA مشکی 1793,https://salset.com/product/%d8%aa%db%8c%d8%b4%d8%b1%d8%aa-%d9%85%d8%b1%d8%af%d8%a7%d9%86%d9%87-%d8%b7%d8%b1%d8%ad-%d9%85%d8%b4%da%a9%db%8c-1793/,https://salset.com/wp-content/uploads/2021/03/DSC1613.jpg,https://salset.com/wp-content/uploads/2021/03/DSC1614.jpg,https://salset.com/wp-content/uploads/2021/03/DSC1616.jpg,[],[],[],[],[],1350000,990000,کوناه,گرد
تیشرت مردانه طرح ZARA آبی 1792,https://salset.com/product/%d8%aa%db%8c%d8%b4%d8%b1%d8%aa-%d9%85%d8%b1%d8%af%d8%a7%d9%86%d9%87-%d8%b7%d8%b1%d8%ad-%d8%a2%d8%a8%db%8c-1792/,https://salset.com/wp-content/uploads/2021/03/DSC1701.jpg,https://salset.com/wp-content/uploads/2021/03/DSC1699.jpg,https://salset.com/wp-content/uploads/2021/03/DSC1702.jpg,[],[],[],[],[],1350000,990000,کوناه,گرد
تیشرت مردانه طرح ZARA زیتونی 1791,https://salset.com/product/%d8%aa%db%8c%d8%b4%d8%b1%d8%aa-%d9%85%d8%b1%d8%af%d8%a7%d9%86%d9%87-%d8%b7%d8%b1%d8%ad-%d8%b2%db%8c%d8%aa%d9%88%d9%86%db%8c-1791/,https://salset.com/wp-content/uploads/2021/03/DSC1660.jpg,https://salset.com/wp-content/uploads/2021/03/DSC1661.jpg,https://salset.com/wp-content/uploads/2021/03/DSC1662.jpg,[],[],[],[],[],1350000,990000,کوناه,گرد
تیشرت مردانه طرح ZARA تیفانی 1790,https://salset.com/product/%d8%aa%db%8c%d8%b4%d8%b1%d8%aa-%d9%85%d8%b1%d8%af%d8%a7%d9%86%d9%87-%d8%b7%d8%b1%d8%ad-%d8%aa%db%8c%d9%81%d8%a7%d9%86%db%8c-1790/,https://salset.com/wp-content/uploads/2021/03/DSC1716.jpg,https://salset.com/wp-content/uploads/2021/03/DSC1715.jpg,https://salset.com/wp-content/uploads/2021/03/DSC1717.jpg,[],[],[],[],[],1350000,990000,کوناه,گرد
تیشرت مردانه طرح ZARA کله غازی 1789,https://salset.com/product/%d8%aa%db%8c%d8%b4%d8%b1%d8%aa-%d9%85%d8%b1%d8%af%d8%a7%d9%86%d9%87-%d8%b7%d8%b1%d8%ad-%da%a9%d9%84%d9%87-%d8%ba%d8%a7%d8%b2%db%8c-1789/,https://salset.com/wp-content/uploads/2021/03/DSC1657.jpg,https://salset.com/wp-content/uploads/2021/03/DSC1658.jpg,https://salset.com/wp-content/uploads/2021/03/DSC1659.jpg,[],[],[],[],[],1350000,990000,کوناه,گرد
تیشرت مردانه طرح ZARA صورتی 1788,https://salset.com/product/%d8%aa%db%8c%d8%b4%d8%b1%d8%aa-%d9%85%d8%b1%d8%af%d8%a7%d9%86%d9%87-%d8%b7%d8%b1%d8%ad-%d8%b5%d9%88%d8%b1%d8%aa%db%8c-1788/,https://salset.com/wp-content/uploads/2021/03/DSC1608.jpg,https://salset.com/wp-content/uploads/2021/03/DSC1607.jpg,https://salset.com/wp-content/uploads/2021/03/DSC1609.jpg,[],[],[],[],[],1350000,990000,کوناه,گرد
تیشرت مردانه طرح ZARA طوسی تیره 1787,https://salset.com/product/%d8%aa%db%8c%d8%b4%d8%b1%d8%aa-%d9%85%d8%b1%d8%af%d8%a7%d9%86%d9%87-%d8%b7%d9%88%d8%b3%db%8c-%d8%aa%db%8c%d8%b1%d9%87-1787/,https://salset.com/wp-content/uploads/2021/03/DSC1654.jpg,https://salset.com/wp-content/uploads/2021/03/DSC1655.jpg,https://salset.com/wp-content/uploads/2021/03/DSC1656.jpg,[],[],[],[],[],1350000,990000,کوناه,گرد
تیشرت مردانه زیتونی مدل 1786,https://salset.com/product/%d8%aa%db%8c%d8%b4%d8%b1%d8%aa-%d9%85%d8%b1%d8%af%d8%a7%d9%86%d9%87-%d8%b2%db%8c%d8%aa%d9%88%d9%86%db%8c-%d9%85%d8%af%d9%84-1786/,https://salset.com/wp-content/uploads/2021/02/DSC1643.jpg,https://salset.com/wp-content/uploads/2021/02/DSC1644.jpg,https://salset.com/wp-content/uploads/2021/02/DSC1645.jpg,[],[],[],[],[],1350000,990000,کوناه,گرد
تیشرت مردانه سرمه‌ای مدل 1785,https://salset.com/product/%d8%aa%db%8c%d8%b4%d8%b1%d8%aa-%d9%85%d8%b1%d8%af%d8%a7%d9%86%d9%87-%d8%b3%d9%88%d8%b1%d9%85%d9%87%e2%80%8c%d8%a7%db%8c-%d9%85%d8%af%d9%84-1785/,https://salset.com/wp-content/uploads/2021/02/DSC1605.jpg,https://salset.com/wp-content/uploads/2021/02/DSC1604.jpg,https://salset.com/wp-content/uploads/2021/02/DSC1606.jpg,[],[],[],[],[],1350000,990000,کوناه,گرد
تیشرت مردانه صورتی مدل 1784,https://salset.com/product/%d8%aa%db%8c%d8%b4%d8%b1%d8%aa-%d9%85%d8%b1%d8%af%d8%a7%d9%86%d9%87-%d8%b5%d9%88%d8%b1%d8%aa%db%8c-%d9%85%d8%af%d9%84-1784/,https://salset.com/wp-content/uploads/2021/02/DSC1601.jpg,https://salset.com/wp-content/uploads/2021/02/DSC1602.jpg,https://salset.com/wp-content/uploads/2021/02/DSC1603.jpg,[],[],[],[],[],1350000,990000,کوناه,گرد
تیشرت مردانه تیفانی مدل 1783,https://salset.com/product/%d8%aa%db%8c%d8%b4%d8%b1%d8%aa-%d9%85%d8%b1%d8%af%d8%a7%d9%86%d9%87-%d8%aa%db%8c%d9%81%d8%a7%d9%86%db%8c-%d9%85%d8%af%d9%84-1783/,https://salset.com/wp-content/uploads/2021/02/DSC1683.jpg,https://salset.com/wp-content/uploads/2021/02/DSC1682.jpg,https://salset.com/wp-content/uploads/2021/02/DSC1684.jpg,[],[],[],[],[],1350000,990000,کوناه,گرد
تیشرت مردانه کله غازی مدل 1782,https://salset.com/product/%d8%aa%db%8c%d8%b4%d8%b1%d8%aa-%d9%85%d8%b1%d8%af%d8%a7%d9%86%d9%87-%da%a9%d9%84%d9%87-%d8%ba%d8%a7%d8%b2%db%8c-%d9%85%d8%af%d9%84-1782/,https://salset.com/wp-content/uploads/2021/02/DSC1636.jpg,https://salset.com/wp-content/uploads/2021/02/DSC1637.jpg,https://salset.com/wp-content/uploads/2021/02/DSC1638.jpg,[],[],[],[],[],1350000,990000,کوناه,گرد
تیشرت مردانه قرمز مدل 1781,https://salset.com/product/%d8%aa%db%8c%d8%b4%d8%b1%d8%aa-%d9%85%d8%b1%d8%af%d8%a7%d9%86%d9%87-%d9%82%d8%b1%d9%85%d8%b2-%d9%85%d8%af%d9%84-1781/,https://salset.com/wp-content/uploads/2021/02/DSC1678.jpg,https://salset.com/wp-content/uploads/2021/02/DSC1680.jpg,https://salset.com/wp-content/uploads/2021/02/DSC1681.jpg,[],[],[],[],[],1350000,990000,کوناه,گرد
تیشرت مردانه طوسی تیره مدل 1780,https://salset.com/product/%d8%aa%db%8c%d8%b4%d8%b1%d8%aa-%d9%85%d8%b1%d8%af%d8%a7%d9%86%d9%87-%d8%b7%d9%88%d8%b3%db%8c-%d8%aa%db%8c%d8%b1%d9%87-%d9%85%d8%af%d9%84-1780/,https://salset.com/wp-content/uploads/2021/02/DSC1641.jpg,https://salset.com/wp-content/uploads/2021/02/DSC1640.jpg,https://salset.com/wp-content/uploads/2021/02/DSC1642.jpg,[],[],[],[],[],1350000,990000,کوناه,گرد
تیشرت مردانه مشکی مدل 1779,https://salset.com/product/%d8%aa%db%8c%d8%b4%d8%b1%d8%aa-%d9%85%d8%b1%d8%af%d8%a7%d9%86%d9%87-%d9%85%d8%b4%da%a9%db%8c-%d9%85%d8%af%d9%84-1779/,https://salset.com/wp-content/uploads/2021/02/DSC1598.jpg,https://salset.com/wp-content/uploads/2021/02/DSC1599.jpg,https://salset.com/wp-content/uploads/2021/02/DSC1600.jpg,[],[],[],[],[],1350000,990000,کوناه,گرد
تیشرت مردانه گلبهی تیره مدل 1777,https://salset.com/product/%d8%aa%db%8c%d8%b4%d8%b1%d8%aa-%d9%85%d8%b1%d8%af%d8%a7%d9%86%d9%87-%da%af%d9%84%d8%a8%d9%87%db%8c-%d8%aa%db%8c%d8%b1%d9%87-%d9%85%d8%af%d9%84-1777/,https://salset.com/wp-content/uploads/2021/02/DSC1634.jpg,https://salset.com/wp-content/uploads/2021/02/DSC1633.jpg,https://salset.com/wp-content/uploads/2021/02/DSC1635.jpg,[],[],[],[],[],1350000,990000,کوناه,گرد
تیشرت مردانه آبی مدل 1776,https://salset.com/product/%d8%aa%db%8c%d8%b4%d8%b1%d8%aa-%d9%85%d8%b1%d8%af%d8%a7%d9%86%d9%87-%d8%a2%d8%a8%db%8c-%d9%85%d8%af%d9%84-1776/,https://salset.com/wp-content/uploads/2021/02/DSC1672.jpg,https://salset.com/wp-content/uploads/2021/02/DSC1673.jpg,https://salset.com/wp-content/uploads/2021/02/DSC1674.jpg,[],[],[],[],[],1350000,990000,کوناه,گرد
تیشرت مردانه سفید مدل 1775,https://salset.com/product/%d8%aa%db%8c%d8%b4%d8%b1%d8%aa-%d9%85%d8%b1%d8%af%d8%a7%d9%86%d9%87-%d8%b3%d9%81%db%8c%d8%af-%d9%85%d8%af%d9%84-1775/,https://salset.com/wp-content/uploads/2021/02/DSC1670.jpg,https://salset.com/wp-content/uploads/2021/02/DSC1669.jpg,https://salset.com/wp-content/uploads/2021/02/DSC1671.jpg,[],[],[],[],[],1350000,990000,کوناه,گرد
تیشرت مردانه تیفانی مدل 1774,https://salset.com/product/%d8%aa%db%8c%d8%b4%d8%b1%d8%aa-%d9%85%d8%b1%d8%af%d8%a7%d9%86%d9%87-%d8%aa%db%8c%d9%81%d8%a7%d9%86%db%8c-%d9%85%d8%af%d9%84-1774/,https://salset.com/wp-content/uploads/2021/02/DSC1629.jpg,https://salset.com/wp-content/uploads/2021/02/DSC1630.jpg,https://salset.com/wp-content/uploads/2021/02/DSC1631.jpg,[],[],[],[],[],1350000,990000,کوناه,گرد
تیشرت مردانه زیتونی مدل 1773,https://salset.com/product/%d8%aa%db%8c%d8%b4%d8%b1%d8%aa-%d9%85%d8%b1%d8%af%d8%a7%d9%86%d9%87-%d8%b2%db%8c%d8%aa%d9%88%d9%86%db%8c-%d9%85%d8%af%d9%84-1773/,https://salset.com/wp-content/uploads/2021/02/DSC1623.jpg,https://salset.com/wp-content/uploads/2021/02/DSC1622.jpg,https://salset.com/wp-content/uploads/2021/02/DSC1624.jpg,[],[],[],[],[],1350000,990000,کوناه,گرد
تیشرت مردانه پرتقالی مدل 1772,https://salset.com/product/%d8%aa%db%8c%d8%b4%d8%b1%d8%aa-%d9%85%d8%b1%d8%af%d8%a7%d9%86%d9%87-%d9%be%d8%b1%d8%aa%d9%82%d8%a7%d9%84%db%8c-%d9%85%d8%af%d9%84-1772/,https://salset.com/wp-content/uploads/2021/02/DSC1625.jpg,https://salset.com/wp-content/uploads/2021/02/DSC1626.jpg,https://salset.com/wp-content/uploads/2021/02/DSC1627.jpg,[],[],[],[],[],1350000,990000,کوناه,گرد
تیشرت مردانه سرمه‌ای مدل 1771,https://salset.com/product/%d8%aa%db%8c%d8%b4%d8%b1%d8%aa-%d9%85%d8%b1%d8%af%d8%a7%d9%86%d9%87-%d9%85%d8%af%d9%84-1771/,https://salset.com/wp-content/uploads/2021/02/DSC1595.jpg,https://salset.com/wp-content/uploads/2021/02/DSC1594.jpg,https://salset.com/wp-content/uploads/2021/02/DSC1597.jpg,[],[],[],[],[],1350000,990000,کوناه,گرد
تیشرت مردانه مشکی مدل 1770,https://salset.com/product/%d8%aa%db%8c%d8%b4%d8%b1%d8%aa-%d9%85%d8%b1%d8%af%d8%a7%d9%86%d9%87-%d9%85%d8%b4%da%a9%db%8c-%d9%85%d8%af%d9%84-1770/,https://salset.com/wp-content/uploads/2021/02/DSC1666.jpg,https://salset.com/wp-content/uploads/2021/02/DSC1667.jpg,https://salset.com/wp-content/uploads/2021/02/DSC1668.jpg,[],[],[],[],[],1350000,990000,کوناه,گرد
تیشرت مردانه طوسی تیره مدل 1769,https://salset.com/product/%d8%aa%db%8c%d8%b4%d8%b1%d8%aa-%d9%85%d8%b1%d8%af%d8%a7%d9%86%d9%87-%d8%b7%d9%88%d8%b3%db%8c-%d8%aa%db%8c%d8%b1%d9%87-%d9%85%d8%af%d9%84-1769/,https://salset.com/wp-content/uploads/2021/02/DSC1618.jpg,https://salset.com/wp-content/uploads/2021/02/DSC1619.jpg,https://salset.com/wp-content/uploads/2021/02/DSC1620.jpg,[],[],[],[],[],1350000,990000,کوناه,گرد
خرید تی شرت با طرح دلخواه,https://salset.com/product/%d8%aa%db%8c%d8%b4%d8%b1%d8%aa-%d9%85%d8%b1%d8%af%d8%a7%d9%86%d9%87-%da%a9%d9%84%d9%87-%d8%ba%d8%a7%d8%b2%db%8c-%d9%85%d8%af%d9%84-1768/,https://salset.com/wp-content/uploads/2021/02/DSC1650.jpg,https://salset.com/wp-content/uploads/2021/02/DSC1651.jpg,https://salset.com/wp-content/uploads/2021/02/DSC1652.jpg,[],[],[],[],[],1350000,990000,کوناه,گرد
تیشرت مردانه طوسی تیره مدل 1767,https://salset.com/product/%d8%aa%db%8c%d8%b4%d8%b1%d8%aa-%d9%85%d8%b1%d8%af%d8%a7%d9%86%d9%87-%d8%b7%d9%88%d8%b3%db%8c-%d8%aa%db%8c%d8%b1%d9%87-%d9%85%d8%af%d9%84-1767/,https://salset.com/wp-content/uploads/2021/02/DSC1646.jpg,https://salset.com/wp-content/uploads/2021/02/DSC1647.jpg,https://salset.com/wp-content/uploads/2021/02/DSC1649.jpg,[],[],[],[],[],1350000,990000,کوناه,گرد
تیشرت مردانه سفید مدل 1766,https://salset.com/product/%d8%aa%db%8c%d8%b4%d8%b1%d8%aa-%d9%85%d8%b1%d8%af%d8%a7%d9%86%d9%87-%d8%b3%d9%81%db%8c%d8%af-%d9%85%d8%af%d9%84-1766/,https://salset.com/wp-content/uploads/2021/02/DSC1696-Copy.jpg,https://salset.com/wp-content/uploads/2021/02/DSC1695.jpg,https://salset.com/wp-content/uploads/2021/02/DSC1697.jpg,[],[],[],[],[],1350000,990000,کوناه,گرد
تیشرت مردانه مشکی مدل 1765,https://salset.com/product/%d8%aa%db%8c%d8%b4%d8%b1%d8%aa-%d9%85%d8%b1%d8%af%d8%a7%d9%86%d9%87-%d9%85%d8%b4%da%a9%db%8c-%d9%85%d8%af%d9%84-1765/,https://salset.com/wp-content/uploads/2021/02/DSC1691.jpg,https://salset.com/wp-content/uploads/2021/02/DSC1692.jpg,https://salset.com/wp-content/uploads/2021/02/DSC1693.jpg,[],[],[],[],[],1350000,990000,کوناه,گرد
تیشرت مردانه آبی مدل 1764,https://salset.com/product/%d8%aa%db%8c%d8%b4%d8%b1%d8%aa-%d9%85%d8%b1%d8%af%d8%a7%d9%86%d9%87-%d8%a2%d8%a8%db%8c-%d9%85%d8%af%d9%84-1764/,https://salset.com/wp-content/uploads/2021/02/DSC1689.jpg,https://salset.com/wp-content/uploads/2021/02/DSC1688.jpg,https://salset.com/wp-content/uploads/2021/02/DSC1690.jpg,[],[],[],[],[],1350000,990000,کوناه,گرد
تیشرت مردانه تیفانی مدل 1763,https://salset.com/product/%d8%aa%db%8c%d8%b4%d8%b1%d8%aa-%d9%85%d8%b1%d8%af%d8%a7%d9%86%d9%87-%d8%aa%db%8c%d9%81%d8%a7%d9%86%db%8c-%d9%85%d8%af%d9%84-1763/,https://salset.com/wp-content/uploads/2021/02/DSC1685.jpg,https://salset.com/wp-content/uploads/2021/02/DSC1686.jpg,https://salset.com/wp-content/uploads/2021/02/DSC1687.jpg,[],[],[],[],[],1350000,990000,کوناه,گرد
تیشرت مردانه POLO سفید 1739,https://salset.com/product/%d8%aa%db%8c%d8%b4%d8%b1%d8%aa-%d9%85%d8%b1%d8%af%d8%a7%d9%86%d9%87-polo-%d8%b3%d9%81%db%8c%d8%af-1739/,https://salset.com/wp-content/uploads/2021/02/DSC1403.jpg,https://salset.com/wp-content/uploads/2021/02/DSC1402.jpg,https://salset.com/wp-content/uploads/2021/02/DSC1404.jpg,[],[],[],[],[],1290000,990000,کوناه,گرد
تیشرت مردانه POLO مشکی 1738,https://salset.com/product/%d8%aa%db%8c%d8%b4%d8%b1%d8%aa-%d9%85%d8%b1%d8%af%d8%a7%d9%86%d9%87-polo-%d9%85%d8%b4%da%a9%db%8c-1738/,https://salset.com/wp-content/uploads/2021/02/DSC1405.jpg,https://salset.com/wp-content/uploads/2021/02/DSC1406.jpg,https://salset.com/wp-content/uploads/2021/02/DSC1407.jpg,[],[],[],[],[],1290000,990000,کوناه,گرد
تیشرت مردانه طرح GUCCI سفید 1737,https://salset.com/product/%d8%aa%db%8c%d8%b4%d8%b1%d8%aa-%d9%85%d8%b1%d8%af%d8%a7%d9%86%d9%87-%d8%b3%d9%81%db%8c%d8%af-1737/,https://salset.com/wp-content/uploads/2021/02/DSC1396.jpg,https://salset.com/wp-content/uploads/2021/02/DSC1395.jpg,https://salset.com/wp-content/uploads/2021/02/DSC1397.jpg,[],[],[],[],[],1290000,990000,کوناه,گرد
تیشرت مردانه مشکی 1736,https://salset.com/product/%d8%aa%db%8c%d8%b4%d8%b1%d8%aa-%d9%85%d8%b1%d8%af%d8%a7%d9%86%d9%87-%d9%85%d8%b4%da%a9%db%8c-1736/,https://salset.com/wp-content/uploads/2021/02/DSC1399.jpg,https://salset.com/wp-content/uploads/2021/02/DSC1400.jpg,https://salset.com/wp-content/uploads/2021/02/DSC1401.jpg,[],[],[],[],[],1290000,990000,کوناه,گرد
تیشرت مردانه Paul Smith سفید,https://salset.com/product/%d8%aa%db%8c%d8%b4%d8%b1%d8%aa-%d9%85%d8%b1%d8%af%d8%a7%d9%86%d9%87-%d8%b3%d9%81%db%8c%d8%af-1735/,https://salset.com/wp-content/uploads/2021/02/DSC1390.jpg,https://salset.com/wp-content/uploads/2021/02/DSC1389.jpg,https://salset.com/wp-content/uploads/2021/02/DSC1391.jpg,[],[],[],[],[],1290000,990000,کوناه,گرد
تیشرت مردانه Paul Smith مشکی,https://salset.com/product/%d8%aa%db%8c%d8%b4%d8%b1%d8%aa-%d9%85%d8%b1%d8%af%d8%a7%d9%86%d9%87-%d9%85%d8%b4%da%a9%db%8c-1734/,https://salset.com/wp-content/uploads/2021/02/DSC1392.jpg,https://salset.com/wp-content/uploads/2021/02/DSC1393.jpg,https://salset.com/wp-content/uploads/2021/02/DSC1394.jpg,[],[],[],[],[],1290000,990000,کوناه,گرد
تیشرت مردانه یقه دیپلمات Massimo Dutti سرمه‌ای 913,https://salset.com/product/%d8%aa%db%8c%d8%b4%d8%b1%d8%aa-%d9%85%d8%b1%d8%af%d8%a7%d9%86%d9%87-%db%8c%d9%82%d9%87-%d8%af%db%8c%d9%be%d9%84%d9%85%d8%a7%d8%aa-913/,https://salset.com/wp-content/uploads/2021/02/DSC1409.jpg,https://salset.com/wp-content/uploads/2021/02/DSC1408.jpg,https://salset.com/wp-content/uploads/2021/02/DSC1410.jpg,[],[],[],[],[],1950000,1490000,کوناه,فرنچ
تیشرت مردانه یقه دیپلمات Massimo Dutti سفید 912,https://salset.com/product/%d8%aa%db%8c%d8%b4%d8%b1%d8%aa-%d9%85%d8%b1%d8%af%d8%a7%d9%86%d9%87-%db%8c%d9%82%d9%87-%d8%af%db%8c%d9%be%d9%84%d9%85%d8%a7%d8%aa-%d8%b3%d9%81%db%8c%d8%af-912/,https://salset.com/wp-content/uploads/2021/02/DSC1414.jpg,https://salset.com/wp-content/uploads/2021/02/DSC1415.jpg,https://salset.com/wp-content/uploads/2021/02/DSC1416.jpg,[],[],[],[],[],1950000,1490000,کوناه,فرنچ
تیشرت مردانه یقه دیپلمات Massimo Dutti سرخابی 910,https://salset.com/product/%d8%aa%db%8c%d8%b4%d8%b1%d8%aa-%d9%85%d8%b1%d8%af%d8%a7%d9%86%d9%87-%db%8c%d9%82%d9%87-%d8%af%db%8c%d9%be%d9%84%d9%85%d8%a7%d8%aa-%d8%b3%d8%b1%d8%ae%d8%a7%d8%a8%db%8c-910/,https://salset.com/wp-content/uploads/2021/02/DSC1418.jpg,https://salset.com/wp-content/uploads/2021/02/DSC1419.jpg,https://salset.com/wp-content/uploads/2021/02/DSC1420.jpg,[],[],[],[],[],1950000,1490000,کوناه,فرنچ
تیشرت مردانه یقه دیپلمات Massimo Dutti زرد 1151,https://salset.com/product/%d8%aa%db%8c%d8%b4%d8%b1%d8%aa-%d9%85%d8%b1%d8%af%d8%a7%d9%86%d9%87-%db%8c%d9%82%d9%87-%d8%af%db%8c%d9%be%d9%84%d9%85%d8%a7%d8%aa-%d8%b2%d8%b1%d8%af-1151/,https://salset.com/wp-content/uploads/2021/02/DSC1421.jpg,https://salset.com/wp-content/uploads/2021/02/DSC1422.jpg,https://salset.com/wp-content/uploads/2021/02/DSC1423.jpg,[],[],[],[],[],1950000,1490000,کوناه,فرنچ
تیشرت مردانه یقه دیپلمات Massimo Dutti مشکی 967,https://salset.com/product/%d8%aa%db%8c%d8%b4%d8%b1%d8%aa-%d9%85%d8%b1%d8%af%d8%a7%d9%86%d9%87-%db%8c%d9%82%d9%87-%d8%af%db%8c%d9%be%d9%84%d9%85%d8%a7%d8%aa-%d9%85%d8%b4%da%a9%db%8c-967/,https://salset.com/wp-content/uploads/2021/02/DSC1412.jpg,https://salset.com/wp-content/uploads/2021/02/DSC1411.jpg,https://salset.com/wp-content/uploads/2021/02/DSC1413.jpg,[],[],[],[],[],1950000,1490000,کوناه,فرنچ
تیشرت جودون مردانه Massimo Dutti طوسی 914,https://salset.com/product/%d8%aa%db%8c%d8%b4%d8%b1%d8%aa-%d9%85%d8%b1%d8%af%d8%a7%d9%86%d9%87-%db%8c%d9%82%d9%87-%d8%af%db%8c%d9%be%d9%84%d9%85%d8%a7%d8%aa-%d8%b7%d9%88%d8%b3%db%8c-914/,https://salset.com/wp-content/uploads/2020/02/DSC1270.jpg,https://salset.com/wp-content/uploads/2020/02/DSC1271.jpg,https://salset.com/wp-content/uploads/2020/02/DSC1272.jpg,[],[],[],[],[],1950000,1490000,کوناه,فرنچ
تی شرت ساده یقه گرد مردانه TOM TAILOR,https://salset.com/product/%d8%aa%db%8c-%d8%b4%d8%b1%d8%aa-%d8%b3%d8%a7%d8%af%d9%87-%db%8c%d9%82%d9%87-%da%af%d8%b1%d8%af-%d9%82%d8%b1%d9%85%d8%b2-%d9%85%d8%b1%d8%af%d8%a7%d9%86%d9%87-490/,https://salset.com/wp-content/uploads/2020/04/DSC_1718.jpg,https://salset.com/wp-content/uploads/2020/04/DSC_1717.jpg,https://salset.com/wp-content/uploads/2020/04/DSC_1719.jpg,[],[],[],[],[],1390000,1100000,کوتاه,گرد
تی شرت ساده یقه گرد مردانه TOM TAILOR,https://salset.com/product/%d8%aa%db%8c-%d8%b4%d8%b1%d8%aa-%d8%b3%d8%b1%d9%85%d9%87-%d8%a7%db%8c-%d9%85%d8%b1%d8%af%d8%a7%d9%86%d9%87-42/,https://salset.com/wp-content/uploads/2020/04/DSC_1700.jpg,https://salset.com/wp-content/uploads/2020/04/DSC_1699.jpg,https://salset.com/wp-content/uploads/2020/04/DSC_1701.jpg,[],[],[],[],[],1390000,1100000,کوتاه,گرد
تی شرت ساده یقه گرد مردانه TOM TAILOR,https://salset.com/product/%d8%aa%db%8c-%d8%b4%d8%b1%d8%aa-%d8%b7%d9%88%d8%b3%db%8c-%d9%85%d8%b1%d8%af%d8%a7%d9%86%d9%87-429/,https://salset.com/wp-content/uploads/2019/02/DSC_7211.jpg,https://salset.com/wp-content/uploads/2019/02/DSC_7213.jpg,https://salset.com/wp-content/uploads/2019/02/DSC_7214.jpg,[],[],[],[],[],1390000,1100000,کوناه,گرد
تی شرت ساده یقه گرد مردانه TOM TAILOR,https://salset.com/product/%d8%aa%db%8c-%d8%b4%d8%b1%d8%aa-%d8%b2%db%8c%d8%aa%d9%88%d9%86%db%8c-%d9%85%d8%b1%d8%af%d8%a7%d9%86%d9%87-202/,https://salset.com/wp-content/uploads/2020/02/DSC_1341.jpg,https://salset.com/wp-content/uploads/2020/02/DSC_1342.jpg,https://salset.com/wp-content/uploads/2020/02/DSC_1344.jpg,[],[],[],[],[],1390000,1100000,کوتاه,گرد
تی شرت ساده یقه گرد مردانه TOM TAILOR,https://salset.com/product/%d8%aa%db%8c-%d8%b4%d8%b1%d8%aa-%db%8c%d8%b4%d9%85%db%8c-%d9%85%d8%b1%d8%af%d8%a7%d9%86%d9%87-486/,https://salset.com/wp-content/uploads/2020/04/DSC_1711.jpg,https://salset.com/wp-content/uploads/2020/04/DSC_1712.jpg,https://salset.com/wp-content/uploads/2020/04/DSC_1713.jpg,[],[],[],[],[],1390000,1100000,کوناه,گرد
تی شرت لانگ مردانه ZARA MAN,https://salset.com/product/%d8%aa%db%8c-%d8%b4%d8%b1%d8%aa-%d8%b3%d9%81%db%8c%d8%af-%d9%85%d8%b1%d8%af%d8%a7%d9%86%d9%87-426/,https://salset.com/wp-content/uploads/2020/04/DSC_2037.jpg,https://salset.com/wp-content/uploads/2020/04/DSC_2036.jpg,https://salset.com/wp-content/uploads/2020/04/DSC_2038.jpg,[],[],[],[],[],1390000,1100000,کوتاه,گرد
تی شرت ساده یقه گرد مردانه TOM TAILOR,https://salset.com/product/%d8%aa%db%8c-%d8%b4%d8%b1%d8%aa-%d9%85%d8%b4%da%a9%db%8c-%d9%85%d8%b1%d8%af%d8%a7%d9%86%d9%87-427/,https://salset.com/wp-content/uploads/2019/02/DSC_7223.jpg,https://salset.com/wp-content/uploads/2019/02/DSC_7225.jpg,https://salset.com/wp-content/uploads/2019/02/DSC_7227.jpg,[],[],[],[],[],1390000,1100000,کوناه,گرد
تیشرت مردانه لانگ آستین بلند Philip Plein,https://salset.com/product/%d8%aa%db%8c%d8%b4%d8%b1%d8%aa-%d9%85%d8%b1%d8%af%d8%a7%d9%86%d9%87-%d9%84%d8%a7%d9%86%da%af-%d8%a2%d8%b3%d8%aa%db%8c%d9%86-%d8%a8%d9%84%d9%86%d8%af-1639/,https://salset.com/wp-content/uploads/2020/12/DSC_9193.jpg,https://salset.com/wp-content/uploads/2020/12/DSC_9192.jpg,https://salset.com/wp-content/uploads/2020/12/DSC_9194.jpg,[],[],[],[],[],1480000,1190000,کوناه,[]
تیشرت مردانه لانگ آستین بلند Philip Plein,https://salset.com/product/%d8%aa%db%8c%d8%b4%d8%b1%d8%aa-%d9%85%d8%b1%d8%af%d8%a7%d9%86%d9%87-%d9%84%d8%a7%d9%86%da%af-%d8%a2%d8%b3%d8%aa%db%8c%d9%86-%d8%a8%d9%84%d9%86%d8%af-1638/,https://salset.com/wp-content/uploads/2020/12/DSC_9201.jpg,https://salset.com/wp-content/uploads/2020/12/DSC_9202.jpg,https://salset.com/wp-content/uploads/2020/12/DSC_9203.jpg,[],[],[],[],[],1480000,1190000,کوناه,[]
تیشرت مردانه لانگ آستین بلند Philip Plein,https://salset.com/product/%d8%aa%db%8c%d8%b4%d8%b1%d8%aa-%d9%85%d8%b1%d8%af%d8%a7%d9%86%d9%87-%d9%84%d8%a7%d9%86%da%af-%d8%a2%d8%b3%d8%aa%db%8c%d9%86-%d8%a8%d9%84%d9%86%d8%af-1637/,https://salset.com/wp-content/uploads/2020/12/DSC_9199.jpg,https://salset.com/wp-content/uploads/2020/12/DSC_9198.jpg,https://salset.com/wp-content/uploads/2020/12/DSC_9200.jpg,[],[],[],[],[],1480000,1190000,کوناه,[]
تیشرت مردانه لانگ آستین بلند Philip Plein,https://salset.com/product/%d8%aa%db%8c%d8%b4%d8%b1%d8%aa-%d9%85%d8%b1%d8%af%d8%a7%d9%86%d9%87-%d9%84%d8%a7%d9%86%da%af-%d8%a2%d8%b3%d8%aa%db%8c%d9%86-%d8%a8%d9%84%d9%86%d8%af-1635/,https://salset.com/wp-content/uploads/2020/12/DSC_9204.jpg,https://salset.com/wp-content/uploads/2020/12/DSC_9206.jpg,https://salset.com/wp-content/uploads/2020/12/DSC_9205.jpg,[],[],[],[],[],1480000,1190000,کوناه,[]
تیشرت مردانه لانگ آستین بلند Philip Plein,https://salset.com/product/%d8%aa%db%8c%d8%b4%d8%b1%d8%aa-%d9%85%d8%b1%d8%af%d8%a7%d9%86%d9%87-%d9%84%d8%a7%d9%86%da%af-%d8%a2%d8%b3%d8%aa%db%8c%d9%86-%d8%a8%d9%84%d9%86%d8%af-1634/,https://salset.com/wp-content/uploads/2020/12/DSC_9196.jpg,https://salset.com/wp-content/uploads/2020/12/DSC_9195.jpg,https://salset.com/wp-content/uploads/2020/12/DSC_9197.jpg,[],[],[],[],[],1480000,1190000,کوناه,[]
تیشرت مردانه لانگ آستین بلند,https://salset.com/product/%d8%aa%db%8c%d8%b4%d8%b1%d8%aa-%d9%85%d8%b1%d8%af%d8%a7%d9%86%d9%87-%d9%84%d8%a7%d9%86%da%af-%d8%a2%d8%b3%d8%aa%db%8c%d9%86-%d8%a8%d9%84%d9%86%d8%af-1636/,https://salset.com/wp-content/uploads/2020/12/DSC_9057.jpg,https://salset.com/wp-content/uploads/2020/12/DSC_9058.jpg,https://salset.com/wp-content/uploads/2020/12/DSC_9059.jpg,[],[],[],[],[],1480000,1190000,کوناه,[]
تیشرت آستین بلند مردانه اسپرت TOM TAILOR,https://salset.com/product/%d8%aa%db%8c%d8%b4%d8%b1%d8%aa-%d8%a2%d8%b3%d8%aa%db%8c%d9%86-%d8%a8%d9%84%d9%86%d8%af-%d9%85%d8%b1%d8%af%d8%a7%d9%86%d9%87-%d8%a7%d8%b3%d9%be%d8%b1%d8%aa-1308/,https://salset.com/wp-content/uploads/2020/09/DSC_5909.jpg,https://salset.com/wp-content/uploads/2020/09/DSC_5908.jpg,https://salset.com/wp-content/uploads/2020/09/DSC_5910.jpg,[],[],[],[],[],1500000,1190000,بلند,گرد
تیشرت آستین بلند مردانه اسپرت TOM TAILOR,https://salset.com/product/%d8%aa%db%8c%d8%b4%d8%b1%d8%aa-%d8%a2%d8%b3%d8%aa%db%8c%d9%86-%d8%a8%d9%84%d9%86%d8%af-%d9%85%d8%b1%d8%af%d8%a7%d9%86%d9%87-%d8%a7%d8%b3%d9%be%d8%b1%d8%aa-1307/,https://salset.com/wp-content/uploads/2020/09/DSC_5906.jpg,https://salset.com/wp-content/uploads/2020/09/DSC_5905.jpg,https://salset.com/wp-content/uploads/2020/09/DSC_5907.jpg,[],[],[],[],[],1500000,1190000,بلند,گرد
تیشرت آستین بلند مردانه اسپرت TOM TAILOR,https://salset.com/product/%d8%aa%db%8c%d8%b4%d8%b1%d8%aa-%d8%a2%d8%b3%d8%aa%db%8c%d9%86-%d8%a8%d9%84%d9%86%d8%af-%d9%85%d8%b1%d8%af%d8%a7%d9%86%d9%87-%d8%a7%d8%b3%d9%be%d8%b1%d8%aa-1305/,https://salset.com/wp-content/uploads/2020/09/DSC_5852.jpg,https://salset.com/wp-content/uploads/2020/09/DSC_5851.jpg,https://salset.com/wp-content/uploads/2020/09/DSC_5854.jpg,[],[],[],[],[],1500000,1190000,بلند,گرد
تیشرت آستین بلند مردانه اسپرت TOM TAILOR,https://salset.com/product/%d8%aa%db%8c%d8%b4%d8%b1%d8%aa-%d8%a2%d8%b3%d8%aa%db%8c%d9%86-%d8%a8%d9%84%d9%86%d8%af-%d9%85%d8%b1%d8%af%d8%a7%d9%86%d9%87-%d8%a7%d8%b3%d9%be%d8%b1%d8%aa-1302/,https://salset.com/wp-content/uploads/2020/09/DSC_5912.jpg,https://salset.com/wp-content/uploads/2020/09/DSC_5911.jpg,https://salset.com/wp-content/uploads/2020/09/DSC_5913.jpg,[],[],[],[],[],1500000,1190000,بلند,گرد
تیشرت آستین بلند مردانه اسپرت LEVIS,https://salset.com/product/%d8%aa%db%8c%d8%b4%d8%b1%d8%aa-%d8%a2%d8%b3%d8%aa%db%8c%d9%86-%d8%a8%d9%84%d9%86%d8%af-%d9%85%d8%b1%d8%af%d8%a7%d9%86%d9%87-%d8%a7%d8%b3%d9%be%d8%b1%d8%aa-%d8%a8%d8%a7%d8%af%d9%85%d8%ac%d8%a7%d9%86/,https://salset.com/wp-content/uploads/2020/09/DSC_5875.jpg,https://salset.com/wp-content/uploads/2020/09/DSC_5874.jpg,https://salset.com/wp-content/uploads/2020/09/DSC_5876.jpg,[],[],[],[],[],1450000,1090000,بلند,گرد
تیشرت آستین بلند مردانه اسپرت LEVIS,https://salset.com/product/%d8%aa%db%8c%d8%b4%d8%b1%d8%aa-%d8%a2%d8%b3%d8%aa%db%8c%d9%86-%d8%a8%d9%84%d9%86%d8%af-%d9%85%d8%b1%d8%af%d8%a7%d9%86%d9%87-%d8%a7%d8%b3%d9%be%d8%b1%d8%aa-%d8%b2%d8%b1%d8%af/,https://salset.com/wp-content/uploads/2020/09/DSC_5921.jpg,https://salset.com/wp-content/uploads/2020/09/DSC_5920.jpg,https://salset.com/wp-content/uploads/2020/09/DSC_5922.jpg,[],[],[],[],[],1450000,1090000,بلند,گرد
تیشرت آستین بلند مردانه اسپرت LEVIS,https://salset.com/product/%d8%aa%db%8c%d8%b4%d8%b1%d8%aa-%d8%a2%d8%b3%d8%aa%db%8c%d9%86-%d8%a8%d9%84%d9%86%d8%af-%d9%85%d8%b1%d8%af%d8%a7%d9%86%d9%87-%d8%a7%d8%b3%d9%be%d8%b1%d8%aa-%d9%82%d8%b1%d9%85%d8%b2/,https://salset.com/wp-content/uploads/2020/09/DSC_5927.jpg,https://salset.com/wp-content/uploads/2020/09/DSC_5926.jpg,https://salset.com/wp-content/uploads/2020/09/DSC_5928.jpg,[],[],[],[],[],1450000,1090000,بلند,گرد
تیشرت آستین بلند مردانه اسپرت LEVIS,https://salset.com/product/%d8%aa%db%8c%d8%b4%d8%b1%d8%aa-%d8%a2%d8%b3%d8%aa%db%8c%d9%86-%d8%a8%d9%84%d9%86%d8%af-%d9%85%d8%b1%d8%af%d8%a7%d9%86%d9%87-%d8%a7%d8%b3%d9%be%d8%b1%d8%aa-%d8%b7%d9%88%d8%b3%db%8c-%d9%81%db%8c%d9%84/,https://salset.com/wp-content/uploads/2020/09/DSC_5870.jpg,https://salset.com/wp-content/uploads/2020/09/DSC_5871.jpg,https://salset.com/wp-content/uploads/2020/09/DSC_5872.jpg,[],[],[],[],[],1450000,1090000,بلند,گرد
تیشرت آستین بلند مردانه اسپرت LEVIS,https://salset.com/product/%d8%aa%db%8c%d8%b4%d8%b1%d8%aa-%d8%a2%d8%b3%d8%aa%db%8c%d9%86-%d8%a8%d9%84%d9%86%d8%af-%d9%85%d8%b1%d8%af%d8%a7%d9%86%d9%87-%d8%a7%d8%b3%d9%be%d8%b1%d8%aa-%d9%85%d8%b4%da%a9%db%8c/,https://salset.com/wp-content/uploads/2020/09/DSC_5929.jpg,https://salset.com/wp-content/uploads/2020/09/DSC_5931.jpg,https://salset.com/wp-content/uploads/2020/09/DSC_5932.jpg,[],[],[],[],[],1450000,1090000,بلند,گرد
تیشرت آستین بلند مردانه اسپرت LEVIS,https://salset.com/product/%d8%aa%db%8c%d8%b4%d8%b1%d8%aa-%d8%a2%d8%b3%d8%aa%db%8c%d9%86-%d8%a8%d9%84%d9%86%d8%af-%d9%85%d8%b1%d8%af%d8%a7%d9%86%d9%87-%d8%a7%d8%b3%d9%be%d8%b1%d8%aa-%d8%b2%d8%b1%d8%b4%da%a9%db%8c/,https://salset.com/wp-content/uploads/2020/09/DSC_5923.jpg,https://salset.com/wp-content/uploads/2020/09/DSC_5924.jpg,https://salset.com/wp-content/uploads/2020/09/DSC_5925.jpg,[],[],[],[],[],1450000,1090000,بلند,گرد
تیشرت آستین بلند مردانه اسپرت LEVIS,https://salset.com/product/%d8%aa%db%8c%d8%b4%d8%b1%d8%aa-%d8%a2%d8%b3%d8%aa%db%8c%d9%86-%d8%a8%d9%84%d9%86%d8%af-%d9%85%d8%b1%d8%af%d8%a7%d9%86%d9%87-%d8%a7%d8%b3%d9%be%d8%b1%d8%aa-%db%8c%d8%b4%d9%85%db%8c/,https://salset.com/wp-content/uploads/2020/09/DSC_5866.jpg,https://salset.com/wp-content/uploads/2020/09/DSC_5867.jpg,https://salset.com/wp-content/uploads/2020/09/DSC_5869.jpg,[],[],[],[],[],1450000,1090000,بلند,گرد
تیشرت آستین بلند مردانه اسپرت LEVIS,https://salset.com/product/%d8%aa%db%8c%d8%b4%d8%b1%d8%aa-%d8%a2%d8%b3%d8%aa%db%8c%d9%86-%d8%a8%d9%84%d9%86%d8%af-%d9%85%d8%b1%d8%af%d8%a7%d9%86%d9%87-%d8%a7%d8%b3%d9%be%d8%b1%d8%aa-%d8%b3%d8%b1%d9%85%d9%87-%d8%a7%db%8c/,https://salset.com/wp-content/uploads/2020/09/DSC_5877.jpg,https://salset.com/wp-content/uploads/2020/09/DSC_5878.jpg,https://salset.com/wp-content/uploads/2020/09/DSC_5879.jpg,[],[],[],[],[],1450000,1090000,بلند,گرد
تی شرت ساده یقه گرد مردانه TOM TAILOR,https://salset.com/product/%d8%aa%db%8c-%d8%b4%d8%b1%d8%aa-%d8%b3%d8%a7%d8%af%d9%87-%db%8c%d9%82%d9%87-%da%af%d8%b1%d8%af-%d9%85%d8%b1%d8%af%d8%a7%d9%86%d9%87-tom-tailor-51/,https://salset.com/wp-content/uploads/2020/08/DSC_5068.jpg,https://salset.com/wp-content/uploads/2020/08/DSC_5069.jpg,https://salset.com/wp-content/uploads/2020/08/DSC_5070.jpg,[],[],[],[],[],1390000,1100000,کوتاه,گرد
تی شرت ساده یقه گرد مردانه TOM TAILOR,https://salset.com/product/%d8%aa%db%8c-%d8%b4%d8%b1%d8%aa-%d8%b3%d8%a7%d8%af%d9%87-%db%8c%d9%82%d9%87-%da%af%d8%b1%d8%af-%d9%85%d8%b1%d8%af%d8%a7%d9%86%d9%87-tom-tailor-50/,https://salset.com/wp-content/uploads/2020/08/DSC_5074.jpg,https://salset.com/wp-content/uploads/2020/08/DSC_5075.jpg,https://salset.com/wp-content/uploads/2020/08/DSC_5076.jpg,[],[],[],[],[],1390000,1100000,کوتاه,گرد
تی شرت ساده یقه گرد مردانه TOM TAILOR,https://salset.com/product/%d8%aa%db%8c-%d8%b4%d8%b1%d8%aa-%d8%b3%d8%a7%d8%af%d9%87-%db%8c%d9%82%d9%87-%da%af%d8%b1%d8%af-%d9%85%d8%b1%d8%af%d8%a7%d9%86%d9%87-tom-tailor-49/,https://salset.com/wp-content/uploads/2020/08/DSC_5071.jpg,https://salset.com/wp-content/uploads/2020/08/DSC_5072.jpg,https://salset.com/wp-content/uploads/2020/08/DSC_50731.jpg,[],[],[],[],[],1390000,1100000,کوتاه,گرد
تی شرت ساده یقه گرد مردانه TOM TAILOR,https://salset.com/product/%d8%aa%db%8c-%d8%b4%d8%b1%d8%aa-%d8%b3%d8%a7%d8%af%d9%87-%db%8c%d9%82%d9%87-%da%af%d8%b1%d8%af-%d9%85%d8%b1%d8%af%d8%a7%d9%86%d9%87-tom-tailor-47/,https://salset.com/wp-content/uploads/2020/08/DSC_4681.jpg,https://salset.com/wp-content/uploads/2020/08/DSC_4682.jpg,https://salset.com/wp-content/uploads/2020/08/DSC_4683-2.jpg,[],[],[],[],[],1390000,1100000,کوتاه,گرد
تی شرت ساده یقه گرد مردانه TOM TAILOR,https://salset.com/product/%d8%aa%db%8c-%d8%b4%d8%b1%d8%aa-%d8%b3%d8%a7%d8%af%d9%87-%db%8c%d9%82%d9%87-%da%af%d8%b1%d8%af-%d9%85%d8%b1%d8%af%d8%a7%d9%86%d9%87-tom-tailor-45/,https://salset.com/wp-content/uploads/2020/07/NIKON-D7100083.jpg,https://salset.com/wp-content/uploads/2020/07/NIKON-D7100084.jpg,https://salset.com/wp-content/uploads/2020/07/NIKON-D7100085.jpg,[],[],[],[],[],1390000,1100000,کوتاه,گرد
تی شرت ساده یقه گرد مردانه TOM TAILOR,https://salset.com/product/%d8%aa%db%8c-%d8%b4%d8%b1%d8%aa-%d8%b3%d8%a7%d8%af%d9%87-%db%8c%d9%82%d9%87-%da%af%d8%b1%d8%af-%d9%85%d8%b1%d8%af%d8%a7%d9%86%d9%87-tom-tailor-44/,https://salset.com/wp-content/uploads/2020/07/NIKON-D7100026.jpg,https://salset.com/wp-content/uploads/2020/07/NIKON-D7100025.jpg,https://salset.com/wp-content/uploads/2020/07/NIKON-D7100027.jpg,[],[],[],[],[],1390000,1100000,کوتاه,گرد
تیشرت یقه گرد مردانه Jack&Jones,https://salset.com/product/%d8%aa%db%8c%d8%b4%d8%b1%d8%aa-%db%8c%d9%82%d9%87-%da%af%d8%b1%d8%af-%d9%85%d8%b1%d8%af%d8%a7%d9%86%d9%87-jackjones/,https://salset.com/wp-content/uploads/2020/06/DSC_2718.jpg,https://salset.com/wp-content/uploads/2020/06/DSC_2719.jpg,https://salset.com/wp-content/uploads/2020/06/DSC_2717.jpg,[],[],[],[],[],1590000,1380000,کوناه,گرد
تیشرت یقه گرد مردانه,https://salset.com/product/%d8%aa%db%8c%d8%b4%d8%b1%d8%aa-%db%8c%d9%82%d9%87-%da%af%d8%b1%d8%af-%d9%85%d8%b1%d8%af%d8%a7%d9%86%d9%87-5/,https://salset.com/wp-content/uploads/2020/06/DSC_2711.jpg,https://salset.com/wp-content/uploads/2020/06/DSC_2712.jpg,https://salset.com/wp-content/uploads/2020/06/DSC_2713.jpg,[],[],[],[],[],1180000,990000,کوناه,گرد
تیشرت یقه گرد دکمه دار مردانه TOM TAILOR,https://salset.com/product/%d8%aa%db%8c%d8%b4%d8%b1%d8%aa-%db%8c%d9%82%d9%87-%da%af%d8%b1%d8%af-%d8%af%da%a9%d9%85%d9%87-%d8%af%d8%a7%d8%b1-%d9%85%d8%b1%d8%af%d8%a7%d9%86%d9%87-tom-tailor-3/,https://salset.com/wp-content/uploads/2020/06/DSC_2634.jpg,https://salset.com/wp-content/uploads/2020/06/DSC_2633.jpg,https://salset.com/wp-content/uploads/2020/06/DSC_2635.jpg,[],[],[],[],[],1400000,1050000,کوتاه,گرد 
تیشرت یقه گرد ساده مردانه LEVIS,https://salset.com/product/%d8%aa%db%8c%d8%b4%d8%b1%d8%aa-%db%8c%d9%82%d9%87-%da%af%d8%b1%d8%af-%d8%b3%d8%a7%d8%af%d9%87-%d9%85%d8%b1%d8%af%d8%a7%d9%86%d9%87-levis-32-2/,https://salset.com/wp-content/uploads/2019/03/DSC_7977.jpg,https://salset.com/wp-content/uploads/2019/03/DSC_7978.jpg,https://salset.com/wp-content/uploads/2019/03/DSC_7980.jpg,https://salset.com/wp-content/uploads/2019/03/DSC_8331.jpg,https://salset.com/wp-content/uploads/2019/03/DSC_8331-1.jpg,[],[],[],1290000,990000,کوتاه,گرد
تی شرت لانگ مردانه ZARA MAN,https://salset.com/product/%d8%aa%db%8c-%d8%b4%d8%b1%d8%aa-%d9%84%d8%a7%d9%86%da%af-%d9%85%d8%b1%d8%af%d8%a7%d9%86%d9%87-zara-man-5/,https://salset.com/wp-content/uploads/2020/05/DSC_2047.jpg,https://salset.com/wp-content/uploads/2020/05/DSC_2048.jpg,https://salset.com/wp-content/uploads/2020/05/DSC_2049.jpg,[],[],[],[],[],1180000,950000,کوناه,[]
تی شرت لانگ مردانه ZARA MAN,https://salset.com/product/%d8%aa%db%8c-%d8%b4%d8%b1%d8%aa-%d9%84%d8%a7%d9%86%da%af-%d9%85%d8%b1%d8%af%d8%a7%d9%86%d9%87-zara-man-4/,https://salset.com/wp-content/uploads/2020/05/DSC_2114.jpg,https://salset.com/wp-content/uploads/2020/05/DSC_2113.jpg,https://salset.com/wp-content/uploads/2020/05/DSC_2115.jpg,[],[],[],[],[],1180000,950000,کوناه,[]
تی شرت لانگ مردانه ZARA MAN,https://salset.com/product/%d8%aa%db%8c-%d8%b4%d8%b1%d8%aa-%d9%84%d8%a7%d9%86%da%af-%d9%85%d8%b1%d8%af%d8%a7%d9%86%d9%87-zara-man-3/,https://salset.com/wp-content/uploads/2020/05/DSC_2043.jpg,https://salset.com/wp-content/uploads/2020/05/DSC_2044.jpg,https://salset.com/wp-content/uploads/2020/05/DSC_2045.jpg,[],[],[],[],[],1180000,950000,کوناه,[]
تی شرت لانگ مردانه ZARA MAN,https://salset.com/product/%d8%aa%db%8c-%d8%b4%d8%b1%d8%aa-%d9%84%d8%a7%d9%86%da%af-%d9%85%d8%b1%d8%af%d8%a7%d9%86%d9%87-zara-man-2/,https://salset.com/wp-content/uploads/2020/05/DSC_2107.jpg,https://salset.com/wp-content/uploads/2020/05/DSC_2108.jpg,https://salset.com/wp-content/uploads/2020/05/DSC_2109.jpg,[],[],[],[],[],1180000,950000,کوناه,[]
تی شرت ساده یقه گرد مردانه TOM TAILOR,https://salset.com/product/%d8%aa%db%8c-%d8%b4%d8%b1%d8%aa-%d8%b3%d8%a7%d8%af%d9%87-%db%8c%d9%82%d9%87-%da%af%d8%b1%d8%af-%d9%85%d8%b1%d8%af%d8%a7%d9%86%d9%87-tom-tailor-42/,https://salset.com/wp-content/uploads/2020/05/DSC_1724.jpg,https://salset.com/wp-content/uploads/2020/05/DSC_1723.jpg,https://salset.com/wp-content/uploads/2020/05/DSC_1725.jpg,[],[],[],[],[],1390000,1100000,کوتاه,گرد
تی شرت ساده یقه گرد مردانه TOM TAILOR,https://salset.com/product/%d8%aa%db%8c-%d8%b4%d8%b1%d8%aa-%d8%b3%d8%a7%d8%af%d9%87-%db%8c%d9%82%d9%87-%da%af%d8%b1%d8%af-%d9%85%d8%b1%d8%af%d8%a7%d9%86%d9%87-tom-tailor-10/,https://salset.com/wp-content/uploads/2020/04/DSC_1708.jpg,https://salset.com/wp-content/uploads/2020/04/DSC_1709.jpg,https://salset.com/wp-content/uploads/2020/04/DSC_1710.jpg,[],[],[],[],[],1390000,1100000,کوتاه,گرد
تی شرت ساده یقه گرد مردانه TOM TAILOR,https://salset.com/product/%d8%aa%db%8c-%d8%b4%d8%b1%d8%aa-%d8%b3%d8%a7%d8%af%d9%87-%db%8c%d9%82%d9%87-%da%af%d8%b1%d8%af-%d9%85%d8%b1%d8%af%d8%a7%d9%86%d9%87-tom-tailor-14/,https://salset.com/wp-content/uploads/2020/04/DSC_1714.jpg,https://salset.com/wp-content/uploads/2020/04/DSC_1715.jpg,https://salset.com/wp-content/uploads/2020/04/DSC_1716.jpg,[],[],[],[],[],1390000,1100000,کوتاه,گرد
تی شرت ساده یقه گرد مردانه TOM TAILOR,https://salset.com/product/%d8%aa%db%8c-%d8%b4%d8%b1%d8%aa-%d8%b3%d8%a7%d8%af%d9%87-%db%8c%d9%82%d9%87-%da%af%d8%b1%d8%af-%d9%85%d8%b1%d8%af%d8%a7%d9%86%d9%87-tom-tailor-34/,https://salset.com/wp-content/uploads/2020/02/DSC_7031.jpg,https://salset.com/wp-content/uploads/2019/02/DSC_7036.jpg,https://salset.com/wp-content/uploads/2019/02/DSC_7037-1.jpg,[],[],[],[],[],1390000,1100000,کوناه,گرد
تی شرت ساده یقه گرد مردانه TOM TAILOR,https://salset.com/product/%d8%aa%db%8c-%d8%b4%d8%b1%d8%aa-%d8%b3%d8%a7%d8%af%d9%87-%db%8c%d9%82%d9%87-%da%af%d8%b1%d8%af-%d9%85%d8%b1%d8%af%d8%a7%d9%86%d9%87-tom-tailor-18/,https://salset.com/wp-content/uploads/2020/02/DSC_1398.jpg,https://salset.com/wp-content/uploads/2020/02/DSC_1399.jpg,https://salset.com/wp-content/uploads/2020/02/DSC_1400.jpg,[],[],[],[],[],1390000,1100000,کوتاه,گرد
تی شرت ساده یقه گرد مردانه TOM TAILOR,https://salset.com/product/%d8%aa%db%8c-%d8%b4%d8%b1%d8%aa-%d8%b3%d8%a7%d8%af%d9%87-%db%8c%d9%82%d9%87-%da%af%d8%b1%d8%af-%d9%85%d8%b1%d8%af%d8%a7%d9%86%d9%87-tom-tailor-25/,https://salset.com/wp-content/uploads/2020/02/DSC_1338.jpg,https://salset.com/wp-content/uploads/2020/02/DSC_1337.jpg,https://salset.com/wp-content/uploads/2020/02/DSC_1339.jpg,[],[],[],[],[],1390000,1100000,کوتاه,گرد
تی شرت ساده یقه گرد مردانه TOM TAILOR,https://salset.com/product/%d8%aa%db%8c-%d8%b4%d8%b1%d8%aa-%d8%b3%d8%a7%d8%af%d9%87-%db%8c%d9%82%d9%87-%da%af%d8%b1%d8%af-%d9%85%d8%b1%d8%af%d8%a7%d9%86%d9%87-tom-tailor-30/,https://salset.com/wp-content/uploads/2020/02/DSC_9264.jpg,https://salset.com/wp-content/uploads/2020/02/DSC_9265.jpg,https://salset.com/wp-content/uploads/2020/02/DSC_9266.jpg,[],[],[],[],[],1390000,1100000,کوتاه,گرد
تیشرت جودون مردانه Massimo Dutti,https://salset.com/product/%d8%aa%db%8c%d8%b4%d8%b1%d8%aa-%d8%ac%d9%88%d8%af%d9%88%d9%86-%d9%85%d8%b1%d8%af%d8%a7%d9%86%d9%87-massimo-dutti-14/,https://salset.com/wp-content/uploads/2020/03/DSC_9808.jpg,https://salset.com/wp-content/uploads/2020/03/DSC_9807.jpg,https://salset.com/wp-content/uploads/2020/03/DSC_9809.jpg,[],[],[],[],[],1950000,1490000,کوناه,فرنچ
تیشرت جودون مردانه Massimo Dutti,https://salset.com/product/%d8%aa%db%8c%d8%b4%d8%b1%d8%aa-%d8%ac%d9%88%d8%af%d9%88%d9%86-%d9%85%d8%b1%d8%af%d8%a7%d9%86%d9%87-massimo-dutti-3/,https://salset.com/wp-content/uploads/2020/02/DSC_9293.jpg,https://salset.com/wp-content/uploads/2020/02/DSC_9292.jpg,https://salset.com/wp-content/uploads/2020/02/DSC_9294.jpg,[],[],[],[],[],1950000,1490000,کوناه,فرنچ
تیشرت یقه گرد مردانه Liquid Choice,https://salset.com/product/%d8%aa%db%8c%d8%b4%d8%b1%d8%aa-%db%8c%d9%82%d9%87-%da%af%d8%b1%d8%af-%d9%85%d8%b1%d8%af%d8%a7%d9%86%d9%87-liquid-choice-6/,https://salset.com/wp-content/uploads/2020/02/DSC_9204.jpg,https://salset.com/wp-content/uploads/2020/02/DSC_9206.jpg,https://salset.com/wp-content/uploads/2020/02/DSC_9207.jpg,[],[],[],[],[],950000,790000,کوتاه,گرد
تیشرت یقه گرد مردانه DSQUARED,https://salset.com/product/%d8%aa%db%8c%d8%b4%d8%b1%d8%aa-%db%8c%d9%82%d9%87-%da%af%d8%b1%d8%af-%d9%85%d8%b1%d8%af%d8%a7%d9%86%d9%87-dsquared-2/,https://salset.com/wp-content/uploads/2020/02/DSC_9214.jpg,https://salset.com/wp-content/uploads/2020/02/DSC_9215.jpg,https://salset.com/wp-content/uploads/2020/02/DSC_9216.jpg,[],[],[],[],[],950000,790000,کوتاه,گرد
