Name,Main Web Page,Main Image,Second Image,Third Image,Fourth Image,Fifth Image,Sixth Image,Seventh Image,Eighth Image,Price,Discounted Price,Collar,Sleeve
شلوار پارچه ای کمر کشی,https://corumofficial.com/product/2112503/?color=%d8%b2%d8%ba%d8%a7%d9%84%db%8c,https://corumofficial.com/wp-content/uploads/2021/04/zoghali-2112503-1-1-1.jpg,https://corumofficial.com/wp-content/uploads/2021/04/zoghali-2112503-1-5.jpg,https://corumofficial.com/wp-content/uploads/2021/04/zoghali-2112503-1-2-1.jpg,https://corumofficial.com/wp-content/uploads/2021/04/zoghali-2112503-1-3-1.jpg,https://corumofficial.com/wp-content/uploads/2021/04/zoghali-2112503-1-4-1.jpg,[],[],[],12890000,11601000,[],[]
شلوار پارچه ای کمر کشی,https://corumofficial.com/product/2112503/?color=%d8%b7%d9%88%d8%b3%db%8c,https://corumofficial.com/wp-content/uploads/2021/04/toosi-2112503-3-5-1.jpg,https://corumofficial.com/wp-content/uploads/2021/04/toosi-2112503-3-1-2.jpg,https://corumofficial.com/wp-content/uploads/2021/04/toosi-2112503-3-2-2.jpg,https://corumofficial.com/wp-content/uploads/2021/04/toosi-2112503-3-3-2.jpg,https://corumofficial.com/wp-content/uploads/2021/04/toosi-2112503-3-4-2.jpg,[],[],[],12890000,11601000,[],[]
شلوار پارچه ای کمر کشی,https://corumofficial.com/product/2112503/?color=%d8%b7%d9%88%d8%b3%db%8c-%d8%aa%db%8c%d8%b1%d9%87,https://corumofficial.com/wp-content/uploads/2021/04/toositire-2112503-5-1.jpg,https://corumofficial.com/wp-content/uploads/2021/04/toositire-2112503-5-5.jpg,https://corumofficial.com/wp-content/uploads/2021/04/toositire-2112503-5-2.jpg,https://corumofficial.com/wp-content/uploads/2021/04/toositire-2112503-5-3.jpg,https://corumofficial.com/wp-content/uploads/2021/04/toositire-2112503-5-4.jpg,[],[],[],12890000,11601000,[],[]
شلوار پارچه ای کمر کشی,https://corumofficial.com/product/2112503/?color=%d8%b7%d9%88%d8%b3%db%8c-%d8%b1%d9%88%d8%b4%d9%86,https://corumofficial.com/wp-content/uploads/2021/04/toosiroshan-2112503-4-5.jpg,https://corumofficial.com/wp-content/uploads/2021/04/toosiroshan-2112503-4-1.jpg,https://corumofficial.com/wp-content/uploads/2021/04/toosiroshan-2112503-4-2.jpg,https://corumofficial.com/wp-content/uploads/2021/04/toosiroshan-2112503-4-3.jpg,https://corumofficial.com/wp-content/uploads/2021/04/toosiroshan-2112503-4-4.jpg,[],[],[],12890000,11601000,[],[]
شلوار پارچه ای کمر کشی,https://corumofficial.com/product/2112503/?color=%d8%b3%d8%b1%d9%85%d9%87-%d8%a7%db%8c,https://corumofficial.com/wp-content/uploads/2021/04/sormeiy-2112503-2-4.jpg,https://corumofficial.com/wp-content/uploads/2021/04/sormeiy-2112503-2-1-1.jpg,https://corumofficial.com/wp-content/uploads/2021/04/sormeiy-2112503-2-2-1.jpg,https://corumofficial.com/wp-content/uploads/2021/04/sormeiy-2112503-2-3-1.jpg,[],[],[],[],12890000,11601000,[],[]
شلوار کتان Slim-Fit,https://corumofficial.com/product/2122702/?color=%d8%b3%d8%a8%d8%b2,https://corumofficial.com/wp-content/uploads/2021/04/sabz-2122702-1-4.jpg,https://corumofficial.com/wp-content/uploads/2021/04/sabz-2122702-1-1.jpg,https://corumofficial.com/wp-content/uploads/2021/04/sabz-2122702-1-2.jpg,https://corumofficial.com/wp-content/uploads/2021/04/sabz-2122702-1-3.jpg,[],[],[],[],10890000,9801000,[],[]
شلوار کتان Slim-Fit,https://corumofficial.com/product/2122702/?color=%d8%b7%d9%88%d8%b3%db%8c-%d8%aa%db%8c%d8%b1%d9%87,https://corumofficial.com/wp-content/uploads/2021/04/toositire-2122702-3-1-1.jpg,https://corumofficial.com/wp-content/uploads/2021/04/toositire-2122702-3-4.jpg,https://corumofficial.com/wp-content/uploads/2021/04/toositire-2122702-3-2-1.jpg,https://corumofficial.com/wp-content/uploads/2021/04/toositire-2122702-3-3-1.jpg,[],[],[],[],10890000,9801000,[],[]
شلوار کتان Slim-Fit,https://corumofficial.com/product/2122702/?color=%da%a9%d8%b1%d9%85,https://corumofficial.com/wp-content/uploads/2021/04/kerem-2122702-4-4.jpg,https://corumofficial.com/wp-content/uploads/2021/04/kerem-2122702-4-1-1.jpg,https://corumofficial.com/wp-content/uploads/2021/04/kerem-2122702-4-2-1.jpg,https://corumofficial.com/wp-content/uploads/2021/04/kerem-2122702-4-3-1.jpg,[],[],[],[],10890000,9801000,[],[]
شلوار کتان Slim-Fit,https://corumofficial.com/product/2122702/?color=%da%a9%d8%b1%d9%85-%d8%b1%d9%88%d8%b4%d9%86,https://corumofficial.com/wp-content/uploads/2021/04/keremroshan-2122702-5-1-1.jpg,https://corumofficial.com/wp-content/uploads/2021/04/keremroshan-2122702-5-4.jpg,https://corumofficial.com/wp-content/uploads/2021/04/keremroshan-2122702-5-2-1.jpg,https://corumofficial.com/wp-content/uploads/2021/04/keremroshan-2122702-5-3-1.jpg,[],[],[],[],10890000,9801000,[],[]
شلوار کتان Slim-Fit,https://corumofficial.com/product/2122702/?color=%d9%85%d8%b4%da%a9%db%8c,https://corumofficial.com/wp-content/uploads/2021/04/meshki-2122702-6-4.jpg,https://corumofficial.com/wp-content/uploads/2021/04/meshki-2122702-6-1-1.jpg,https://corumofficial.com/wp-content/uploads/2021/04/meshki-2122702-6-2-1.jpg,https://corumofficial.com/wp-content/uploads/2021/04/meshki-2122702-6-3-1.jpg,[],[],[],[],10890000,9801000,[],[]
شلوار کتان Slim-Fit,https://corumofficial.com/product/2122702/?color=%d8%b3%d8%b1%d9%85%d9%87-%d8%a7%db%8c,https://corumofficial.com/wp-content/uploads/2021/04/sormeiy-2112702-2-1-1.jpg,https://corumofficial.com/wp-content/uploads/2021/04/sormeiy-2112702-2-4.jpg,https://corumofficial.com/wp-content/uploads/2021/04/sormeiy-2112702-2-2-1.jpg,https://corumofficial.com/wp-content/uploads/2021/04/sormeiy-2112702-2-3-1.jpg,[],[],[],[],10890000,9801000,[],[]
شلوار جین مردانه Slim-Fit,https://corumofficial.com/product/2022601/?color=%d8%a2%d8%a8%db%8c-%d8%aa%db%8c%d8%b1%d9%87,https://corumofficial.com/wp-content/uploads/2021/01/abi-tire-2022601-2-1.jpg,https://corumofficial.com/wp-content/uploads/2021/01/abi-tire-2022601-2-2.jpg,https://corumofficial.com/wp-content/uploads/2021/01/abi-tire-2022601-2-3.jpg,[],[],[],[],[],9890000,8901000,[],[]
شلوار جین مردانه Slim-Fit,https://corumofficial.com/product/2022601/?color=%d8%a2%d8%a8%db%8c,https://corumofficial.com/wp-content/uploads/2021/01/abi-2021601-3-1.jpg,https://corumofficial.com/wp-content/uploads/2021/01/abi-2021601-3-2.jpg,https://corumofficial.com/wp-content/uploads/2021/01/abi-2021601-3-3.jpg,https://corumofficial.com/wp-content/uploads/2021/01/abi-2021601-3-4.jpg,[],[],[],[],9890000,8901000,[],[]
شلوار جین مردانه Slim-Fit,https://corumofficial.com/product/2022601/?color=%d8%b2%d8%ba%d8%a7%d9%84%db%8c,https://corumofficial.com/wp-content/uploads/2021/01/zoghali-2022601-8-1.jpg,https://corumofficial.com/wp-content/uploads/2021/01/zoghali-2022601-8-2.jpg,https://corumofficial.com/wp-content/uploads/2021/01/zoghali-2022601-8-3.jpg,[],[],[],[],[],9890000,8901000,[],[]
شلوار جین مردانه Slim-Fit,https://corumofficial.com/product/2022601/?color=%d8%b3%d8%b1%d9%85%d9%87-%d8%a7%db%8c-%d8%b1%d9%88%d8%b4%d9%86,https://corumofficial.com/wp-content/uploads/2021/01/sormeiy-roshan-2022601-1-1.jpg,https://corumofficial.com/wp-content/uploads/2021/01/sormeiy-roshan-2022601-1-2.jpg,https://corumofficial.com/wp-content/uploads/2021/01/sormeiy-roshan-2022601-1-3.jpg,https://corumofficial.com/wp-content/uploads/2021/01/sormeiy-roshan-2022601-1-4.jpg,[],[],[],[],9890000,8901000,[],[]
شلوار جین مردانه Slim-Fit,https://corumofficial.com/product/2022601/?color=%d8%b7%d9%88%d8%b3%db%8c-%d8%aa%db%8c%d8%b1%d9%87,https://corumofficial.com/wp-content/uploads/2021/01/toosi-tire-2022601-7-1.jpg,https://corumofficial.com/wp-content/uploads/2021/01/toosi-tire-2022601-7-2.jpg,https://corumofficial.com/wp-content/uploads/2021/01/toosi-tire-2022601-7-3.jpg,[],[],[],[],[],9890000,8901000,[],[]
شلوار جین مردانه Slim-Fit,https://corumofficial.com/product/2022601/?color=%d8%a2%d8%a8%db%8c-%d8%b1%d9%88%d8%b4%d9%86,https://corumofficial.com/wp-content/uploads/2021/01/abi-roshan-2022601-4-1.jpg,https://corumofficial.com/wp-content/uploads/2021/01/abi-roshan-2022601-4-2.jpg,https://corumofficial.com/wp-content/uploads/2021/01/abi-roshan-2022601-4-3.jpg,[],[],[],[],[],9890000,8901000,[],[]
شلوار جین مردانه Slim-Fit,https://corumofficial.com/product/2022601/?color=%d9%85%d8%b4%da%a9%db%8c,https://corumofficial.com/wp-content/uploads/2021/01/meshki-2022601-6-1.jpg,https://corumofficial.com/wp-content/uploads/2021/01/meshki-2022601-6-2.jpg,https://corumofficial.com/wp-content/uploads/2021/01/meshki-2022601-6-3.jpg,[],[],[],[],[],9890000,8901000,[],[]
شلوار جین مردانه Slim-Fit,https://corumofficial.com/product/2022601/?color=%d8%b3%d8%b1%d9%85%d9%87-%d8%a7%db%8c,https://corumofficial.com/wp-content/uploads/2021/01/sormeiy-2022601-5-1.jpg,https://corumofficial.com/wp-content/uploads/2021/01/sormeiy-2022601-5-2.jpg,https://corumofficial.com/wp-content/uploads/2021/01/sormeiy-2022601-5-3.jpg,https://corumofficial.com/wp-content/uploads/2021/01/sormeiy-2022601-5-4.jpg,[],[],[],[],9890000,8901000,[],[]
شلوار جین مردانه Slim-Fit,https://corumofficial.com/product/2112601/?color=%d8%b2%d8%ba%d8%a7%d9%84%db%8c,https://corumofficial.com/wp-content/uploads/2021/04/zoghali-2112601-1-1-2.jpg,https://corumofficial.com/wp-content/uploads/2021/04/zoghali-2112601-1-5.jpg,https://corumofficial.com/wp-content/uploads/2021/04/zoghali-2112601-1-2-2.jpg,https://corumofficial.com/wp-content/uploads/2021/04/zoghali-2112601-1-3-2.jpg,https://corumofficial.com/wp-content/uploads/2021/04/zoghali-2112601-1-4-2.jpg,https://corumofficial.com/wp-content/uploads/2021/04/zoghali-2112601-1-7.jpg,https://corumofficial.com/wp-content/uploads/2021/04/zoghali-2112601-1-6.jpg,[],10890000,9801000,[],[]
شلوار جین مردانه Slim-Fit,https://corumofficial.com/product/2112601/?color=%d8%b7%d9%88%d8%b3%db%8c,https://corumofficial.com/wp-content/uploads/2021/04/toosi-2112601-2-5-1.jpg,https://corumofficial.com/wp-content/uploads/2021/04/toosi-2112601-2-1-3.jpg,https://corumofficial.com/wp-content/uploads/2021/04/toosi-2112601-2-2-3.jpg,https://corumofficial.com/wp-content/uploads/2021/04/toosi-2112601-2-3-3.jpg,https://corumofficial.com/wp-content/uploads/2021/04/toosi-2112601-2-4-3.jpg,https://corumofficial.com/wp-content/uploads/2021/04/toosi-2112601-2-7-1.jpg,https://corumofficial.com/wp-content/uploads/2021/04/toosi-2112601-2-6-1.jpg,[],10890000,9801000,[],[]
شلوار جین مردانه Slim-Fit,https://corumofficial.com/product/2112601/?color=%d9%85%d8%b4%da%a9%db%8c,https://corumofficial.com/wp-content/uploads/2021/04/meshki-2112601-3-1-2.jpg,https://corumofficial.com/wp-content/uploads/2021/04/meshki-2112601-3-5.jpg,https://corumofficial.com/wp-content/uploads/2021/04/meshki-2112601-3-2-2.jpg,https://corumofficial.com/wp-content/uploads/2021/04/meshki-2112601-3-3-2.jpg,https://corumofficial.com/wp-content/uploads/2021/04/meshki-2112601-3-4-2.jpg,https://corumofficial.com/wp-content/uploads/2021/04/meshki-2112601-3-7.jpg,https://corumofficial.com/wp-content/uploads/2021/04/meshki-2112601-3-6.jpg,[],10890000,9801000,[],[]
شلوار پارچه ای طرح دار کروم,https://corumofficial.com/product/2112502/?color=%d8%a2%d8%a8%db%8c-%d8%aa%db%8c%d8%b1%d9%87,https://corumofficial.com/wp-content/uploads/2021/04/abitire-2112502-2-4.jpg,https://corumofficial.com/wp-content/uploads/2021/04/abitire-2112502-2-1-1.jpg,https://corumofficial.com/wp-content/uploads/2021/04/abitire-2112502-2-2-1.jpg,https://corumofficial.com/wp-content/uploads/2021/04/abitire-2112502-2-3-1.jpg,[],[],[],[],12890000,11601000,[],[]
شلوار پارچه ای طرح دار کروم,https://corumofficial.com/product/2112502/?color=%d8%b2%d8%ba%d8%a7%d9%84%db%8c,https://corumofficial.com/wp-content/uploads/2021/04/zoghali-2112502-1-5-2.jpg,https://corumofficial.com/wp-content/uploads/2021/04/zoghali-2112502-1-2-2.jpg,https://corumofficial.com/wp-content/uploads/2021/04/zoghali-2112502-1-3-2.jpg,https://corumofficial.com/wp-content/uploads/2021/04/zoghali-2112502-1-4-2.jpg,[],[],[],[],12890000,11601000,[],[]
شلوار پارچه ای طرح دار کروم,https://corumofficial.com/product/2112502/?color=%d8%b7%d9%88%d8%b3%db%8c,https://corumofficial.com/wp-content/uploads/2021/04/toosi-2112502-3-1-1.jpg,https://corumofficial.com/wp-content/uploads/2021/04/toosi-2112502-3-5.jpg,https://corumofficial.com/wp-content/uploads/2021/04/toosi-2112502-3-2-1.jpg,https://corumofficial.com/wp-content/uploads/2021/04/toosi-2112502-3-3-1.jpg,https://corumofficial.com/wp-content/uploads/2021/04/toosi-2112502-3-4-1.jpg,[],[],[],12890000,11601000,[],[]
شلوار پارچه ای طرح دار کروم,https://corumofficial.com/product/2112501/?color=%d8%a2%d8%a8%db%8c,https://corumofficial.com/wp-content/uploads/2021/04/abi-2112501-5-5.jpg,https://corumofficial.com/wp-content/uploads/2021/04/abi-2112501-5-1-2.jpg,https://corumofficial.com/wp-content/uploads/2021/04/abi-2112501-5-2-3.jpg,https://corumofficial.com/wp-content/uploads/2021/04/abi-2112501-5-3-3.jpg,https://corumofficial.com/wp-content/uploads/2021/04/abi-2112501-5-4-3.jpg,[],[],[],12890000,11601000,[],[]
شلوار پارچه ای طرح دار کروم,https://corumofficial.com/product/2112501/?color=%d8%b2%d8%ba%d8%a7%d9%84%db%8c,https://corumofficial.com/wp-content/uploads/2021/04/zoghali-2112501-1-1-1.jpg,https://corumofficial.com/wp-content/uploads/2021/04/zoghali-2112501-1-5.jpg,https://corumofficial.com/wp-content/uploads/2021/04/zoghali-2112501-1-2-1.jpg,https://corumofficial.com/wp-content/uploads/2021/04/zoghali-2112501-1-3-1.jpg,https://corumofficial.com/wp-content/uploads/2021/04/zoghali-2112501-1-4-1.jpg,[],[],[],12890000,11601000,[],[]
شلوار پارچه ای طرح دار کروم,https://corumofficial.com/product/2112501/?color=%d8%b7%d9%88%d8%b3%db%8c,https://corumofficial.com/wp-content/uploads/2021/04/toosi-2112501-3-5.jpg,https://corumofficial.com/wp-content/uploads/2021/04/toosi-2112501-3-3-1.jpg,https://corumofficial.com/wp-content/uploads/2021/04/toosi-2112501-3-1-1.jpg,https://corumofficial.com/wp-content/uploads/2021/04/toosi-2112501-3-2-1.jpg,https://corumofficial.com/wp-content/uploads/2021/04/toosi-2112501-3-4-1.jpg,[],[],[],12890000,11601000,[],[]
شلوار پارچه ای طرح دار کروم,https://corumofficial.com/product/2112501/?color=%da%a9%d8%b1%d9%85,https://corumofficial.com/wp-content/uploads/2021/04/kerem-2112501-4-1-1.jpg,https://corumofficial.com/wp-content/uploads/2021/04/kerem-2112501-4-5.jpg,https://corumofficial.com/wp-content/uploads/2021/04/kerem-2112501-4-2-1.jpg,https://corumofficial.com/wp-content/uploads/2021/04/kerem-2112501-4-3-1.jpg,https://corumofficial.com/wp-content/uploads/2021/04/kerem-2112501-4-4-1.jpg,https://corumofficial.com/wp-content/uploads/2021/04/kerem-2112501-4-4-1.jpg,[],[],12890000,11601000,[],[]
شلوار پارچه ای طرح دار کروم,https://corumofficial.com/product/2112501/?color=%d8%b3%d8%b1%d9%85%d9%87-%d8%a7%db%8c,https://corumofficial.com/wp-content/uploads/2021/04/sormeiy-2112501-2-5.jpg,https://corumofficial.com/wp-content/uploads/2021/04/sormeiy-2112501-2-1-1.jpg,https://corumofficial.com/wp-content/uploads/2021/04/sormeiy-2112501-2-2-1.jpg,https://corumofficial.com/wp-content/uploads/2021/04/sormeiy-2112501-2-3-1.jpg,https://corumofficial.com/wp-content/uploads/2021/04/sormeiy-2112501-2-4-1.jpg,[],[],[],12890000,11601000,[],[]
شلوار کتان Regular-Fit,https://corumofficial.com/product/2112702/?color=%d8%b7%d9%88%d8%b3%db%8c,https://corumofficial.com/wp-content/uploads/2021/03/toosi-2112702-1-1-1.jpg,https://corumofficial.com/wp-content/uploads/2021/03/toosi-2112702-1-4.jpg,https://corumofficial.com/wp-content/uploads/2021/03/toosi-2112702-1-2-1.jpg,https://corumofficial.com/wp-content/uploads/2021/03/toosi-2112702-1-3-1.jpg,[],[],[],[],10890000,9801000,[],[]
شلوار کتان Regular-Fit,https://corumofficial.com/product/2112702/?color=%da%a9%d8%b1%d9%85,https://corumofficial.com/wp-content/uploads/2021/03/kerem-2112702-2-4.jpg,https://corumofficial.com/wp-content/uploads/2021/03/kerem-2112702-2-1-1.jpg,https://corumofficial.com/wp-content/uploads/2021/03/kerem-2112702-2-2-1.jpg,https://corumofficial.com/wp-content/uploads/2021/03/kerem-2112702-2-3-1.jpg,[],[],[],[],10890000,9801000,[],[]
شلوار کتان Regular-Fit,https://corumofficial.com/product/2112702/?color=%d9%85%d8%b4%da%a9%db%8c,https://corumofficial.com/wp-content/uploads/2021/03/meshki-2112702-3-1-1.jpg,https://corumofficial.com/wp-content/uploads/2021/03/meshki-2112702-3-4.jpg,https://corumofficial.com/wp-content/uploads/2021/03/meshki-2112702-3-2-1.jpg,https://corumofficial.com/wp-content/uploads/2021/03/meshki-2112702-3-3-1.jpg,[],[],[],[],10890000,9801000,[],[]
شلوار کتان مردانه کروم,https://corumofficial.com/product/2022703/?color=%d8%b7%d9%88%d8%b3%db%8c-%d8%aa%db%8c%d8%b1%d9%87,https://corumofficial.com/wp-content/uploads/2021/03/toositire-2022703-3-5.jpg,https://corumofficial.com/wp-content/uploads/2021/03/toositire-2022703-3-1-1.jpg,https://corumofficial.com/wp-content/uploads/2021/03/toositire-2022703-3-2-1.jpg,https://corumofficial.com/wp-content/uploads/2021/03/toositire-2022703-3-3-1.jpg,https://corumofficial.com/wp-content/uploads/2021/03/toositire-2022703-3-4-1.jpg,[],[],[],10890000,9801000,[],[]
شلوار کتان مردانه کروم,https://corumofficial.com/product/2022703/?color=%d9%85%d8%b4%da%a9%db%8c,https://corumofficial.com/wp-content/uploads/2021/03/meshki-2022703-2-4.jpg,https://corumofficial.com/wp-content/uploads/2021/03/meshki-2022703-2-1-1.jpg,https://corumofficial.com/wp-content/uploads/2021/03/meshki-2022703-2-2-1.jpg,https://corumofficial.com/wp-content/uploads/2021/03/meshki-2022703-2-3-1.jpg,[],[],[],[],10890000,9801000,[],[]
شلوار کتان مردانه کروم,https://corumofficial.com/product/2022703/?color=%d8%b3%d8%b1%d9%85%d9%87-%d8%a7%db%8c,https://corumofficial.com/wp-content/uploads/2021/03/sormeiy-2022703-1-4.jpg,https://corumofficial.com/wp-content/uploads/2021/03/sormeiy-2022703-1-2-1.jpg,https://corumofficial.com/wp-content/uploads/2021/03/sormeiy-2022703-1-1-1.jpg,https://corumofficial.com/wp-content/uploads/2021/03/sormeiy-2022703-1-3-1.jpg,[],[],[],[],10890000,9801000,[],[]
شلوار پارچه ای طرح دار کروم,https://corumofficial.com/product/2122501/?color=%d8%b3%d8%b1%d9%85%d9%87-%d8%a7%db%8c-%d8%aa%db%8c%d8%b1%d9%87,https://corumofficial.com/wp-content/uploads/2021/02/sormeiytire-2122501-3-5.jpg,https://corumofficial.com/wp-content/uploads/2021/02/sormeiytire-2122501-3-1-1.jpg,https://corumofficial.com/wp-content/uploads/2021/02/sormeiytire-2122501-3-2-1.jpg,https://corumofficial.com/wp-content/uploads/2021/02/sormeiytire-2122501-3-3-1.jpg,https://corumofficial.com/wp-content/uploads/2021/02/sormeiytire-2122501-3-4-1.jpg,[],[],[],11890000,10701000,[],[]
شلوار پارچه ای طرح دار کروم,https://corumofficial.com/product/2122501/?color=%d8%b2%d8%ba%d8%a7%d9%84%db%8c,https://corumofficial.com/wp-content/uploads/2021/02/zoghali-2122501-1-1.jpg,https://corumofficial.com/wp-content/uploads/2021/02/zoghali-2122501-1-5.jpg,https://corumofficial.com/wp-content/uploads/2021/02/zoghali-2122501-1-2.jpg,https://corumofficial.com/wp-content/uploads/2021/02/zoghali-2122501-1-3.jpg,https://corumofficial.com/wp-content/uploads/2021/02/zoghali-2122501-1-4.jpg,[],[],[],11890000,10701000,[],[]
شلوار پارچه ای طرح دار کروم,https://corumofficial.com/product/2122501/?color=%d8%b7%d9%88%d8%b3%db%8c,https://corumofficial.com/wp-content/uploads/2021/02/toosi-2122501-2-5.jpg,https://corumofficial.com/wp-content/uploads/2021/02/toosi-2122501-2-1-1.jpg,https://corumofficial.com/wp-content/uploads/2021/02/toosi-2122501-2-2-1.jpg,https://corumofficial.com/wp-content/uploads/2021/02/toosi-2122501-2-3-1.jpg,https://corumofficial.com/wp-content/uploads/2021/02/toosi-2122501-2-4.jpg,[],[],[],11890000,10701000,[],[]
شلوار پارچه ای طرح دار کروم,https://corumofficial.com/product/2122501/?color=%d8%b3%d8%b1%d9%85%d9%87-%d8%a7%db%8c,https://corumofficial.com/wp-content/uploads/2021/02/sormeiy-2122501-4-1.jpg,https://corumofficial.com/wp-content/uploads/2021/02/sormeiy-2122501-4-5.jpg,https://corumofficial.com/wp-content/uploads/2021/02/sormeiy-2122501-4-2.jpg,https://corumofficial.com/wp-content/uploads/2021/02/sormeiy-2122501-4-3.jpg,https://corumofficial.com/wp-content/uploads/2021/02/sormeiy-2122501-4-4.jpg,[],[],[],11890000,10701000,[],[]
