Name,Main Web Page,Main Image,Second Image,Third Image,Fourth Image,Fifth Image,Sixth Image,Seventh Image,Eighth Image,Ninth Image,Tenth Image,Eleventh Image,Twelve Image,Thirteenth Image,Fourteenth Image,Fifteenth,Sixteenth,Seventeenth,Eighteenth,Price,Discounted Price,Sleeve
پیراهن جین,https://riskonline.ir/product/%d9%be%db%8c%d8%b1%d8%a7%d9%87%d9%86-%d8%ac%db%8c%d9%86-2/,https://riskonline.ir/oakoocke/2021/05/12-14.jpg,https://riskonline.ir/oakoocke/2021/05/12-14.jpg,[],[],[],[],[],[],[],[],[],[],[],[],[],[],[],[],1450000,1450000, بلند
پیراهن جین,https://riskonline.ir/product/%d9%be%db%8c%d8%b1%d8%a7%d9%87%d9%86-%d8%ac%db%8c%d9%86/,https://riskonline.ir/oakoocke/2021/05/11-13.jpg,https://riskonline.ir/oakoocke/2021/05/11-13.jpg,[],[],[],[],[],[],[],[],[],[],[],[],[],[],[],[],1450000,1450000, بلند
پیراهن هاوایی,https://riskonline.ir/product/%d9%be%db%8c%d8%b1%d8%a7%d9%87%d9%86-%d9%87%d8%a7%d9%88%d8%a7%db%8c%db%8c-8/,https://riskonline.ir/oakoocke/2021/05/12-3.jpg,https://riskonline.ir/oakoocke/2021/05/12-3.jpg,https://riskonline.ir/oakoocke/2021/05/PIRAHAN-HAVAEI-98.jpg,[],[],[],[],[],[],[],[],[],[],[],[],[],[],[],980000,980000, کوتاه
پیراهن هاوایی,https://riskonline.ir/product/%d9%be%db%8c%d8%b1%d8%a7%d9%87%d9%86-%d9%87%d8%a7%d9%88%d8%a7%db%8c%db%8c-7/,https://riskonline.ir/oakoocke/2021/05/11-4.jpg,https://riskonline.ir/oakoocke/2021/05/11-4.jpg,https://riskonline.ir/oakoocke/2021/05/PIRAHAN-HAVAEI-98.jpg,[],[],[],[],[],[],[],[],[],[],[],[],[],[],[],980000,980000, کوتاه
پیراهن چهارخانه CHaneL,https://riskonline.ir/product/%d9%be%db%8c%d8%b1%d8%a7%d9%87%d9%86-%da%86%d9%87%d8%a7%d8%b1%d8%ae%d8%a7%d9%86%d9%87-chanel-4/,https://riskonline.ir/oakoocke/2021/05/34-1.jpg,https://riskonline.ir/oakoocke/2021/05/34-1.jpg,https://riskonline.ir/oakoocke/2021/05/pirahan-M-2XL-copy-1.jpg,[],[],[],[],[],[],[],[],[],[],[],[],[],[],[],980000,980000, بلند
پیراهن چهارخانه,https://riskonline.ir/product/%d9%be%db%8c%d8%b1%d8%a7%d9%87%d9%86-%da%86%d9%87%d8%a7%d8%b1%d8%ae%d8%a7%d9%86%d9%87-7/,https://riskonline.ir/oakoocke/2021/05/33-1.jpg,https://riskonline.ir/oakoocke/2021/05/33-1.jpg,https://riskonline.ir/oakoocke/2021/05/charkhune-T.jpg,[],[],[],[],[],[],[],[],[],[],[],[],[],[],[],980000,980000, بلند
پیراهن چهارخانه ChaNeL,https://riskonline.ir/product/%d9%be%db%8c%d8%b1%d8%a7%d9%87%d9%86-%da%86%d9%87%d8%a7%d8%b1%d8%ae%d8%a7%d9%86%d9%87-chanel-3/,https://riskonline.ir/oakoocke/2021/05/35-1.jpg,https://riskonline.ir/oakoocke/2021/05/35-1.jpg,https://riskonline.ir/oakoocke/2021/05/pirahan-M-2XL-copy-1.jpg,[],[],[],[],[],[],[],[],[],[],[],[],[],[],[],980000,980000, بلند
پیراهن هاوایی,https://riskonline.ir/product/%d9%be%db%8c%d8%b1%d8%a7%d9%87%d9%86-%d9%87%d8%a7%d9%88%d8%a7%db%8c%db%8c-5/,https://riskonline.ir/oakoocke/2021/05/5-3.jpg,https://riskonline.ir/oakoocke/2021/05/5-3.jpg,https://riskonline.ir/oakoocke/2021/05/PIRAHAN-HAVAEI-98.jpg,[],[],[],[],[],[],[],[],[],[],[],[],[],[],[],980000,980000, کوتاه
پیراهن هاوایی,https://riskonline.ir/product/%d9%be%db%8c%d8%b1%d8%a7%d9%87%d9%86-%d9%87%d8%a7%d9%88%d8%a7%db%8c%db%8c-4/,https://riskonline.ir/oakoocke/2021/05/4-4.jpg,https://riskonline.ir/oakoocke/2021/05/4-4.jpg,https://riskonline.ir/oakoocke/2021/05/PIRAHAN-HAVAEI-98.jpg,[],[],[],[],[],[],[],[],[],[],[],[],[],[],[],980000,980000, کوتاه
پیراهن هاوایی,https://riskonline.ir/product/%d9%be%db%8c%d8%b1%d8%a7%d9%87%d9%86-%d9%87%d8%a7%d9%88%d8%a7%db%8c%db%8c-3/,https://riskonline.ir/oakoocke/2021/05/2-5.jpg,https://riskonline.ir/oakoocke/2021/05/2-5.jpg,https://riskonline.ir/oakoocke/2021/05/PIRAHAN-HAVAEI-98.jpg,[],[],[],[],[],[],[],[],[],[],[],[],[],[],[],980000,980000, کوتاه
پیراهن هاوایی,https://riskonline.ir/product/%d9%be%db%8c%d8%b1%d8%a7%d9%87%d9%86-%d9%87%d8%a7%d9%88%d8%a7%db%8c%db%8c-2/,https://riskonline.ir/oakoocke/2021/05/3-5.jpg,https://riskonline.ir/oakoocke/2021/05/3-5.jpg,https://riskonline.ir/oakoocke/2021/05/PIRAHAN-HAVAEI-98.jpg,[],[],[],[],[],[],[],[],[],[],[],[],[],[],[],980000,980000, کوتاه
پیراهن هاوایی,https://riskonline.ir/product/%d9%be%db%8c%d8%b1%d8%a7%d9%87%d9%86-%d9%87%d8%a7%d9%88%d8%a7%db%8c%db%8c/,https://riskonline.ir/oakoocke/2021/05/1-5.jpg,https://riskonline.ir/oakoocke/2021/05/1-5.jpg,https://riskonline.ir/oakoocke/2021/05/PIRAHAN-HAVAEI-98.jpg,[],[],[],[],[],[],[],[],[],[],[],[],[],[],[],980000,980000, کوتاه
پیراهن سفید گلدوزی,https://riskonline.ir/product/%d9%be%db%8c%d8%b1%d8%a7%d9%87%d9%86-%d8%b3%d9%81%db%8c%d8%af-%da%af%d9%84%d8%af%d9%88%d8%b2%db%8c-2/,https://riskonline.ir/oakoocke/2021/04/1-16.jpg,https://riskonline.ir/oakoocke/2021/04/1-16.jpg,https://riskonline.ir/oakoocke/2021/04/astin-kotah-sefid-1.jpg,[],[],[],[],[],[],[],[],[],[],[],[],[],[],[],1250000,1250000, کوتاه
پیراهن مشکی گلدوزی,https://riskonline.ir/product/%d9%be%db%8c%d8%b1%d8%a7%d9%87%d9%86-%d9%85%d8%b4%da%a9%db%8c-%da%af%d9%84%d8%af%d9%88%d8%b2%db%8c/,https://riskonline.ir/oakoocke/2021/04/13-16.jpg,https://riskonline.ir/oakoocke/2021/04/13-16.jpg,https://riskonline.ir/oakoocke/2021/04/meshki-asitin-kotah-1.jpg,[],[],[],[],[],[],[],[],[],[],[],[],[],[],[],1250000,1250000, کوتاه
پیراهن سفید ساده,https://riskonline.ir/product/%d9%be%db%8c%d8%b1%d8%a7%d9%87%d9%86-%d8%b3%d9%81%db%8c%d8%af-%d8%b3%d8%a7%d8%af%d9%87-3/,https://riskonline.ir/oakoocke/2021/04/14-17.jpg,https://riskonline.ir/oakoocke/2021/04/14-17.jpg,https://riskonline.ir/oakoocke/2021/04/astin-kotah-sefid.jpg,[],[],[],[],[],[],[],[],[],[],[],[],[],[],[],1250000,1250000, کوتاه
پیراهن مشکی ساده,https://riskonline.ir/product/%d9%be%db%8c%d8%b1%d8%a7%d9%87%d9%86-%d9%85%d8%b4%da%a9%db%8c-%d8%b3%d8%a7%d8%af%d9%87/,https://riskonline.ir/oakoocke/2021/04/12-15.jpg,https://riskonline.ir/oakoocke/2021/04/12-15.jpg,https://riskonline.ir/oakoocke/2021/04/meshki-asitin-kotah.jpg,[],[],[],[],[],[],[],[],[],[],[],[],[],[],[],1250000,1250000, کوتاه
پیراهن سفید گلدوزی,https://riskonline.ir/product/%d9%be%db%8c%d8%b1%d8%a7%d9%87%d9%86-%d8%b3%d9%81%db%8c%d8%af-%da%af%d9%84%d8%af%d9%88%d8%b2%db%8c/,https://riskonline.ir/oakoocke/2021/04/10-20.jpg,https://riskonline.ir/oakoocke/2021/04/10-20.jpg,https://riskonline.ir/oakoocke/2021/04/sefid-astin-boland-1.jpg,[],[],[],[],[],[],[],[],[],[],[],[],[],[],[],1350000,1350000, بلند
پیراهن سفید ساده,https://riskonline.ir/product/%d9%be%db%8c%d8%b1%d8%a7%d9%87%d9%86-%d8%b3%d9%81%db%8c%d8%af-%d8%b3%d8%a7%d8%af%d9%87-2/,https://riskonline.ir/oakoocke/2021/04/11-14.jpg,https://riskonline.ir/oakoocke/2021/04/11-14.jpg,https://riskonline.ir/oakoocke/2021/04/sefid-astin-boland.jpg,[],[],[],[],[],[],[],[],[],[],[],[],[],[],[],1350000,1350000, بلند
پیراهن چهارخانه,https://riskonline.ir/product/%d9%be%db%8c%d8%b1%d8%a7%d9%87%d9%86-%da%86%d9%87%d8%a7%d8%b1%d8%ae%d8%a7%d9%86%d9%87-6/,https://riskonline.ir/oakoocke/2021/04/7-20.jpg,https://riskonline.ir/oakoocke/2021/04/7-20.jpg,https://riskonline.ir/oakoocke/2021/04/charkhune-T.jpg,[],[],[],[],[],[],[],[],[],[],[],[],[],[],[],980000,980000, بلند
پیراهن چهارخانه CHanel,https://riskonline.ir/product/%d9%be%db%8c%d8%b1%d8%a7%d9%87%d9%86-%da%86%d9%87%d8%a7%d8%b1%d8%ae%d8%a7%d9%86%d9%87-chanel-2/,https://riskonline.ir/oakoocke/2021/04/5-19.jpg,https://riskonline.ir/oakoocke/2021/04/5-19.jpg,https://riskonline.ir/oakoocke/2021/04/pirahan-M-2XL-copy-1-4.jpg,[],[],[],[],[],[],[],[],[],[],[],[],[],[],[],980000,980000, بلند
پیراهن چهارخانه,https://riskonline.ir/product/%d9%be%db%8c%d8%b1%d8%a7%d9%87%d9%86-%da%86%d9%87%d8%a7%d8%b1%d8%ae%d8%a7%d9%86%d9%87-5/,https://riskonline.ir/oakoocke/2021/04/4-18.jpg,https://riskonline.ir/oakoocke/2021/04/4-18.jpg,https://riskonline.ir/oakoocke/2021/04/charkhune-T.jpg,[],[],[],[],[],[],[],[],[],[],[],[],[],[],[],980000,980000, بلند
پیراهن چهارخانه Chanel,https://riskonline.ir/product/%d9%be%db%8c%d8%b1%d8%a7%d9%87%d9%86-%da%86%d9%87%d8%a7%d8%b1%d8%ae%d8%a7%d9%86%d9%87-chanel/,https://riskonline.ir/oakoocke/2021/04/2-19.jpg,https://riskonline.ir/oakoocke/2021/04/2-19.jpg,https://riskonline.ir/oakoocke/2021/04/pirahan-M-2XL-copy-1-4.jpg,[],[],[],[],[],[],[],[],[],[],[],[],[],[],[],980000,980000, بلند
پیراهن چهارخانه,https://riskonline.ir/product/%d9%be%db%8c%d8%b1%d8%a7%d9%87%d9%86-%da%86%d9%87%d8%a7%d8%b1%d8%ae%d8%a7%d9%86%d9%87/,https://riskonline.ir/oakoocke/2021/04/3-18.jpg,https://riskonline.ir/oakoocke/2021/04/3-18.jpg,https://riskonline.ir/oakoocke/2021/04/charkhune-T.jpg,[],[],[],[],[],[],[],[],[],[],[],[],[],[],[],980000,980000, بلند
پیراهن Dolce & Gabbana,https://riskonline.ir/product/%d9%be%db%8c%d8%b1%d8%a7%d9%87%d9%86-dolce-gabbana-2/,https://riskonline.ir/oakoocke/2021/04/9-17.jpg,https://riskonline.ir/oakoocke/2021/04/9-17.jpg,https://riskonline.ir/oakoocke/2021/04/goldoozi-abi-sefid-1.jpg,[],[],[],[],[],[],[],[],[],[],[],[],[],[],[],1350000,1350000, بلند
پیراهن Dolce & Gabbana,https://riskonline.ir/product/%d9%be%db%8c%d8%b1%d8%a7%d9%87%d9%86-dolce-gabbana/,https://riskonline.ir/oakoocke/2021/04/8-19.jpg,https://riskonline.ir/oakoocke/2021/04/8-19.jpg,https://riskonline.ir/oakoocke/2021/04/goldoozi-abi-sefid.jpg,[],[],[],[],[],[],[],[],[],[],[],[],[],[],[],1350000,1350000, بلند
پیراهن چهارخانه Abercrombie,https://riskonline.ir/product/%d9%be%db%8c%d8%b1%d8%a7%d9%87%d9%86-%da%86%d9%87%d8%a7%d8%b1%d8%ae%d8%a7%d9%86%d9%87-abercrombie-4/,https://riskonline.ir/oakoocke/2021/04/16-13.jpg,https://riskonline.ir/oakoocke/2021/04/16-13.jpg,https://riskonline.ir/oakoocke/2021/04/pirahan-M-2XL-copy-1-3.jpg,[],[],[],[],[],[],[],[],[],[],[],[],[],[],[],980000,980000, بلند
پیراهن ساده,https://riskonline.ir/product/%d9%be%db%8c%d8%b1%d8%a7%d9%87%d9%86-%d8%b3%d8%a7%d8%af%d9%87-4/,https://riskonline.ir/oakoocke/2021/04/13-12.jpg,https://riskonline.ir/oakoocke/2021/04/13-12.jpg,https://riskonline.ir/oakoocke/2021/04/sade-ha.jpg,[],[],[],[],[],[],[],[],[],[],[],[],[],[],[],1350000,1350000, بلند
پیراهن ساده,https://riskonline.ir/product/%d9%be%db%8c%d8%b1%d8%a7%d9%87%d9%86-%d8%b3%d8%a7%d8%af%d9%87-3/,https://riskonline.ir/oakoocke/2021/04/11-11.jpg,https://riskonline.ir/oakoocke/2021/04/11-11.jpg,https://riskonline.ir/oakoocke/2021/04/sade-ha.jpg,[],[],[],[],[],[],[],[],[],[],[],[],[],[],[],1350000,1350000, بلند
پیراهن ساده,https://riskonline.ir/product/%d9%be%db%8c%d8%b1%d8%a7%d9%87%d9%86-%d8%b3%d8%a7%d8%af%d9%87-2/,https://riskonline.ir/oakoocke/2021/04/12-13.jpg,https://riskonline.ir/oakoocke/2021/04/12-13.jpg,https://riskonline.ir/oakoocke/2021/04/soorme.jpg,[],[],[],[],[],[],[],[],[],[],[],[],[],[],[],1350000,1350000, بلند
پیراهن سفید ساده,https://riskonline.ir/product/%d9%be%db%8c%d8%b1%d8%a7%d9%87%d9%86-%d8%b3%d9%81%db%8c%d8%af-%d8%b3%d8%a7%d8%af%d9%87/,https://riskonline.ir/oakoocke/2021/04/10-17.jpg,https://riskonline.ir/oakoocke/2021/04/10-17.jpg,https://riskonline.ir/oakoocke/2021/04/sefide.jpg,[],[],[],[],[],[],[],[],[],[],[],[],[],[],[],1350000,1350000, بلند
پیراهن ساده,https://riskonline.ir/product/%d9%be%db%8c%d8%b1%d8%a7%d9%87%d9%86-%d8%b3%d8%a7%d8%af%d9%87/,https://riskonline.ir/oakoocke/2021/04/9-14.jpg,https://riskonline.ir/oakoocke/2021/04/9-14.jpg,https://riskonline.ir/oakoocke/2021/04/sade-ha.jpg,[],[],[],[],[],[],[],[],[],[],[],[],[],[],[],1350000,1350000, بلند
پیراهن کتان,https://riskonline.ir/product/%d9%be%db%8c%d8%b1%d8%a7%d9%87%d9%86-%da%a9%d8%aa%d8%a7%d9%86-8/,https://riskonline.ir/oakoocke/2021/04/6-5.jpg,https://riskonline.ir/oakoocke/2021/04/6-5.jpg,https://riskonline.ir/oakoocke/2021/04/KATOON.jpg,[],[],[],[],[],[],[],[],[],[],[],[],[],[],[],1450000,1450000, بلند
پیراهن کتان,https://riskonline.ir/product/%d9%be%db%8c%d8%b1%d8%a7%d9%87%d9%86-%da%a9%d8%aa%d8%a7%d9%86-7/,https://riskonline.ir/oakoocke/2021/04/8-6.jpg,https://riskonline.ir/oakoocke/2021/04/8-6.jpg,https://riskonline.ir/oakoocke/2021/04/KATOON.jpg,[],[],[],[],[],[],[],[],[],[],[],[],[],[],[],1450000,1450000, بلند
پیراهن کتان,https://riskonline.ir/product/%d9%be%db%8c%d8%b1%d8%a7%d9%87%d9%86-%da%a9%d8%aa%d8%a7%d9%86-6/,https://riskonline.ir/oakoocke/2021/04/7-6.jpg,https://riskonline.ir/oakoocke/2021/04/7-6.jpg,https://riskonline.ir/oakoocke/2021/04/KATOON.jpg,[],[],[],[],[],[],[],[],[],[],[],[],[],[],[],1450000,1450000, بلند
پیراهن کتان,https://riskonline.ir/product/%d9%be%db%8c%d8%b1%d8%a7%d9%87%d9%86-%da%a9%d8%aa%d8%a7%d9%86-5/,https://riskonline.ir/oakoocke/2021/04/5-7.jpg,https://riskonline.ir/oakoocke/2021/04/5-7.jpg,https://riskonline.ir/oakoocke/2021/04/KATOON.jpg,[],[],[],[],[],[],[],[],[],[],[],[],[],[],[],1450000,1450000, بلند
پیراهن کتان,https://riskonline.ir/product/%d9%be%db%8c%d8%b1%d8%a7%d9%87%d9%86-%da%a9%d8%aa%d8%a7%d9%86-4/,https://riskonline.ir/oakoocke/2021/04/4-7.jpg,https://riskonline.ir/oakoocke/2021/04/4-7.jpg,https://riskonline.ir/oakoocke/2021/04/KATOON.jpg,[],[],[],[],[],[],[],[],[],[],[],[],[],[],[],1450000,1450000, بلند
پیراهن کتان,https://riskonline.ir/product/%d9%be%db%8c%d8%b1%d8%a7%d9%87%d9%86-%da%a9%d8%aa%d8%a7%d9%86-3/,https://riskonline.ir/oakoocke/2021/04/3-6.jpg,https://riskonline.ir/oakoocke/2021/04/3-6.jpg,https://riskonline.ir/oakoocke/2021/04/KATOON.jpg,[],[],[],[],[],[],[],[],[],[],[],[],[],[],[],1450000,1450000, بلند
پیراهن کتان,https://riskonline.ir/product/%d9%be%db%8c%d8%b1%d8%a7%d9%87%d9%86-%da%a9%d8%aa%d8%a7%d9%86-2/,https://riskonline.ir/oakoocke/2021/04/2-7.jpg,https://riskonline.ir/oakoocke/2021/04/2-7.jpg,https://riskonline.ir/oakoocke/2021/04/KATOON.jpg,[],[],[],[],[],[],[],[],[],[],[],[],[],[],[],1450000,1450000, بلند
پیراهن کتان,https://riskonline.ir/product/%d9%be%db%8c%d8%b1%d8%a7%d9%87%d9%86-%da%a9%d8%aa%d8%a7%d9%86/,https://riskonline.ir/oakoocke/2021/04/1-5.jpg,https://riskonline.ir/oakoocke/2021/04/1-5.jpg,https://riskonline.ir/oakoocke/2021/04/KATOON.jpg,[],[],[],[],[],[],[],[],[],[],[],[],[],[],[],1450000,1450000, بلند
پیراهن چهارخانه,https://riskonline.ir/product/%d9%be%db%8c%d8%b1%d8%a7%d9%87%d9%86-%da%86%d9%87%d8%a7%d8%b1%d8%ae%d8%a7%d9%86%d9%87-8/,https://riskonline.ir/oakoocke/2021/04/22-2.jpg,https://riskonline.ir/oakoocke/2021/04/22-2.jpg,https://riskonline.ir/oakoocke/2021/04/charkhunee-kochikkkk-1.jpg,[],[],[],[],[],[],[],[],[],[],[],[],[],[],[],850000,850000, بلند
پیراهن راه راه,https://riskonline.ir/product/%d9%be%db%8c%d8%b1%d8%a7%d9%87%d9%86-%d8%b1%d8%a7%d9%87-%d8%b1%d8%a7%d9%87-2/,https://riskonline.ir/oakoocke/2021/04/16-2.jpg,https://riskonline.ir/oakoocke/2021/04/16-2.jpg,https://riskonline.ir/oakoocke/2021/04/rah-rah.jpg,[],[],[],[],[],[],[],[],[],[],[],[],[],[],[],1100000,1100000, کوتاه
پیراهن راه راه,https://riskonline.ir/product/%d9%be%db%8c%d8%b1%d8%a7%d9%87%d9%86-%d8%b1%d8%a7%d9%87-%d8%b1%d8%a7%d9%87/,https://riskonline.ir/oakoocke/2021/04/19-2.jpg,https://riskonline.ir/oakoocke/2021/04/19-2.jpg,https://riskonline.ir/oakoocke/2021/04/rah-rah-1.jpg,[],[],[],[],[],[],[],[],[],[],[],[],[],[],[],1100000,1100000, کوتاه
پیراهن چهارخانه,https://riskonline.ir/product/%d9%be%db%8c%d8%b1%d8%a7%d9%87%d9%86-%da%86%d9%87%d8%a7%d8%b1%d8%ae%d8%a7%d9%86%d9%87-3/,https://riskonline.ir/oakoocke/2021/04/17-2.jpg,https://riskonline.ir/oakoocke/2021/04/17-2.jpg,https://riskonline.ir/oakoocke/2021/04/charkhune-bozorg.jpg,[],[],[],[],[],[],[],[],[],[],[],[],[],[],[],850000,850000, بلند
پیراهن چهارخانه,https://riskonline.ir/product/%d9%be%db%8c%d8%b1%d8%a7%d9%87%d9%86-%da%86%d9%87%d8%a7%d8%b1%d8%ae%d8%a7%d9%86%d9%87-2/,https://riskonline.ir/oakoocke/2021/04/15-2.jpg,https://riskonline.ir/oakoocke/2021/04/15-2.jpg,https://riskonline.ir/oakoocke/2021/04/charkhune-bozorg.jpg,[],[],[],[],[],[],[],[],[],[],[],[],[],[],[],850000,850000, بلند
پیراهن ValenTino,https://riskonline.ir/product/%d9%be%db%8c%d8%b1%d8%a7%d9%87%d9%86-valentino-2/,https://riskonline.ir/oakoocke/2021/04/34-1.jpg,https://riskonline.ir/oakoocke/2021/04/34-1.jpg,https://riskonline.ir/oakoocke/2021/04/pirahan-M-2XL-copy-1-1.jpg,[],[],[],[],[],[],[],[],[],[],[],[],[],[],[],1350000,1350000, کوتاه
پیراهن polo,https://riskonline.ir/product/%d9%be%db%8c%d8%b1%d8%a7%d9%87%d9%86-polo-9/,https://riskonline.ir/oakoocke/2021/02/3-13.jpg,https://riskonline.ir/oakoocke/2021/02/3-13.jpg,[],[],[],[],[],[],[],[],[],[],[],[],[],[],[],[],1650000,1650000, بلند
پیراهن polo,https://riskonline.ir/product/%d9%be%db%8c%d8%b1%d8%a7%d9%87%d9%86-polo-8/,https://riskonline.ir/oakoocke/2021/02/5-11.jpg,https://riskonline.ir/oakoocke/2021/02/5-11.jpg,[],[],[],[],[],[],[],[],[],[],[],[],[],[],[],[],1650000,1650000, بلند
پیراهن polo,https://riskonline.ir/product/%d9%be%db%8c%d8%b1%d8%a7%d9%87%d9%86-polo-5/,https://riskonline.ir/oakoocke/2021/02/8-11.jpg,https://riskonline.ir/oakoocke/2021/02/8-11.jpg,[],[],[],[],[],[],[],[],[],[],[],[],[],[],[],[],1650000,1650000, بلند
