Name,Main Web Page,Main Image,Second Image,Third Image,Fourth Image,Fifth Image,Sixth Image,Seventh Image,Eighth Image,Ninth Image,Price,Discounted Price,Sleeve,Collar
شلوار اسلش طرحدار,https://torkjameh.com/خرید-لباس-مردانه/48500-خرید-لباس-مردانه-شلوار-اسلش-طرحدار-آقایان-deepsea.html,https://torkjameh.com/141749-thickbox_default/خرید-لباس-مردانه-شلوار-اسلش-طرحدار-آقایان-deepsea.jpg,https://torkjameh.com/141748-thickbox_default/خرید-لباس-مردانه-شلوار-اسلش-طرحدار-آقایان-deepsea.jpg,[],[],[],[],[],[],[],2700000,2700000,[],[]
شلوار یشمی اسپرت,https://torkjameh.com/خرید-لباس-مردانه/47404-خرید-لباس-مردانه-شلوار-یشمی-اسپرت-آقایان-.html,https://torkjameh.com/136033-thickbox_default/خرید-لباس-مردانه-شلوار-یشمی-اسپرت-آقایان-.jpg,https://torkjameh.com/136032-thickbox_default/خرید-لباس-مردانه-شلوار-یشمی-اسپرت-آقایان-.jpg,https://torkjameh.com/136034-thickbox_default/خرید-لباس-مردانه-شلوار-یشمی-اسپرت-آقایان-.jpg,[],[],[],[],[],[],2050000,2050000,[],[]
شلوار مشکی اسپرت,https://torkjameh.com/خرید-لباس-مردانه/47403-خرید-لباس-مردانه-شلوار-مشکی-اسپرت-آقایان-.html,https://torkjameh.com/136031-thickbox_default/خرید-لباس-مردانه-شلوار-مشکی-اسپرت-آقایان-.jpg,https://torkjameh.com/136030-thickbox_default/خرید-لباس-مردانه-شلوار-مشکی-اسپرت-آقایان-.jpg,[],[],[],[],[],[],[],1980000,1980000,[],[]
شلوار اسپرت مارک,https://torkjameh.com/خرید-لباس-مردانه/47402-خرید-لباس-مردانه-شلوار-اسپرت-مارک-آقایان-.html,https://torkjameh.com/136029-thickbox_default/خرید-لباس-مردانه-شلوار-اسپرت-مارک-آقایان-.jpg,https://torkjameh.com/136028-thickbox_default/خرید-لباس-مردانه-شلوار-اسپرت-مارک-آقایان-.jpg,[],[],[],[],[],[],[],1980000,1980000,[],[]
اسلش طوسی ترک,https://torkjameh.com/خرید-لباس-مردانه/47401-خرید-لباس-مردانه-اسلش-طوسی-ترک-آقایان-.html,https://torkjameh.com/136026-thickbox_default/خرید-لباس-مردانه-اسلش-طوسی-ترک-آقایان-.jpg,https://torkjameh.com/136027-thickbox_default/خرید-لباس-مردانه-اسلش-طوسی-ترک-آقایان-.jpg,[],[],[],[],[],[],[],1950000,1950000,[],[]
شلوار اسلش ترک,https://torkjameh.com/خرید-لباس-مردانه/47399-خرید-لباس-مردانه-شلوار-اسلش-ترک-آقایان-.html,https://torkjameh.com/136020-thickbox_default/خرید-لباس-مردانه-شلوار-اسلش-ترک-آقایان-.jpg,https://torkjameh.com/136021-thickbox_default/خرید-لباس-مردانه-شلوار-اسلش-ترک-آقایان-.jpg,[],[],[],[],[],[],[],1980000,1980000,[],[]
شلوار اسلش جدید,https://torkjameh.com/خرید-لباس-مردانه/47398-خرید-لباس-مردانه-شلوار-اسلش-جدید-آقایان-.html,https://torkjameh.com/136019-thickbox_default/خرید-لباس-مردانه-شلوار-اسلش-جدید-آقایان-.jpg,https://torkjameh.com/136018-thickbox_default/خرید-لباس-مردانه-شلوار-اسلش-جدید-آقایان-.jpg,[],[],[],[],[],[],[],1980000,1980000,[],[]
اسلش اسپرت ترک,https://torkjameh.com/خرید-لباس-مردانه/47397-خرید-لباس-مردانه-اسلش-اسپرت-ترک-آقایان-tozlu.html,https://torkjameh.com/136017-thickbox_default/خرید-لباس-مردانه-اسلش-اسپرت-ترک-آقایان-tozlu.jpg,https://torkjameh.com/136016-thickbox_default/خرید-لباس-مردانه-اسلش-اسپرت-ترک-آقایان-tozlu.jpg,[],[],[],[],[],[],[],1970000,1970000,[],[]
اسلش سرمه ای ترک,https://torkjameh.com/خرید-لباس-مردانه/47396-خرید-لباس-مردانه-اسلش-سرمه-ای-ترک-آقایان-.html,https://torkjameh.com/136015-thickbox_default/خرید-لباس-مردانه-اسلش-سرمه-ای-ترک-آقایان-.jpg,https://torkjameh.com/136014-thickbox_default/خرید-لباس-مردانه-اسلش-سرمه-ای-ترک-آقایان-.jpg,[],[],[],[],[],[],[],[],[],[],[]
شلوار اسلش مردانه,https://torkjameh.com/خرید-لباس-مردانه/47395-خرید-لباس-مردانه-شلوار-اسلش-مردانه-آقایان-.html,https://torkjameh.com/136012-thickbox_default/خرید-لباس-مردانه-شلوار-اسلش-مردانه-آقایان-.jpg,https://torkjameh.com/136013-thickbox_default/خرید-لباس-مردانه-شلوار-اسلش-مردانه-آقایان-.jpg,[],[],[],[],[],[],[],2200000,2200000,[],[]
شلوار اسلش مردانه جدید,https://torkjameh.com/خرید-لباس-مردانه/47336-خرید-لباس-مردانه-شلوار-اسلش-مردانه-جدید-آقایان-deepsea.html,https://torkjameh.com/135889-thickbox_default/خرید-لباس-مردانه-شلوار-اسلش-مردانه-جدید-آقایان-deepsea.jpg,https://torkjameh.com/135888-thickbox_default/خرید-لباس-مردانه-شلوار-اسلش-مردانه-جدید-آقایان-deepsea.jpg,[],[],[],[],[],[],[],[],[],[],[]
شلوار اسلش مردانه شیک,https://torkjameh.com/خرید-لباس-مردانه/47335-خرید-لباس-مردانه-شلوار-اسلش-مردانه-شیک-آقایان-deepsea.html,https://torkjameh.com/135885-thickbox_default/خرید-لباس-مردانه-شلوار-اسلش-مردانه-شیک-آقایان-deepsea.jpg,https://torkjameh.com/135884-thickbox_default/خرید-لباس-مردانه-شلوار-اسلش-مردانه-شیک-آقایان-deepsea.jpg,[],[],[],[],[],[],[],[],[],[],[]
شلوار اسلش طرحدار مردانه,https://torkjameh.com/خرید-لباس-مردانه/47334-خرید-لباس-مردانه-شلوار-اسلش-طرحدار-مردانه-آقایان-marc.html,https://torkjameh.com/143533-thickbox_default/خرید-لباس-مردانه-شلوار-اسلش-طرحدار-مردانه-آقایان-marc.jpg,https://torkjameh.com/143532-thickbox_default/خرید-لباس-مردانه-شلوار-اسلش-طرحدار-مردانه-آقایان-marc.jpg,[],[],[],[],[],[],[],2200000,2200000,[],[]
شلوار اسلش مردانه شیک,https://torkjameh.com/خرید-لباس-مردانه/47333-خرید-لباس-مردانه-شلوار-اسلش-مردانه-شیک-آقایان-deepsea.html,https://torkjameh.com/135878-thickbox_default/خرید-لباس-مردانه-شلوار-اسلش-مردانه-شیک-آقایان-deepsea.jpg,https://torkjameh.com/135879-thickbox_default/خرید-لباس-مردانه-شلوار-اسلش-مردانه-شیک-آقایان-deepsea.jpg,[],[],[],[],[],[],[],1980000,1980000,[],[]
شلوار اسلش مردانه,https://torkjameh.com/خرید-لباس-مردانه/47332-خرید-لباس-مردانه-شلوار-اسلش-مردانه-آقایان-deepsea.html,https://torkjameh.com/135877-thickbox_default/خرید-لباس-مردانه-شلوار-اسلش-مردانه-آقایان-deepsea.jpg,https://torkjameh.com/135876-thickbox_default/خرید-لباس-مردانه-شلوار-اسلش-مردانه-آقایان-deepsea.jpg,[],[],[],[],[],[],[],1980000,1980000,[],[]
شلوار اسلش مردانه جدید,https://torkjameh.com/خرید-لباس-مردانه/47331-خرید-لباس-مردانه-شلوار-اسلش-مردانه-جدید-آقایان-deepsea.html,https://torkjameh.com/135875-thickbox_default/خرید-لباس-مردانه-شلوار-اسلش-مردانه-جدید-آقایان-deepsea.jpg,https://torkjameh.com/135874-thickbox_default/خرید-لباس-مردانه-شلوار-اسلش-مردانه-جدید-آقایان-deepsea.jpg,[],[],[],[],[],[],[],[],[],[],[]
شلوار اسلش مردانه جدید,https://torkjameh.com/خرید-لباس-مردانه/47163-خرید-لباس-مردانه-شلوار-اسلش-مردانه-جدید-آقایان-marc.html,https://torkjameh.com/134791-thickbox_default/خرید-لباس-مردانه-شلوار-اسلش-مردانه-جدید-آقایان-marc.jpg,https://torkjameh.com/134792-thickbox_default/خرید-لباس-مردانه-شلوار-اسلش-مردانه-جدید-آقایان-marc.jpg,[],[],[],[],[],[],[],1600000,1600000,[],[]
شلوار اسلش طرحدار,https://torkjameh.com/خرید-لباس-مردانه/46970-خرید-لباس-مردانه-شلوار-اسلش-طرحدار-آقایان-marc.html,https://torkjameh.com/134339-thickbox_default/خرید-لباس-مردانه-شلوار-اسلش-طرحدار-آقایان-marc.jpg,https://torkjameh.com/134340-thickbox_default/خرید-لباس-مردانه-شلوار-اسلش-طرحدار-آقایان-marc.jpg,[],[],[],[],[],[],[],2110000,2110000,[],[]
شلوار اسلش مردانه,https://torkjameh.com/خرید-لباس-مردانه/46969-خرید-لباس-مردانه-شلوار-اسلش-مردانه-آقایان-hm.html,https://torkjameh.com/134338-thickbox_default/خرید-لباس-مردانه-شلوار-اسلش-مردانه-آقایان-hm.jpg,https://torkjameh.com/134337-thickbox_default/خرید-لباس-مردانه-شلوار-اسلش-مردانه-آقایان-hm.jpg,[],[],[],[],[],[],[],2780000,2780000,[],[]
شلوار مردانه,https://torkjameh.com/خرید-لباس-مردانه/46033-خرید-لباس-مردانه-شلوار-مردانه-آقایان-koton.html,https://torkjameh.com/132791-thickbox_default/خرید-لباس-مردانه-شلوار-مردانه-آقایان-koton.jpg,https://torkjameh.com/132792-thickbox_default/خرید-لباس-مردانه-شلوار-مردانه-آقایان-koton.jpg,[],[],[],[],[],[],[],[],[],[],[]
شلوار اسلش شیک,https://torkjameh.com/خرید-لباس-مردانه/46032-خرید-لباس-مردانه-شلوار-اسلش-شیک-آقایان-koton.html,https://torkjameh.com/132787-thickbox_default/خرید-لباس-مردانه-شلوار-اسلش-شیک-آقایان-koton.jpg,https://torkjameh.com/132788-thickbox_default/خرید-لباس-مردانه-شلوار-اسلش-شیک-آقایان-koton.jpg,[],[],[],[],[],[],[],1980000,1980000,[],[]
شلوار اسلش مردانه,https://torkjameh.com/خرید-لباس-مردانه/46031-خرید-لباس-مردانه-شلوار-اسلش-مردانه-آقایان-koton.html,https://torkjameh.com/132785-thickbox_default/خرید-لباس-مردانه-شلوار-اسلش-مردانه-آقایان-koton.jpg,https://torkjameh.com/132786-thickbox_default/خرید-لباس-مردانه-شلوار-اسلش-مردانه-آقایان-koton.jpg,[],[],[],[],[],[],[],2440000,2440000,[],[]
شلوار اسلش طرحدار,https://torkjameh.com/خرید-لباس-مردانه/46030-خرید-لباس-مردانه-شلوار-اسلش-طرحدار-آقایان-koton.html,https://torkjameh.com/132783-thickbox_default/خرید-لباس-مردانه-شلوار-اسلش-طرحدار-آقایان-koton.jpg,https://torkjameh.com/132784-thickbox_default/خرید-لباس-مردانه-شلوار-اسلش-طرحدار-آقایان-koton.jpg,[],[],[],[],[],[],[],2210000,2210000,[],[]
پیراهن طرحدار مردانه,https://torkjameh.com/خرید-لباس-مردانه/46016-خرید-لباس-مردانه-پیراهن-طرحدار-مردانه-آقایان-koton.html,https://torkjameh.com/132760-thickbox_default/خرید-لباس-مردانه-پیراهن-طرحدار-مردانه-آقایان-koton.jpg,https://torkjameh.com/132761-thickbox_default/خرید-لباس-مردانه-پیراهن-طرحدار-مردانه-آقایان-koton.jpg,[],[],[],[],[],[],[],1980000,1980000,[],[]
شلوار اسلش مردانه,https://torkjameh.com/خرید-لباس-مردانه/46014-خرید-لباس-مردانه-شلوار-اسلش-مردانه-آقایان-koton.html,https://torkjameh.com/132758-thickbox_default/خرید-لباس-مردانه-شلوار-اسلش-مردانه-آقایان-koton.jpg,https://torkjameh.com/132759-thickbox_default/خرید-لباس-مردانه-شلوار-اسلش-مردانه-آقایان-koton.jpg,[],[],[],[],[],[],[],2210000,2210000,[],[]
شلوار اسلش مردانه,https://torkjameh.com/خرید-لباس-مردانه/45956-خرید-لباس-مردانه-شلوار-اسلش-مردانه-آقایان-deepsea.html,https://torkjameh.com/132657-thickbox_default/خرید-لباس-مردانه-شلوار-اسلش-مردانه-آقایان-deepsea.jpg,https://torkjameh.com/132656-thickbox_default/خرید-لباس-مردانه-شلوار-اسلش-مردانه-آقایان-deepsea.jpg,[],[],[],[],[],[],[],[],[],[],[]
سوییشرت شلوار مردانه,https://torkjameh.com/خرید-لباس-مردانه/45516-خرید-لباس-مردانه-سوییشرت-شلوار-مردانه-آقایان-.html,https://torkjameh.com/131419-thickbox_default/خرید-لباس-مردانه-سوییشرت-شلوار-مردانه-آقایان-.jpg,[],[],[],[],[],[],[],[],[],[],[],[]
ست تیشرت شلوار مردانه,https://torkjameh.com/خرید-لباس-مردانه/45431-خرید-لباس-مردانه-ست-تیشرت-شلوار-مردانه-آقایان-trendbende.html,https://torkjameh.com/143395-thickbox_default/خرید-لباس-مردانه-ست-تیشرت-شلوار-مردانه-آقایان-trendbende.jpg,[],[],[],[],[],[],[],[],3600000,3600000,[],[]
شلوار اسلش مردانه,https://torkjameh.com/44928-خرید-لباس-مردانه.html,https://torkjameh.com/135594-thickbox_default/خرید-لباس-مردانه.jpg,[],[],[],[],[],[],[],[],2470280,2470280,[],[]
شلوار اسلش طرحدار مردانه,https://torkjameh.com/خرید-لباس-مردانه/44927-خرید-لباس-مردانه-شلوار-اسلش-طرحدار-مردانه-آقایان-lcwaikiki.html,https://torkjameh.com/130151-thickbox_default/خرید-لباس-مردانه-شلوار-اسلش-طرحدار-مردانه-آقایان-lcwaikiki.jpg,https://torkjameh.com/130152-thickbox_default/خرید-لباس-مردانه-شلوار-اسلش-طرحدار-مردانه-آقایان-lcwaikiki.jpg,[],[],[],[],[],[],[],5040380,5040380,[],[]
شلوار اسلش طرحدار مردانه,https://torkjameh.com/44582-شلوار-مردانه.html,https://torkjameh.com/136022-thickbox_default/شلوار-مردانه.jpg,https://torkjameh.com/136023-thickbox_default/شلوار-مردانه.jpg,[],[],[],[],[],[],[],1980000,1980000,[],[]
ست سویشرت شلوار مردانه,https://torkjameh.com/خرید-لباس-مردانه/44183-خرید-لباس-مردانه-ست-سویشرت-شلوار-مردانه-آقایان-deepsea.html,https://torkjameh.com/128524-thickbox_default/خرید-لباس-مردانه-ست-سویشرت-شلوار-مردانه-آقایان-deepsea.jpg,https://torkjameh.com/128525-thickbox_default/خرید-لباس-مردانه-ست-سویشرت-شلوار-مردانه-آقایان-deepsea.jpg,[],[],[],[],[],[],[],[],[],[],[]
ست سویشرت شلوار ارتشی مردانه,https://torkjameh.com/خرید-لباس-مردانه/44182-خرید-لباس-مردانه-ست-سویشرت-شلوار-ارتشی-مردانه-آقایان-n11.html,https://torkjameh.com/128522-thickbox_default/خرید-لباس-مردانه-ست-سویشرت-شلوار-ارتشی-مردانه-آقایان-n11.jpg,https://torkjameh.com/128523-thickbox_default/خرید-لباس-مردانه-ست-سویشرت-شلوار-ارتشی-مردانه-آقایان-n11.jpg,[],[],[],[],[],[],[],4750000,4750000,[],[]
ست سویشرت شلوار ارتشی مردانه,https://torkjameh.com/خرید-لباس-مردانه/43687-خرید-لباس-مردانه-ست-سویشرت-شلوار-ارتشی-مردانه-آقایان-marc.html,https://torkjameh.com/126427-thickbox_default/خرید-لباس-مردانه-ست-سویشرت-شلوار-ارتشی-مردانه-آقایان-marc.jpg,[],[],[],[],[],[],[],[],4750000,4750000,[],[]
شلوار اسلش مدل دار مردانه,https://torkjameh.com/خرید-لباس-مردانه/43674-خرید-لباس-مردانه-شلوار-اسلش-مدل-دار-مردانه-آقایان-marc.html,https://torkjameh.com/126403-thickbox_default/خرید-لباس-مردانه-شلوار-اسلش-مدل-دار-مردانه-آقایان-marc.jpg,[],[],[],[],[],[],[],[],9500000,9500000,[],[]
شلوار اسلش مردانه,https://torkjameh.com/خرید-لباس-مردانه/43672-خرید-لباس-مردانه-شلوار-اسلش-مردانه-آقایان-marc.html,https://torkjameh.com/126401-thickbox_default/خرید-لباس-مردانه-شلوار-اسلش-مردانه-آقایان-marc.jpg,[],[],[],[],[],[],[],[],6900000,6900000,[],[]
ست سویشرت شلوار مردانه,https://torkjameh.com/خرید-لباس-مردانه/43516-خرید-لباس-مردانه-ست-سویشرت-شلوار-مردانه-آقایان-deepsea.html,https://torkjameh.com/138121-thickbox_default/خرید-لباس-مردانه-ست-سویشرت-شلوار-مردانه-آقایان-deepsea.jpg,https://torkjameh.com/138120-thickbox_default/خرید-لباس-مردانه-ست-سویشرت-شلوار-مردانه-آقایان-deepsea.jpg,[],[],[],[],[],[],[],[],[],[],[]
ست سویشر و شلوار زنانه و مردانه,https://torkjameh.com/خرید-اینترنتی-لباس-زنانه/42197-خرید-لباس-زنانه-ست-سویشر-و-شلوار-زنانه-و-مردانه-خانم-ها-modamizbir.html,https://torkjameh.com/123143-thickbox_default/خرید-لباس-زنانه-ست-سویشر-و-شلوار-زنانه-و-مردانه-خانم-ها-modamizbir.jpg,https://torkjameh.com/123141-thickbox_default/خرید-لباس-زنانه-ست-سویشر-و-شلوار-زنانه-و-مردانه-خانم-ها-modamizbir.jpg,https://torkjameh.com/123142-thickbox_default/خرید-لباس-زنانه-ست-سویشر-و-شلوار-زنانه-و-مردانه-خانم-ها-modamizbir.jpg,[],[],[],[],[],[],[],[],[],[]
شلوار اسلش مردانه,https://torkjameh.com/شلوار-اسلش-و-ست/42083-خرید-لباس-مردانه-شلوار-اسلش-مردانه-شلوار-اسلش-و-ست-boyner.html,https://torkjameh.com/122551-thickbox_default/خرید-لباس-مردانه-شلوار-اسلش-مردانه-شلوار-اسلش-و-ست-boyner.jpg,https://torkjameh.com/122552-thickbox_default/خرید-لباس-مردانه-شلوار-اسلش-مردانه-شلوار-اسلش-و-ست-boyner.jpg,https://torkjameh.com/122553-thickbox_default/خرید-لباس-مردانه-شلوار-اسلش-مردانه-شلوار-اسلش-و-ست-boyner.jpg,[],[],[],[],[],[],1380000,1380000,[],[]
ست سویشرت شلوار طرحدار مردانه,https://torkjameh.com/خرید-لباس-مردانه/41905-خرید-لباس-مردانه-ست-سویشرت-شلوار-طرحدار-مردانه-آقایان-marc.html,https://torkjameh.com/122170-thickbox_default/خرید-لباس-مردانه-ست-سویشرت-شلوار-طرحدار-مردانه-آقایان-marc.jpg,https://torkjameh.com/122171-thickbox_default/خرید-لباس-مردانه-ست-سویشرت-شلوار-طرحدار-مردانه-آقایان-marc.jpg,[],[],[],[],[],[],[],7907480,7907480,[],[]
شلوار اسلش NIKE,https://torkjameh.com/شلوار-اسلش-و-ست/41741-خرید-لباس-مردانه-شلوار-اسلش-nike-شلوار-اسلش-و-ست-nike.html,https://torkjameh.com/121832-thickbox_default/خرید-لباس-مردانه-شلوار-اسلش-nike-شلوار-اسلش-و-ست-nike.jpg,https://torkjameh.com/121833-thickbox_default/خرید-لباس-مردانه-شلوار-اسلش-nike-شلوار-اسلش-و-ست-nike.jpg,[],[],[],[],[],[],[],[],[],[],[]
شلوار اسلش HUMMEL,https://torkjameh.com/شلوار-اسلش-و-ست/41740-خرید-لباس-مردانه-شلوار-اسلش-hummel-شلوار-اسلش-و-ست-hummel.html,https://torkjameh.com/121828-thickbox_default/خرید-لباس-مردانه-شلوار-اسلش-hummel-شلوار-اسلش-و-ست-hummel.jpg,https://torkjameh.com/121830-thickbox_default/خرید-لباس-مردانه-شلوار-اسلش-hummel-شلوار-اسلش-و-ست-hummel.jpg,https://torkjameh.com/121829-thickbox_default/خرید-لباس-مردانه-شلوار-اسلش-hummel-شلوار-اسلش-و-ست-hummel.jpg,https://torkjameh.com/121831-thickbox_default/خرید-لباس-مردانه-شلوار-اسلش-hummel-شلوار-اسلش-و-ست-hummel.jpg,[],[],[],[],[],1960000,1960000,[],[]
شلوار اسلش مردانه,https://torkjameh.com/خرید-لباس-مردانه/40745-خرید-لباس-مردانه-شلوار-اسلش-مردانه-آقایان-marc.html,https://torkjameh.com/119918-thickbox_default/خرید-لباس-مردانه-شلوار-اسلش-مردانه-آقایان-marc.jpg,https://torkjameh.com/119917-thickbox_default/خرید-لباس-مردانه-شلوار-اسلش-مردانه-آقایان-marc.jpg,[],[],[],[],[],[],[],[],[],[],[]
شلوار اسلش مردانه,https://torkjameh.com/خرید-لباس-مردانه/40743-خرید-لباس-مردانه-شلوار-اسلش-مردانه-آقایان-marc.html,https://torkjameh.com/119913-thickbox_default/خرید-لباس-مردانه-شلوار-اسلش-مردانه-آقایان-marc.jpg,https://torkjameh.com/119912-thickbox_default/خرید-لباس-مردانه-شلوار-اسلش-مردانه-آقایان-marc.jpg,[],[],[],[],[],[],[],[],[],[],[]
شلوار اسلش LCW,https://torkjameh.com/شلوار-اسلش-و-ست/40566-خرید-لباس-مردانه-شلوار-اسلش-lcw-شلوار-اسلش-و-ست-lcwaikiki.html,https://torkjameh.com/119592-thickbox_default/خرید-لباس-مردانه-شلوار-اسلش-lcw-شلوار-اسلش-و-ست-lcwaikiki.jpg,https://torkjameh.com/119593-thickbox_default/خرید-لباس-مردانه-شلوار-اسلش-lcw-شلوار-اسلش-و-ست-lcwaikiki.jpg,[],[],[],[],[],[],[],1888000,1888000,[],[]
شلوار اسلش Loft,https://torkjameh.com/شلوار-اسلش-و-ست/40558-خرید-لباس-مردانه-شلوار-اسلش-loft-شلوار-اسلش-و-ست-trendyo.html,https://torkjameh.com/119575-thickbox_default/خرید-لباس-مردانه-شلوار-اسلش-loft-شلوار-اسلش-و-ست-trendyo.jpg,https://torkjameh.com/119576-thickbox_default/خرید-لباس-مردانه-شلوار-اسلش-loft-شلوار-اسلش-و-ست-trendyo.jpg,[],[],[],[],[],[],[],3968000,3968000,[],[]
شلوار اسلش مردانه,https://torkjameh.com/شلوار-اسلش-و-ست/40557-خرید-لباس-مردانه-شلوار-اسلش-مردانه-شلوار-اسلش-و-ست-trendyo.html,https://torkjameh.com/119573-thickbox_default/خرید-لباس-مردانه-شلوار-اسلش-مردانه-شلوار-اسلش-و-ست-trendyo.jpg,https://torkjameh.com/119574-thickbox_default/خرید-لباس-مردانه-شلوار-اسلش-مردانه-شلوار-اسلش-و-ست-trendyo.jpg,[],[],[],[],[],[],[],2368000,2368000,[],[]
شلوار اسلش مردانه,https://torkjameh.com/شلوار-اسلش-و-ست/40556-خرید-لباس-مردانه-شلوار-اسلش-مردانه-شلوار-اسلش-و-ست-trendyo.html,https://torkjameh.com/119571-thickbox_default/خرید-لباس-مردانه-شلوار-اسلش-مردانه-شلوار-اسلش-و-ست-trendyo.jpg,https://torkjameh.com/119572-thickbox_default/خرید-لباس-مردانه-شلوار-اسلش-مردانه-شلوار-اسلش-و-ست-trendyo.jpg,[],[],[],[],[],[],[],2048000,2048000,[],[]
شلوار اسلش مردانه,https://torkjameh.com/شلوار-اسلش-و-ست/40555-خرید-لباس-مردانه-شلوار-اسلش-مردانه-شلوار-اسلش-و-ست-lcwaikiki.html,https://torkjameh.com/119569-thickbox_default/خرید-لباس-مردانه-شلوار-اسلش-مردانه-شلوار-اسلش-و-ست-lcwaikiki.jpg,https://torkjameh.com/119570-thickbox_default/خرید-لباس-مردانه-شلوار-اسلش-مردانه-شلوار-اسلش-و-ست-lcwaikiki.jpg,[],[],[],[],[],[],[],2208000,2208000,[],[]
شلوار برند ltb,https://torkjameh.com/فروش-اینترنتی-شلوار-مردانه/40528-خرید-لباس-مردانه-شلوار-برند-ltb-شلوار-trendyo.html,https://torkjameh.com/119520-thickbox_default/خرید-لباس-مردانه-شلوار-برند-ltb-شلوار-trendyo.jpg,https://torkjameh.com/119521-thickbox_default/خرید-لباس-مردانه-شلوار-برند-ltb-شلوار-trendyo.jpg,[],[],[],[],[],[],[],2688000,2688000,[],[]
شلوار اسلش مردانه,https://torkjameh.com/شلوار-اسلش-و-ست/40198-خرید-لباس-مردانه-شلوار-اسلش-مردانه-شلوار-اسلش-و-ست-koton.html,https://torkjameh.com/118859-thickbox_default/خرید-لباس-مردانه-شلوار-اسلش-مردانه-شلوار-اسلش-و-ست-koton.jpg,https://torkjameh.com/118858-thickbox_default/خرید-لباس-مردانه-شلوار-اسلش-مردانه-شلوار-اسلش-و-ست-koton.jpg,[],[],[],[],[],[],[],1584000,1584000,[],[]
شلوار اسلش مردانه,https://torkjameh.com/شلوار-اسلش-و-ست/40197-خرید-لباس-مردانه-شلوار-اسلش-مردانه-شلوار-اسلش-و-ست-koton.html,https://torkjameh.com/118856-thickbox_default/خرید-لباس-مردانه-شلوار-اسلش-مردانه-شلوار-اسلش-و-ست-koton.jpg,https://torkjameh.com/118857-thickbox_default/خرید-لباس-مردانه-شلوار-اسلش-مردانه-شلوار-اسلش-و-ست-koton.jpg,[],[],[],[],[],[],[],1872000,1872000,[],[]
شلوار اسلش مردانه,https://torkjameh.com/فروش-اینترنتی-شلوار-مردانه/40196-خرید-لباس-مردانه-شلوار-اسلش-مردانه-شلوار-koton.html,https://torkjameh.com/118855-thickbox_default/خرید-لباس-مردانه-شلوار-اسلش-مردانه-شلوار-koton.jpg,https://torkjameh.com/118854-thickbox_default/خرید-لباس-مردانه-شلوار-اسلش-مردانه-شلوار-koton.jpg,[],[],[],[],[],[],[],1552000,1552000,[],[]
شلوار اسلش اسپرت مردانه,https://torkjameh.com/37891-شلوار-مردانه.html,https://torkjameh.com/113684-thickbox_default/شلوار-مردانه.jpg,https://torkjameh.com/113687-thickbox_default/شلوار-مردانه.jpg,https://torkjameh.com/113690-thickbox_default/شلوار-مردانه.jpg,[],[],[],[],[],[],1099400,1099400,[],[]
شلوار اسلش مشکی مردانه,https://torkjameh.com/37892-شلوار-مردانه.html,https://torkjameh.com/113685-thickbox_default/شلوار-مردانه.jpg,https://torkjameh.com/113689-thickbox_default/شلوار-مردانه.jpg,https://torkjameh.com/113692-thickbox_default/شلوار-مردانه.jpg,[],[],[],[],[],[],879300,879300,[],[]
شلوار اسلش مردانه,https://torkjameh.com/37888-شلوار-مردانه.html,https://torkjameh.com/113675-thickbox_default/شلوار-مردانه.jpg,https://torkjameh.com/113678-thickbox_default/شلوار-مردانه.jpg,https://torkjameh.com/113681-thickbox_default/شلوار-مردانه.jpg,[],[],[],[],[],[],1099400,1099400,[],[]
شلوار اسلش جدید مردانه,https://torkjameh.com/37889-شلوار-مردانه.html,https://torkjameh.com/113676-thickbox_default/شلوار-مردانه.jpg,https://torkjameh.com/113679-thickbox_default/شلوار-مردانه.jpg,https://torkjameh.com/113682-thickbox_default/شلوار-مردانه.jpg,[],[],[],[],[],[],989350,989350,[],[]
شلوار اسلش مردانه,https://torkjameh.com/خرید-لباس-مردانه/37676-خرید-لباس-مردانه-شلوار-اسلش-مردانه-آقایان-marc.html,https://torkjameh.com/145983-thickbox_default/خرید-لباس-مردانه-شلوار-اسلش-مردانه-آقایان-marc.jpg,https://torkjameh.com/145984-thickbox_default/خرید-لباس-مردانه-شلوار-اسلش-مردانه-آقایان-marc.jpg,[],[],[],[],[],[],[],6200000,6200000,[],[]
شلوار اسلش جدید مردانه,https://torkjameh.com/37539-شلوار-مردانه.html,https://torkjameh.com/112738-thickbox_default/شلوار-مردانه.jpg,https://torkjameh.com/112739-thickbox_default/شلوار-مردانه.jpg,[],[],[],[],[],[],[],1210330,1210330,[],[]
شلوار اسلش مشکی مردانه,https://torkjameh.com/37538-شلوار-مردانه.html,https://torkjameh.com/112735-thickbox_default/شلوار-مردانه.jpg,https://torkjameh.com/112736-thickbox_default/شلوار-مردانه.jpg,https://torkjameh.com/112737-thickbox_default/شلوار-مردانه.jpg,[],[],[],[],[],[],1100280,1100280,[],[]
ست سویشرت شلوار مردانه,https://torkjameh.com/خرید-لباس-مردانه/36851-خرید-لباس-مردانه-ست-سویشرت-شلوار-مردانه-آقایان-deepsea.html,https://torkjameh.com/138123-thickbox_default/خرید-لباس-مردانه-ست-سویشرت-شلوار-مردانه-آقایان-deepsea.jpg,https://torkjameh.com/138122-thickbox_default/خرید-لباس-مردانه-ست-سویشرت-شلوار-مردانه-آقایان-deepsea.jpg,[],[],[],[],[],[],[],[],[],[],[]
ست سویشرت شلوار مردانه,https://torkjameh.com/خرید-لباس-مردانه/36842-خرید-لباس-مردانه-ست-سویشرت-شلوار-مردانه-آقایان-n11.html,https://torkjameh.com/125928-thickbox_default/خرید-لباس-مردانه-ست-سویشرت-شلوار-مردانه-آقایان-n11.jpg,[],[],[],[],[],[],[],[],[],[],[],[]
شلوار اسلش مردانه,https://torkjameh.com/خرید-لباس-مردانه/36444-خرید-لباس-مردانه-شلوار-اسلش-مردانه-آقایان-trendbende.html,https://torkjameh.com/144284-thickbox_default/خرید-لباس-مردانه-شلوار-اسلش-مردانه-آقایان-trendbende.jpg,https://torkjameh.com/144285-thickbox_default/خرید-لباس-مردانه-شلوار-اسلش-مردانه-آقایان-trendbende.jpg,[],[],[],[],[],[],[],[],[],[],[]
شلوار اسلش مردانه,https://torkjameh.com/خرید-لباس-مردانه/35960-خرید-لباس-مردانه-شلوار-اسلش-مردانه-آقایان-koton.html,https://torkjameh.com/108082-thickbox_default/خرید-لباس-مردانه-شلوار-اسلش-مردانه-آقایان-koton.jpg,https://torkjameh.com/108083-thickbox_default/خرید-لباس-مردانه-شلوار-اسلش-مردانه-آقایان-koton.jpg,https://torkjameh.com/108084-thickbox_default/خرید-لباس-مردانه-شلوار-اسلش-مردانه-آقایان-koton.jpg,[],[],[],[],[],[],2500000,2500000,[],[]
ست سویشرت شلوار بنددار مردانه,https://torkjameh.com/35540-خرید-لباس.html,https://torkjameh.com/106991-thickbox_default/خرید-لباس.jpg,https://torkjameh.com/106992-thickbox_default/خرید-لباس.jpg,https://torkjameh.com/106993-thickbox_default/خرید-لباس.jpg,https://torkjameh.com/106994-thickbox_default/خرید-لباس.jpg,[],[],[],[],[],4200000,4200000,[],[]
شلوار اسلش طرحدار مردانه,https://torkjameh.com/خرید-لباس-مردانه/35536-خرید-لباس-مردانه-شلوار-اسلش-طرحدار-مردانه-آقایان-marc.html,https://torkjameh.com/143522-thickbox_default/خرید-لباس-مردانه-شلوار-اسلش-طرحدار-مردانه-آقایان-marc.jpg,https://torkjameh.com/143523-thickbox_default/خرید-لباس-مردانه-شلوار-اسلش-طرحدار-مردانه-آقایان-marc.jpg,[],[],[],[],[],[],[],2350000,2350000,[],[]
ست سویشرت شلوار مردانه,https://torkjameh.com/خرید-لباس-مردانه/35534-خرید-لباس-مردانه-ست-سویشرت-شلوار-مردانه-آقایان-n11.html,https://torkjameh.com/125929-thickbox_default/خرید-لباس-مردانه-ست-سویشرت-شلوار-مردانه-آقایان-n11.jpg,[],[],[],[],[],[],[],[],4100000,4100000,[],[]
ست سویشرت شلوار ورزشی مردانه,https://torkjameh.com/35532-خرید-لباس.html,https://torkjameh.com/106960-thickbox_default/خرید-لباس.jpg,https://torkjameh.com/106961-thickbox_default/خرید-لباس.jpg,https://torkjameh.com/106962-thickbox_default/خرید-لباس.jpg,https://torkjameh.com/106963-thickbox_default/خرید-لباس.jpg,[],[],[],[],[],[],[],[],[]
ست سویشرت شلوار مردانه,https://torkjameh.com/خرید-لباس-مردانه/35530-خرید-لباس-مردانه-ست-سویشرت-شلوار-مردانه-آقایان-marc.html,https://torkjameh.com/126412-thickbox_default/خرید-لباس-مردانه-ست-سویشرت-شلوار-مردانه-آقایان-marc.jpg,[],[],[],[],[],[],[],[],5880000,5880000,[],[]
ست تیشرت شلوار مردانه,https://torkjameh.com/خرید-لباس-مردانه/35528-خرید-لباس-مردانه-ست-تیشرت-شلوار-مردانه-آقایان-trendbende.html,https://torkjameh.com/144287-thickbox_default/خرید-لباس-مردانه-ست-تیشرت-شلوار-مردانه-آقایان-trendbende.jpg,[],[],[],[],[],[],[],[],3500000,3500000,[],[]
شلوار کتان مردانه,https://torkjameh.com/خرید-لباس-مردانه/34079-خرید-لباس-مردانه-شلوار-کتان-مردانه-آقایان-stradivarius.html,https://torkjameh.com/102063-thickbox_default/خرید-لباس-مردانه-شلوار-کتان-مردانه-آقایان-stradivarius.jpg,https://torkjameh.com/102064-thickbox_default/خرید-لباس-مردانه-شلوار-کتان-مردانه-آقایان-stradivarius.jpg,https://torkjameh.com/102065-thickbox_default/خرید-لباس-مردانه-شلوار-کتان-مردانه-آقایان-stradivarius.jpg,https://torkjameh.com/102066-thickbox_default/خرید-لباس-مردانه-شلوار-کتان-مردانه-آقایان-stradivarius.jpg,[],[],[],[],[],1800000,1800000,[],[]
شلوار اسلش مردانه,https://torkjameh.com/خرید-لباس-مردانه/34078-خرید-لباس-مردانه-شلوار-اسلش-مردانه-آقایان-marc.html,https://torkjameh.com/143526-thickbox_default/خرید-لباس-مردانه-شلوار-اسلش-مردانه-آقایان-marc.jpg,https://torkjameh.com/143527-thickbox_default/خرید-لباس-مردانه-شلوار-اسلش-مردانه-آقایان-marc.jpg,[],[],[],[],[],[],[],3050000,3050000,[],[]
ست سویشرت شلوار ارتشی مردانه,https://torkjameh.com/خرید-لباس-مردانه/34007-خرید-لباس-مردانه-ست-سویشرت-شلوار-ارتشی-مردانه-آقایان-deepsea.html,https://torkjameh.com/101830-thickbox_default/خرید-لباس-مردانه-ست-سویشرت-شلوار-ارتشی-مردانه-آقایان-deepsea.jpg,https://torkjameh.com/101827-thickbox_default/خرید-لباس-مردانه-ست-سویشرت-شلوار-ارتشی-مردانه-آقایان-deepsea.jpg,https://torkjameh.com/101828-thickbox_default/خرید-لباس-مردانه-ست-سویشرت-شلوار-ارتشی-مردانه-آقایان-deepsea.jpg,https://torkjameh.com/101829-thickbox_default/خرید-لباس-مردانه-ست-سویشرت-شلوار-ارتشی-مردانه-آقایان-deepsea.jpg,[],[],[],[],[],[],[],[],[]
ست سویشرت شلوار طرحدار مردانه,https://torkjameh.com/خرید-لباس-مردانه/32767-خرید-لباس-مردانه-ست-سویشرت-شلوار-طرحدار-مردانه-آقایان-sateen.html,https://torkjameh.com/97858-thickbox_default/خرید-لباس-مردانه-ست-سویشرت-شلوار-طرحدار-مردانه-آقایان-sateen.jpg,https://torkjameh.com/97859-thickbox_default/خرید-لباس-مردانه-ست-سویشرت-شلوار-طرحدار-مردانه-آقایان-sateen.jpg,https://torkjameh.com/97863-thickbox_default/خرید-لباس-مردانه-ست-سویشرت-شلوار-طرحدار-مردانه-آقایان-sateen.jpg,[],[],[],[],[],[],[],[],[],[]
سویشرت شلوار مردانه,https://torkjameh.com/خرید-لباس-مردانه/32578-خرید-لباس-مردانه-سویشرت-شلوار-مردانه-آقایان-patirti.html,https://torkjameh.com/96316-thickbox_default/خرید-لباس-مردانه-سویشرت-شلوار-مردانه-آقایان-patirti.jpg,https://torkjameh.com/96317-thickbox_default/خرید-لباس-مردانه-سویشرت-شلوار-مردانه-آقایان-patirti.jpg,https://torkjameh.com/96318-thickbox_default/خرید-لباس-مردانه-سویشرت-شلوار-مردانه-آقایان-patirti.jpg,[],[],[],[],[],[],[],[],[],[]
شلوار بنددار مردانه,https://torkjameh.com/خرید-لباس-مردانه/31542-خرید-لباس-مردانه-شلوار-بنددار-مردانه-آقایان-bershka.html,https://torkjameh.com/94089-thickbox_default/خرید-لباس-مردانه-شلوار-بنددار-مردانه-آقایان-bershka.jpg,https://torkjameh.com/94090-thickbox_default/خرید-لباس-مردانه-شلوار-بنددار-مردانه-آقایان-bershka.jpg,https://torkjameh.com/94091-thickbox_default/خرید-لباس-مردانه-شلوار-بنددار-مردانه-آقایان-bershka.jpg,[],[],[],[],[],[],[],[],[],[]
شلوار اسلش مردانه,https://torkjameh.com/خرید-لباس-مردانه/31538-خرید-لباس-مردانه-شلوار-اسلش-مردانه-آقایان-marc.html,https://torkjameh.com/143528-thickbox_default/خرید-لباس-مردانه-شلوار-اسلش-مردانه-آقایان-marc.jpg,https://torkjameh.com/143529-thickbox_default/خرید-لباس-مردانه-شلوار-اسلش-مردانه-آقایان-marc.jpg,[],[],[],[],[],[],[],3050000,3050000,[],[]
شلوار اسلش مدل دار مردانه,https://torkjameh.com/خرید-لباس-مردانه/31097-خرید-لباس-مردانه-شلوار-اسلش-مدل-دار-مردانه-آقایان-n11.html,https://torkjameh.com/92909-thickbox_default/خرید-لباس-مردانه-شلوار-اسلش-مدل-دار-مردانه-آقایان-n11.jpg,[],[],[],[],[],[],[],[],2240000,2240000,[],[]
شلوار اسلش مردانه,https://torkjameh.com/خرید-لباس-مردانه/30338-خرید-لباس-مردانه-شلوار-اسلش-مردانه-آقایان-marc.html,https://torkjameh.com/143530-thickbox_default/خرید-لباس-مردانه-شلوار-اسلش-مردانه-آقایان-marc.jpg,https://torkjameh.com/143531-thickbox_default/خرید-لباس-مردانه-شلوار-اسلش-مردانه-آقایان-marc.jpg,[],[],[],[],[],[],[],3300000,3300000,[],[]
شلوار اسلش مردانه,https://torkjameh.com/خرید-لباس-مردانه/30333-خرید-لباس-مردانه-شلوار-اسلش-مردانه-آقایان-marc.html,https://torkjameh.com/143534-thickbox_default/خرید-لباس-مردانه-شلوار-اسلش-مردانه-آقایان-marc.jpg,https://torkjameh.com/143535-thickbox_default/خرید-لباس-مردانه-شلوار-اسلش-مردانه-آقایان-marc.jpg,[],[],[],[],[],[],[],2200000,2200000,[],[]
شلوار اسلش مردانه,https://torkjameh.com/خرید-لباس-مردانه/29958-خرید-لباس-مردانه-شلوار-اسلش-مردانه-آقایان-marc.html,https://torkjameh.com/89977-thickbox_default/خرید-لباس-مردانه-شلوار-اسلش-مردانه-آقایان-marc.jpg,https://torkjameh.com/89978-thickbox_default/خرید-لباس-مردانه-شلوار-اسلش-مردانه-آقایان-marc.jpg,https://torkjameh.com/89976-thickbox_default/خرید-لباس-مردانه-شلوار-اسلش-مردانه-آقایان-marc.jpg,[],[],[],[],[],[],1920000,1920000,[],[]
ست تیشرت شلوار طرحدار مردانه,https://torkjameh.com/خرید-لباس-مردانه/29957-خرید-لباس-مردانه-ست-تیشرت-شلوار-طرحدار-مردانه-آقایان-marc.html,https://torkjameh.com/89973-thickbox_default/خرید-لباس-مردانه-ست-تیشرت-شلوار-طرحدار-مردانه-آقایان-marc.jpg,https://torkjameh.com/89974-thickbox_default/خرید-لباس-مردانه-ست-تیشرت-شلوار-طرحدار-مردانه-آقایان-marc.jpg,https://torkjameh.com/89975-thickbox_default/خرید-لباس-مردانه-ست-تیشرت-شلوار-طرحدار-مردانه-آقایان-marc.jpg,[],[],[],[],[],[],2800000,2800000,[],[]
شلوار اسلش مردانه,https://torkjameh.com/خرید-لباس-مردانه/29943-خرید-لباس-مردانه-شلوار-اسلش-مردانه-آقایان-marc.html,https://torkjameh.com/89942-thickbox_default/خرید-لباس-مردانه-شلوار-اسلش-مردانه-آقایان-marc.jpg,https://torkjameh.com/89941-thickbox_default/خرید-لباس-مردانه-شلوار-اسلش-مردانه-آقایان-marc.jpg,https://torkjameh.com/89943-thickbox_default/خرید-لباس-مردانه-شلوار-اسلش-مردانه-آقایان-marc.jpg,[],[],[],[],[],[],1920000,1920000,[],[]
شلوار اسلش مردانه,https://torkjameh.com/خرید-لباس-مردانه/29898-خرید-لباس-مردانه-شلوار-اسلش-مردانه-آقایان-tozlu.html,https://torkjameh.com/142039-thickbox_default/خرید-لباس-مردانه-شلوار-اسلش-مردانه-آقایان-tozlu.jpg,https://torkjameh.com/142038-thickbox_default/خرید-لباس-مردانه-شلوار-اسلش-مردانه-آقایان-tozlu.jpg,[],[],[],[],[],[],[],1350000,1350000,[],[]
شلوار دمپا کش مردانه,https://torkjameh.com/خرید-لباس-مردانه/29398-خرید-لباس-مردانه-شلوار-دمپا-کش-مردانه-آقایان-deepsea.html,https://torkjameh.com/88486-thickbox_default/خرید-لباس-مردانه-شلوار-دمپا-کش-مردانه-آقایان-deepsea.jpg,https://torkjameh.com/88483-thickbox_default/خرید-لباس-مردانه-شلوار-دمپا-کش-مردانه-آقایان-deepsea.jpg,https://torkjameh.com/88484-thickbox_default/خرید-لباس-مردانه-شلوار-دمپا-کش-مردانه-آقایان-deepsea.jpg,https://torkjameh.com/88485-thickbox_default/خرید-لباس-مردانه-شلوار-دمپا-کش-مردانه-آقایان-deepsea.jpg,[],[],[],[],[],3220000,3220000,[],[]
شلوار اسلش مردانه,https://torkjameh.com/خرید-لباس-مردانه/29176-خرید-لباس-مردانه-شلوار-اسلش-مردانه-آقایان-tozlu.html,https://torkjameh.com/142037-thickbox_default/خرید-لباس-مردانه-شلوار-اسلش-مردانه-آقایان-tozlu.jpg,https://torkjameh.com/142036-thickbox_default/خرید-لباس-مردانه-شلوار-اسلش-مردانه-آقایان-tozlu.jpg,[],[],[],[],[],[],[],1350000,1350000,[],[]
شلوار اسلش مردانه,https://torkjameh.com/خرید-لباس-مردانه/29025-خرید-لباس-مردانه-شلوار-اسلش-مردانه-آقایان-tozlu.html,https://torkjameh.com/142043-thickbox_default/خرید-لباس-مردانه-شلوار-اسلش-مردانه-آقایان-tozlu.jpg,https://torkjameh.com/142042-thickbox_default/خرید-لباس-مردانه-شلوار-اسلش-مردانه-آقایان-tozlu.jpg,[],[],[],[],[],[],[],1350000,1350000,[],[]
شلوار اسلش مردانه,https://torkjameh.com/خرید-لباس-مردانه/28941-خرید-لباس-مردانه-شلوار-اسلش-مردانه-آقایان-marc.html,https://torkjameh.com/143580-thickbox_default/خرید-لباس-مردانه-شلوار-اسلش-مردانه-آقایان-marc.jpg,https://torkjameh.com/143581-thickbox_default/خرید-لباس-مردانه-شلوار-اسلش-مردانه-آقایان-marc.jpg,[],[],[],[],[],[],[],1980000,1980000,[],[]
شلوار اسلش مردانه,https://torkjameh.com/خرید-لباس-مردانه/28885-خرید-لباس-مردانه-شلوار-اسلش-مردانه-آقایان-aksesuarix.html,https://torkjameh.com/87121-thickbox_default/خرید-لباس-مردانه-شلوار-اسلش-مردانه-آقایان-aksesuarix.jpg,https://torkjameh.com/87122-thickbox_default/خرید-لباس-مردانه-شلوار-اسلش-مردانه-آقایان-aksesuarix.jpg,[],[],[],[],[],[],[],1920000,1920000,[],[]
شلوار اسلش مردانه,https://torkjameh.com/خرید-لباس-مردانه/28884-خرید-لباس-مردانه-شلوار-اسلش-مردانه-آقایان-aksesuarix.html,https://torkjameh.com/87118-thickbox_default/خرید-لباس-مردانه-شلوار-اسلش-مردانه-آقایان-aksesuarix.jpg,https://torkjameh.com/87119-thickbox_default/خرید-لباس-مردانه-شلوار-اسلش-مردانه-آقایان-aksesuarix.jpg,https://torkjameh.com/87120-thickbox_default/خرید-لباس-مردانه-شلوار-اسلش-مردانه-آقایان-aksesuarix.jpg,[],[],[],[],[],[],2960000,2960000,[],[]
شلوار مردانه,https://torkjameh.com/خرید-لباس-مردانه/28883-خرید-لباس-مردانه-شلوار-مردانه-آقایان-aksesuarix.html,https://torkjameh.com/87115-thickbox_default/خرید-لباس-مردانه-شلوار-مردانه-آقایان-aksesuarix.jpg,https://torkjameh.com/87117-thickbox_default/خرید-لباس-مردانه-شلوار-مردانه-آقایان-aksesuarix.jpg,https://torkjameh.com/87116-thickbox_default/خرید-لباس-مردانه-شلوار-مردانه-آقایان-aksesuarix.jpg,[],[],[],[],[],[],[],[],[],[]
شلوار اسلش مردانه,https://torkjameh.com/خرید-لباس-مردانه/27419-خرید-لباس-مردانه-شلوار-اسلش-مردانه-آقایان-marc.html,https://torkjameh.com/143579-thickbox_default/خرید-لباس-مردانه-شلوار-اسلش-مردانه-آقایان-marc.jpg,https://torkjameh.com/143578-thickbox_default/خرید-لباس-مردانه-شلوار-اسلش-مردانه-آقایان-marc.jpg,[],[],[],[],[],[],[],2100000,2100000,[],[]
شلوار اسلش مردانه,https://torkjameh.com/خرید-لباس-مردانه/27418-خرید-لباس-مردانه-شلوار-اسلش-مردانه-آقایان-patirti.html,https://torkjameh.com/83173-thickbox_default/خرید-لباس-مردانه-شلوار-اسلش-مردانه-آقایان-patirti.jpg,https://torkjameh.com/83174-thickbox_default/خرید-لباس-مردانه-شلوار-اسلش-مردانه-آقایان-patirti.jpg,https://torkjameh.com/83175-thickbox_default/خرید-لباس-مردانه-شلوار-اسلش-مردانه-آقایان-patirti.jpg,https://torkjameh.com/83176-thickbox_default/خرید-لباس-مردانه-شلوار-اسلش-مردانه-آقایان-patirti.jpg,[],[],[],[],[],880000,880000,[],[]
شلوار اسلش مردانه,https://torkjameh.com/خرید-لباس-مردانه/27417-خرید-لباس-مردانه-شلوار-اسلش-مردانه-آقایان-tozlu.html,https://torkjameh.com/142040-thickbox_default/خرید-لباس-مردانه-شلوار-اسلش-مردانه-آقایان-tozlu.jpg,https://torkjameh.com/142041-thickbox_default/خرید-لباس-مردانه-شلوار-اسلش-مردانه-آقایان-tozlu.jpg,[],[],[],[],[],[],[],1350000,1350000,[],[]
ست سویشرت شلوار مردانه,https://torkjameh.com/خرید-لباس-مردانه/27416-خرید-لباس-مردانه-ست-سویشرت-شلوار-مردانه-آقایان-marc.html,https://torkjameh.com/126506-thickbox_default/خرید-لباس-مردانه-ست-سویشرت-شلوار-مردانه-آقایان-marc.jpg,[],[],[],[],[],[],[],[],[],[],[],[]
ست تیشرت شلوار مردانه,https://torkjameh.com/خرید-لباس-مردانه/27414-خرید-لباس-مردانه-ست-تیشرت-شلوار-مردانه-آقایان-patirti.html,https://torkjameh.com/83153-thickbox_default/خرید-لباس-مردانه-ست-تیشرت-شلوار-مردانه-آقایان-patirti.jpg,https://torkjameh.com/83154-thickbox_default/خرید-لباس-مردانه-ست-تیشرت-شلوار-مردانه-آقایان-patirti.jpg,https://torkjameh.com/83155-thickbox_default/خرید-لباس-مردانه-ست-تیشرت-شلوار-مردانه-آقایان-patirti.jpg,https://torkjameh.com/83156-thickbox_default/خرید-لباس-مردانه-ست-تیشرت-شلوار-مردانه-آقایان-patirti.jpg,[],[],[],[],[],[],[],[],[]
ست تیشرت شلوار مردانه,https://torkjameh.com/خرید-لباس-مردانه/27411-خرید-لباس-مردانه-ست-تیشرت-شلوار-مردانه-آقایان-patirti.html,https://torkjameh.com/83145-thickbox_default/خرید-لباس-مردانه-ست-تیشرت-شلوار-مردانه-آقایان-patirti.jpg,https://torkjameh.com/83146-thickbox_default/خرید-لباس-مردانه-ست-تیشرت-شلوار-مردانه-آقایان-patirti.jpg,https://torkjameh.com/83147-thickbox_default/خرید-لباس-مردانه-ست-تیشرت-شلوار-مردانه-آقایان-patirti.jpg,[],[],[],[],[],[],[],[],[],[]
ست تیشرت شلوار مردانه,https://torkjameh.com/خرید-لباس-مردانه/27410-خرید-لباس-مردانه-ست-تیشرت-شلوار-مردانه-آقایان-patirti.html,https://torkjameh.com/83141-thickbox_default/خرید-لباس-مردانه-ست-تیشرت-شلوار-مردانه-آقایان-patirti.jpg,https://torkjameh.com/83142-thickbox_default/خرید-لباس-مردانه-ست-تیشرت-شلوار-مردانه-آقایان-patirti.jpg,https://torkjameh.com/83143-thickbox_default/خرید-لباس-مردانه-ست-تیشرت-شلوار-مردانه-آقایان-patirti.jpg,https://torkjameh.com/83144-thickbox_default/خرید-لباس-مردانه-ست-تیشرت-شلوار-مردانه-آقایان-patirti.jpg,[],[],[],[],[],[],[],[],[]
ست تیشرت شلوار مردانه,https://torkjameh.com/خرید-لباس-مردانه/27409-خرید-لباس-مردانه-ست-تیشرت-شلوار-مردانه-آقایان-patirti.html,https://torkjameh.com/83137-thickbox_default/خرید-لباس-مردانه-ست-تیشرت-شلوار-مردانه-آقایان-patirti.jpg,https://torkjameh.com/83138-thickbox_default/خرید-لباس-مردانه-ست-تیشرت-شلوار-مردانه-آقایان-patirti.jpg,https://torkjameh.com/83139-thickbox_default/خرید-لباس-مردانه-ست-تیشرت-شلوار-مردانه-آقایان-patirti.jpg,https://torkjameh.com/83140-thickbox_default/خرید-لباس-مردانه-ست-تیشرت-شلوار-مردانه-آقایان-patirti.jpg,[],[],[],[],[],[],[],[],[]
ست تیشرت شلوار مردانه,https://torkjameh.com/خرید-لباس-مردانه/27408-خرید-لباس-مردانه-ست-تیشرت-شلوار-مردانه-آقایان-patirti.html,https://torkjameh.com/83133-thickbox_default/خرید-لباس-مردانه-ست-تیشرت-شلوار-مردانه-آقایان-patirti.jpg,https://torkjameh.com/83134-thickbox_default/خرید-لباس-مردانه-ست-تیشرت-شلوار-مردانه-آقایان-patirti.jpg,https://torkjameh.com/83135-thickbox_default/خرید-لباس-مردانه-ست-تیشرت-شلوار-مردانه-آقایان-patirti.jpg,https://torkjameh.com/83136-thickbox_default/خرید-لباس-مردانه-ست-تیشرت-شلوار-مردانه-آقایان-patirti.jpg,[],[],[],[],[],[],[],[],[]
ست تیشرت شلوار مردانه,https://torkjameh.com/خرید-لباس-مردانه/27407-خرید-لباس-مردانه-ست-تیشرت-شلوار-مردانه-آقایان-patirti.html,https://torkjameh.com/83131-thickbox_default/خرید-لباس-مردانه-ست-تیشرت-شلوار-مردانه-آقایان-patirti.jpg,https://torkjameh.com/83132-thickbox_default/خرید-لباس-مردانه-ست-تیشرت-شلوار-مردانه-آقایان-patirti.jpg,[],[],[],[],[],[],[],[],[],[],[]
ست تیشرت شلوار مردانه,https://torkjameh.com/خرید-لباس-مردانه/27406-خرید-لباس-مردانه-ست-تیشرت-شلوار-مردانه-آقایان-patirti.html,https://torkjameh.com/83128-thickbox_default/خرید-لباس-مردانه-ست-تیشرت-شلوار-مردانه-آقایان-patirti.jpg,https://torkjameh.com/83129-thickbox_default/خرید-لباس-مردانه-ست-تیشرت-شلوار-مردانه-آقایان-patirti.jpg,https://torkjameh.com/83130-thickbox_default/خرید-لباس-مردانه-ست-تیشرت-شلوار-مردانه-آقایان-patirti.jpg,[],[],[],[],[],[],[],[],[],[]
ست تیشرت شلوار مردانه,https://torkjameh.com/خرید-لباس-مردانه/27405-خرید-لباس-مردانه-ست-تیشرت-شلوار-مردانه-آقایان-patirti.html,https://torkjameh.com/83126-thickbox_default/خرید-لباس-مردانه-ست-تیشرت-شلوار-مردانه-آقایان-patirti.jpg,https://torkjameh.com/83127-thickbox_default/خرید-لباس-مردانه-ست-تیشرت-شلوار-مردانه-آقایان-patirti.jpg,[],[],[],[],[],[],[],[],[],[],[]
شلوار اسلش مردانه,https://torkjameh.com/خرید-لباس-مردانه/27130-خرید-لباس-مردانه-شلوار-اسلش-مردانه-آقایان-tozlu.html,https://torkjameh.com/142057-thickbox_default/خرید-لباس-مردانه-شلوار-اسلش-مردانه-آقایان-tozlu.jpg,[],[],[],[],[],[],[],[],1350000,1350000,[],[]
شلوار اسلش طرحدار مردانه,https://torkjameh.com/خرید-لباس-مردانه/26929-خرید-لباس-مردانه-شلوار-اسلش-طرحدار-مردانه-آقایان-defacto.html,https://torkjameh.com/81843-thickbox_default/خرید-لباس-مردانه-شلوار-اسلش-طرحدار-مردانه-آقایان-defacto.jpg,https://torkjameh.com/81842-thickbox_default/خرید-لباس-مردانه-شلوار-اسلش-طرحدار-مردانه-آقایان-defacto.jpg,https://torkjameh.com/81844-thickbox_default/خرید-لباس-مردانه-شلوار-اسلش-طرحدار-مردانه-آقایان-defacto.jpg,[],[],[],[],[],[],[],[],[],[]
شلوار اسلش مردانه,https://torkjameh.com/خرید-لباس-مردانه/26897-خرید-لباس-مردانه-شلوار-اسلش-مردانه-آقایان-tozlu.html,https://torkjameh.com/142067-thickbox_default/خرید-لباس-مردانه-شلوار-اسلش-مردانه-آقایان-tozlu.jpg,https://torkjameh.com/142066-thickbox_default/خرید-لباس-مردانه-شلوار-اسلش-مردانه-آقایان-tozlu.jpg,[],[],[],[],[],[],[],1350000,1350000,[],[]
شلوار اسلش اسپرت مردانه,https://torkjameh.com/خرید-لباس-مردانه/26706-خرید-لباس-مردانه-شلوار-اسلش-اسپرت-مردانه-آقایان-deepsea.html,https://torkjameh.com/81249-thickbox_default/خرید-لباس-مردانه-شلوار-اسلش-اسپرت-مردانه-آقایان-deepsea.jpg,https://torkjameh.com/81247-thickbox_default/خرید-لباس-مردانه-شلوار-اسلش-اسپرت-مردانه-آقایان-deepsea.jpg,https://torkjameh.com/81248-thickbox_default/خرید-لباس-مردانه-شلوار-اسلش-اسپرت-مردانه-آقایان-deepsea.jpg,https://torkjameh.com/81250-thickbox_default/خرید-لباس-مردانه-شلوار-اسلش-اسپرت-مردانه-آقایان-deepsea.jpg,[],[],[],[],[],[],[],[],[]
شلوار اسلش مردانه,https://torkjameh.com/خرید-لباس-مردانه/26114-خرید-لباس-مردانه-شلوار-اسلش-مردانه-آقایان-deepsea.html,https://torkjameh.com/79692-thickbox_default/خرید-لباس-مردانه-شلوار-اسلش-مردانه-آقایان-deepsea.jpg,https://torkjameh.com/79693-thickbox_default/خرید-لباس-مردانه-شلوار-اسلش-مردانه-آقایان-deepsea.jpg,[],[],[],[],[],[],[],1540000,1540000,[],[]
شلوار اسلش مردانه,https://torkjameh.com/خرید-لباس-مردانه/25909-خرید-لباس-مردانه-شلوار-اسلش-مردانه-آقایان-tozlu.html,https://torkjameh.com/142069-thickbox_default/خرید-لباس-مردانه-شلوار-اسلش-مردانه-آقایان-tozlu.jpg,https://torkjameh.com/142068-thickbox_default/خرید-لباس-مردانه-شلوار-اسلش-مردانه-آقایان-tozlu.jpg,[],[],[],[],[],[],[],1350000,1350000,[],[]
شلوار اسلش مردانه,https://torkjameh.com/خرید-لباس-مردانه/25871-خرید-لباس-مردانه-شلوار-اسلش-مردانه-آقایان-bershka.html,https://torkjameh.com/127120-thickbox_default/خرید-لباس-مردانه-شلوار-اسلش-مردانه-آقایان-bershka.jpg,https://torkjameh.com/127121-thickbox_default/خرید-لباس-مردانه-شلوار-اسلش-مردانه-آقایان-bershka.jpg,[],[],[],[],[],[],[],3840000,3840000,[],[]
شلوار اسلش مردانه,https://torkjameh.com/خرید-لباس-مردانه/25870-خرید-لباس-مردانه-شلوار-اسلش-مردانه-آقایان-koton.html,https://torkjameh.com/78875-thickbox_default/خرید-لباس-مردانه-شلوار-اسلش-مردانه-آقایان-koton.jpg,https://torkjameh.com/78876-thickbox_default/خرید-لباس-مردانه-شلوار-اسلش-مردانه-آقایان-koton.jpg,https://torkjameh.com/78877-thickbox_default/خرید-لباس-مردانه-شلوار-اسلش-مردانه-آقایان-koton.jpg,https://torkjameh.com/78878-thickbox_default/خرید-لباس-مردانه-شلوار-اسلش-مردانه-آقایان-koton.jpg,https://torkjameh.com/78879-thickbox_default/خرید-لباس-مردانه-شلوار-اسلش-مردانه-آقایان-koton.jpg,https://torkjameh.com/78880-thickbox_default/خرید-لباس-مردانه-شلوار-اسلش-مردانه-آقایان-koton.jpg,[],[],[],1100000,1100000,[],[]
شلوار اسلش مردانه,https://torkjameh.com/خرید-لباس-مردانه/25609-خرید-لباس-مردانه-شلوار-اسلش-مردانه-آقایان-deepsea.html,https://torkjameh.com/77979-thickbox_default/خرید-لباس-مردانه-شلوار-اسلش-مردانه-آقایان-deepsea.jpg,https://torkjameh.com/77977-thickbox_default/خرید-لباس-مردانه-شلوار-اسلش-مردانه-آقایان-deepsea.jpg,https://torkjameh.com/77978-thickbox_default/خرید-لباس-مردانه-شلوار-اسلش-مردانه-آقایان-deepsea.jpg,[],[],[],[],[],[],1540000,1540000,[],[]
شلوار اسلش مردانه,https://torkjameh.com/خرید-لباس-مردانه/25594-خرید-لباس-مردانه-شلوار-اسلش-مردانه-آقایان-deepsea.html,https://torkjameh.com/77929-thickbox_default/خرید-لباس-مردانه-شلوار-اسلش-مردانه-آقایان-deepsea.jpg,https://torkjameh.com/77931-thickbox_default/خرید-لباس-مردانه-شلوار-اسلش-مردانه-آقایان-deepsea.jpg,https://torkjameh.com/77932-thickbox_default/خرید-لباس-مردانه-شلوار-اسلش-مردانه-آقایان-deepsea.jpg,https://torkjameh.com/77933-thickbox_default/خرید-لباس-مردانه-شلوار-اسلش-مردانه-آقایان-deepsea.jpg,[],[],[],[],[],1540000,1540000,[],[]
شلوار اسلش مردانه,https://torkjameh.com/خرید-لباس-مردانه/25592-خرید-لباس-مردانه-شلوار-اسلش-مردانه-آقایان-colins.html,https://torkjameh.com/127005-thickbox_default/خرید-لباس-مردانه-شلوار-اسلش-مردانه-آقایان-colins.jpg,https://torkjameh.com/127006-thickbox_default/خرید-لباس-مردانه-شلوار-اسلش-مردانه-آقایان-colins.jpg,[],[],[],[],[],[],[],3375000,3375000,[],[]
شلوار اسپرت مردانه,https://torkjameh.com/خرید-لباس-مردانه/25589-خرید-لباس-مردانه-شلوار-اسپرت-مردانه-آقایان-defacto.html,https://torkjameh.com/77910-thickbox_default/خرید-لباس-مردانه-شلوار-اسپرت-مردانه-آقایان-defacto.jpg,https://torkjameh.com/77911-thickbox_default/خرید-لباس-مردانه-شلوار-اسپرت-مردانه-آقایان-defacto.jpg,https://torkjameh.com/77912-thickbox_default/خرید-لباس-مردانه-شلوار-اسپرت-مردانه-آقایان-defacto.jpg,[],[],[],[],[],[],[],[],[],[]
شلوار اسلش مردانه,https://torkjameh.com/خرید-لباس-مردانه/25582-خرید-لباس-مردانه-شلوار-اسلش-مردانه-آقایان-deepsea.html,https://torkjameh.com/77901-thickbox_default/خرید-لباس-مردانه-شلوار-اسلش-مردانه-آقایان-deepsea.jpg,https://torkjameh.com/77902-thickbox_default/خرید-لباس-مردانه-شلوار-اسلش-مردانه-آقایان-deepsea.jpg,[],[],[],[],[],[],[],1430000,1430000,[],[]
شلوار اسلش طرح جیب مردانه,https://torkjameh.com/خرید-لباس-مردانه/24732-خرید-لباس-مردانه-شلوار-اسلش-طرح-جیب-مردانه-آقایان-zemingiyim.html,https://torkjameh.com/75489-thickbox_default/خرید-لباس-مردانه-شلوار-اسلش-طرح-جیب-مردانه-آقایان-zemingiyim.jpg,https://torkjameh.com/75491-thickbox_default/خرید-لباس-مردانه-شلوار-اسلش-طرح-جیب-مردانه-آقایان-zemingiyim.jpg,https://torkjameh.com/75490-thickbox_default/خرید-لباس-مردانه-شلوار-اسلش-طرح-جیب-مردانه-آقایان-zemingiyim.jpg,[],[],[],[],[],[],[],[],[],[]
شلوار اسلش مردانه,https://torkjameh.com/خرید-لباس-مردانه/24731-خرید-لباس-مردانه-شلوار-اسلش-مردانه-آقایان-zemingiyim.html,https://torkjameh.com/75486-thickbox_default/خرید-لباس-مردانه-شلوار-اسلش-مردانه-آقایان-zemingiyim.jpg,https://torkjameh.com/75488-thickbox_default/خرید-لباس-مردانه-شلوار-اسلش-مردانه-آقایان-zemingiyim.jpg,https://torkjameh.com/75487-thickbox_default/خرید-لباس-مردانه-شلوار-اسلش-مردانه-آقایان-zemingiyim.jpg,[],[],[],[],[],[],950000,950000,[],[]
شلوار اسلش مردانه,https://torkjameh.com/خرید-لباس-مردانه/23858-خرید-لباس-مردانه-شلوار-اسلش-مردانه-آقایان-tozlu.html,https://torkjameh.com/142071-thickbox_default/خرید-لباس-مردانه-شلوار-اسلش-مردانه-آقایان-tozlu.jpg,https://torkjameh.com/142070-thickbox_default/خرید-لباس-مردانه-شلوار-اسلش-مردانه-آقایان-tozlu.jpg,[],[],[],[],[],[],[],1350000,1350000,[],[]
شلوار اسلش مردانه,https://torkjameh.com/خرید-لباس-مردانه/23850-خرید-لباس-مردانه-شلوار-اسلش-مردانه-آقایان-tozlu.html,https://torkjameh.com/142111-thickbox_default/خرید-لباس-مردانه-شلوار-اسلش-مردانه-آقایان-tozlu.jpg,https://torkjameh.com/142110-thickbox_default/خرید-لباس-مردانه-شلوار-اسلش-مردانه-آقایان-tozlu.jpg,[],[],[],[],[],[],[],1350000,1350000,[],[]
شلوار اسلش طرح دار مردانه,https://torkjameh.com/خرید-لباس-مردانه/23849-خرید-لباس-مردانه-شلوار-اسلش-طرح-دار-مردانه-آقایان-deepsea.html,https://torkjameh.com/72924-thickbox_default/خرید-لباس-مردانه-شلوار-اسلش-طرح-دار-مردانه-آقایان-deepsea.jpg,https://torkjameh.com/72925-thickbox_default/خرید-لباس-مردانه-شلوار-اسلش-طرح-دار-مردانه-آقایان-deepsea.jpg,https://torkjameh.com/72926-thickbox_default/خرید-لباس-مردانه-شلوار-اسلش-طرح-دار-مردانه-آقایان-deepsea.jpg,[],[],[],[],[],[],[],[],[],[]
شلوار اسلش مردانه,https://torkjameh.com/خرید-لباس-مردانه/23421-خرید-لباس-مردانه-شلوار-اسلش-مردانه-آقایان-bershka.html,https://torkjameh.com/127119-thickbox_default/خرید-لباس-مردانه-شلوار-اسلش-مردانه-آقایان-bershka.jpg,https://torkjameh.com/127118-thickbox_default/خرید-لباس-مردانه-شلوار-اسلش-مردانه-آقایان-bershka.jpg,[],[],[],[],[],[],[],3840000,3840000,[],[]
ست شلوار و سویشرت مردانه,https://torkjameh.com/خرید-لباس-مردانه/22730-خرید-لباس-مردانه-ست-شلوار-و-سویشرت-مردانه-آقایان-n11.html,https://torkjameh.com/70258-thickbox_default/خرید-لباس-مردانه-ست-شلوار-و-سویشرت-مردانه-آقایان-n11.jpg,[],[],[],[],[],[],[],[],[],[],[],[]
شلوار اسلش مردانه,https://torkjameh.com/خرید-لباس-مردانه/22720-خرید-لباس-مردانه-شلوار-اسلش-مردانه-آقایان-tozlu.html,https://torkjameh.com/142112-thickbox_default/خرید-لباس-مردانه-شلوار-اسلش-مردانه-آقایان-tozlu.jpg,https://torkjameh.com/142113-thickbox_default/خرید-لباس-مردانه-شلوار-اسلش-مردانه-آقایان-tozlu.jpg,[],[],[],[],[],[],[],1480000,1480000,[],[]
شلواراسلش جیب دار مردانه,https://torkjameh.com/خرید-لباس-مردانه/22719-خرید-لباس-مردانه-شلواراسلش-جیب-دار-مردانه-آقایان-n11.html,https://torkjameh.com/70254-thickbox_default/خرید-لباس-مردانه-شلواراسلش-جیب-دار-مردانه-آقایان-n11.jpg,[],[],[],[],[],[],[],[],[],[],[],[]
شلواراسلش مردانه,https://torkjameh.com/خرید-لباس-مردانه/22707-خرید-لباس-مردانه-شلواراسلش-مردانه-آقایان-koton.html,https://torkjameh.com/70220-thickbox_default/خرید-لباس-مردانه-شلواراسلش-مردانه-آقایان-koton.jpg,https://torkjameh.com/70221-thickbox_default/خرید-لباس-مردانه-شلواراسلش-مردانه-آقایان-koton.jpg,https://torkjameh.com/70222-thickbox_default/خرید-لباس-مردانه-شلواراسلش-مردانه-آقایان-koton.jpg,[],[],[],[],[],[],[],[],[],[]
شلوار اسلش طرحدار مردانه,https://torkjameh.com/خرید-لباس-مردانه/22705-خرید-لباس-مردانه-شلوار-اسلش-طرحدار-مردانه-آقایان-koton.html,https://torkjameh.com/70208-thickbox_default/خرید-لباس-مردانه-شلوار-اسلش-طرحدار-مردانه-آقایان-koton.jpg,https://torkjameh.com/70209-thickbox_default/خرید-لباس-مردانه-شلوار-اسلش-طرحدار-مردانه-آقایان-koton.jpg,https://torkjameh.com/70210-thickbox_default/خرید-لباس-مردانه-شلوار-اسلش-طرحدار-مردانه-آقایان-koton.jpg,https://torkjameh.com/70211-thickbox_default/خرید-لباس-مردانه-شلوار-اسلش-طرحدار-مردانه-آقایان-koton.jpg,[],[],[],[],[],[],[],[],[]
شلوار اسلش مردانه,https://torkjameh.com/خرید-لباس-مردانه/22704-خرید-لباس-مردانه-شلوار-اسلش-مردانه-آقایان-marc.html,https://torkjameh.com/143574-thickbox_default/خرید-لباس-مردانه-شلوار-اسلش-مردانه-آقایان-marc.jpg,https://torkjameh.com/143575-thickbox_default/خرید-لباس-مردانه-شلوار-اسلش-مردانه-آقایان-marc.jpg,[],[],[],[],[],[],[],1980000,1980000,[],[]
شلواراسلش طرحدار مردانه,https://torkjameh.com/خرید-لباس-مردانه/22703-خرید-لباس-مردانه-شلواراسلش-طرحدار-مردانه-آقایان-koton.html,https://torkjameh.com/70196-thickbox_default/خرید-لباس-مردانه-شلواراسلش-طرحدار-مردانه-آقایان-koton.jpg,https://torkjameh.com/70199-thickbox_default/خرید-لباس-مردانه-شلواراسلش-طرحدار-مردانه-آقایان-koton.jpg,https://torkjameh.com/70200-thickbox_default/خرید-لباس-مردانه-شلواراسلش-طرحدار-مردانه-آقایان-koton.jpg,https://torkjameh.com/70201-thickbox_default/خرید-لباس-مردانه-شلواراسلش-طرحدار-مردانه-آقایان-koton.jpg,[],[],[],[],[],[],[],[],[]
ست سیو شرت و شلوار,https://torkjameh.com/خرید-لباس-مردانه/22324-خرید-لباس-مردانه-ست-سیو-شرت-و-شلوار-آقایان-marc.html,https://torkjameh.com/69399-thickbox_default/خرید-لباس-مردانه-ست-سیو-شرت-و-شلوار-آقایان-marc.jpg,https://torkjameh.com/69400-thickbox_default/خرید-لباس-مردانه-ست-سیو-شرت-و-شلوار-آقایان-marc.jpg,https://torkjameh.com/69401-thickbox_default/خرید-لباس-مردانه-ست-سیو-شرت-و-شلوار-آقایان-marc.jpg,[],[],[],[],[],[],2200000,2200000,[],[]
ست سیوشرت و شلوار,https://torkjameh.com/خرید-لباس-مردانه/22323-خرید-لباس-مردانه-ست-سیوشرت-و-شلوار-آقایان-marc.html,https://torkjameh.com/69396-thickbox_default/خرید-لباس-مردانه-ست-سیوشرت-و-شلوار-آقایان-marc.jpg,https://torkjameh.com/69398-thickbox_default/خرید-لباس-مردانه-ست-سیوشرت-و-شلوار-آقایان-marc.jpg,https://torkjameh.com/69397-thickbox_default/خرید-لباس-مردانه-ست-سیوشرت-و-شلوار-آقایان-marc.jpg,[],[],[],[],[],[],2200000,2200000,[],[]
شلوار جدید مردانه,https://torkjameh.com/خرید-لباس-مردانه/21865-خرید-لباس-مردانه-شلوار-جدید-مردانه-آقایان-marc.html,https://torkjameh.com/143943-thickbox_default/خرید-لباس-مردانه-شلوار-جدید-مردانه-آقایان-marc.jpg,https://torkjameh.com/143942-thickbox_default/خرید-لباس-مردانه-شلوار-جدید-مردانه-آقایان-marc.jpg,[],[],[],[],[],[],[],5350000,5350000,[],[]
شلوار اسلش مردانه,https://torkjameh.com/خرید-لباس-مردانه/21684-خرید-لباس-مردانه-شلوار-اسلش-مردانه-آقایان-.html,https://torkjameh.com/68128-thickbox_default/خرید-لباس-مردانه-شلوار-اسلش-مردانه-آقایان-.jpg,https://torkjameh.com/68127-thickbox_default/خرید-لباس-مردانه-شلوار-اسلش-مردانه-آقایان-.jpg,[],[],[],[],[],[],[],[],[],[],[]
شلوار اسلش مردانه,https://torkjameh.com/خرید-لباس-مردانه/19945-خرید-لباس-مردانه-شلوار-اسلش-مردانه-آقایان-n11.html,https://torkjameh.com/64389-thickbox_default/خرید-لباس-مردانه-شلوار-اسلش-مردانه-آقایان-n11.jpg,[],[],[],[],[],[],[],[],[],[],[],[]
شلوار اسلش مردانه,https://torkjameh.com/خرید-لباس-مردانه/19940-خرید-لباس-مردانه-شلوار-اسلش-مردانه-آقایان-n11.html,https://torkjameh.com/64388-thickbox_default/خرید-لباس-مردانه-شلوار-اسلش-مردانه-آقایان-n11.jpg,https://torkjameh.com/64387-thickbox_default/خرید-لباس-مردانه-شلوار-اسلش-مردانه-آقایان-n11.jpg,[],[],[],[],[],[],[],[],[],[],[]
شلوار اسلش مردانه,https://torkjameh.com/خرید-لباس-مردانه/19939-خرید-لباس-مردانه-شلوار-اسلش-مردانه-آقایان-n11.html,https://torkjameh.com/64382-thickbox_default/خرید-لباس-مردانه-شلوار-اسلش-مردانه-آقایان-n11.jpg,https://torkjameh.com/64383-thickbox_default/خرید-لباس-مردانه-شلوار-اسلش-مردانه-آقایان-n11.jpg,[],[],[],[],[],[],[],[],[],[],[]
ست سویشرت و شلوار مردانه,https://torkjameh.com/خرید-لباس-مردانه/19933-خرید-لباس-مردانه-ست-سویشرت-و-شلوار-مردانه-آقایان-n11.html,https://torkjameh.com/141259-thickbox_default/خرید-لباس-مردانه-ست-سویشرت-و-شلوار-مردانه-آقایان-n11.jpg,https://torkjameh.com/141257-thickbox_default/خرید-لباس-مردانه-ست-سویشرت-و-شلوار-مردانه-آقایان-n11.jpg,https://torkjameh.com/141258-thickbox_default/خرید-لباس-مردانه-ست-سویشرت-و-شلوار-مردانه-آقایان-n11.jpg,[],[],[],[],[],[],[],[],[],[]
شلوار اسلش مردانه,https://torkjameh.com/خرید-لباس-مردانه/19932-خرید-لباس-مردانه-شلوار-اسلش-مردانه-آقایان-n11.html,https://torkjameh.com/64375-thickbox_default/خرید-لباس-مردانه-شلوار-اسلش-مردانه-آقایان-n11.jpg,[],[],[],[],[],[],[],[],[],[],[],[]
شلوار اسلش مردانه,https://torkjameh.com/خرید-لباس-مردانه/19931-خرید-لباس-مردانه-شلوار-اسلش-مردانه-آقایان-n11.html,https://torkjameh.com/64374-thickbox_default/خرید-لباس-مردانه-شلوار-اسلش-مردانه-آقایان-n11.jpg,https://torkjameh.com/64373-thickbox_default/خرید-لباس-مردانه-شلوار-اسلش-مردانه-آقایان-n11.jpg,[],[],[],[],[],[],[],[],[],[],[]
ست سویشرت و شلوار اسلش پسرانه,https://torkjameh.com/خرید-لباس-مردانه/19930-خرید-لباس-مردانه-ست-سویشرت-و-شلوار-اسلش-پسرانه-آقایان-.html,https://torkjameh.com/64372-thickbox_default/خرید-لباس-مردانه-ست-سویشرت-و-شلوار-اسلش-پسرانه-آقایان-.jpg,https://torkjameh.com/64371-thickbox_default/خرید-لباس-مردانه-ست-سویشرت-و-شلوار-اسلش-پسرانه-آقایان-.jpg,[],[],[],[],[],[],[],[],[],[],[]
شلوار اسلش پسرانه,https://torkjameh.com/خرید-لباس-مردانه/19925-خرید-لباس-مردانه-شلوار-اسلش-پسرانه-آقایان-.html,https://torkjameh.com/64366-thickbox_default/خرید-لباس-مردانه-شلوار-اسلش-پسرانه-آقایان-.jpg,https://torkjameh.com/64364-thickbox_default/خرید-لباس-مردانه-شلوار-اسلش-پسرانه-آقایان-.jpg,https://torkjameh.com/64365-thickbox_default/خرید-لباس-مردانه-شلوار-اسلش-پسرانه-آقایان-.jpg,[],[],[],[],[],[],[],[],[],[]
ست بلوز و شلوار اسلش پسرانه,https://torkjameh.com/خرید-لباس-مردانه/19924-خرید-لباس-مردانه-ست-بلوز-و-شلوار-اسلش-پسرانه-آقایان-.html,https://torkjameh.com/64363-thickbox_default/خرید-لباس-مردانه-ست-بلوز-و-شلوار-اسلش-پسرانه-آقایان-.jpg,https://torkjameh.com/64361-thickbox_default/خرید-لباس-مردانه-ست-بلوز-و-شلوار-اسلش-پسرانه-آقایان-.jpg,https://torkjameh.com/64362-thickbox_default/خرید-لباس-مردانه-ست-بلوز-و-شلوار-اسلش-پسرانه-آقایان-.jpg,[],[],[],[],[],[],[],[],[],[]
شلوار اسلش مردانه,https://torkjameh.com/خرید-لباس-مردانه/19533-خرید-لباس-مردانه-شلوار-اسلش-مردانه-آقایان-.html,https://torkjameh.com/63530-thickbox_default/خرید-لباس-مردانه-شلوار-اسلش-مردانه-آقایان-.jpg,https://torkjameh.com/63531-thickbox_default/خرید-لباس-مردانه-شلوار-اسلش-مردانه-آقایان-.jpg,https://torkjameh.com/63532-thickbox_default/خرید-لباس-مردانه-شلوار-اسلش-مردانه-آقایان-.jpg,[],[],[],[],[],[],[],[],[],[]
ست سویشرت اسلش مردانه,https://torkjameh.com/خرید-لباس-مردانه/19239-خرید-لباس-مردانه-ست-سویشرت-اسلش-مردانه-آقایان-.html,https://torkjameh.com/62872-thickbox_default/خرید-لباس-مردانه-ست-سویشرت-اسلش-مردانه-آقایان-.jpg,https://torkjameh.com/62871-thickbox_default/خرید-لباس-مردانه-ست-سویشرت-اسلش-مردانه-آقایان-.jpg,[],[],[],[],[],[],[],[],[],[],[]
سویشرت و شلوار مردانه,https://torkjameh.com/خرید-لباس-مردانه/19238-خرید-لباس-مردانه-سویشرت-و-شلوار-مردانه-آقایان-.html,https://torkjameh.com/141256-thickbox_default/خرید-لباس-مردانه-سویشرت-و-شلوار-مردانه-آقایان-.jpg,https://torkjameh.com/141255-thickbox_default/خرید-لباس-مردانه-سویشرت-و-شلوار-مردانه-آقایان-.jpg,[],[],[],[],[],[],[],[],[],[],[]
شلواراسلش طرحدار مردانه,https://torkjameh.com/خرید-لباس-مردانه/18398-خرید-لباس-مردانه-شلواراسلش-طرحدار-مردانه-آقایان-.html,https://torkjameh.com/71410-thickbox_default/خرید-لباس-مردانه-شلواراسلش-طرحدار-مردانه-آقایان-.jpg,https://torkjameh.com/71411-thickbox_default/خرید-لباس-مردانه-شلواراسلش-طرحدار-مردانه-آقایان-.jpg,[],[],[],[],[],[],[],[],[],[],[]
شلوار اسلش مدلدار مردانه,https://torkjameh.com/خرید-لباس-مردانه/18392-خرید-لباس-مردانه-شلوار-اسلش-مدلدار-مردانه-آقایان-.html,https://torkjameh.com/60421-thickbox_default/خرید-لباس-مردانه-شلوار-اسلش-مدلدار-مردانه-آقایان-.jpg,https://torkjameh.com/60423-thickbox_default/خرید-لباس-مردانه-شلوار-اسلش-مدلدار-مردانه-آقایان-.jpg,https://torkjameh.com/60422-thickbox_default/خرید-لباس-مردانه-شلوار-اسلش-مدلدار-مردانه-آقایان-.jpg,[],[],[],[],[],[],[],[],[],[]
شلواراسلش مدل دار مردانه,https://torkjameh.com/خرید-لباس-مردانه/18234-خرید-لباس-مردانه-شلواراسلش-مدل-دار-مردانه-آقایان-.html,https://torkjameh.com/59985-thickbox_default/خرید-لباس-مردانه-شلواراسلش-مدل-دار-مردانه-آقایان-.jpg,[],[],[],[],[],[],[],[],[],[],[],[]
شلوار اسلش سه دکمه مردانه,https://torkjameh.com/خرید-لباس-مردانه/18233-خرید-لباس-مردانه-شلوار-اسلش-سه-دکمه-مردانه-آقایان-.html,https://torkjameh.com/59984-thickbox_default/خرید-لباس-مردانه-شلوار-اسلش-سه-دکمه-مردانه-آقایان-.jpg,https://torkjameh.com/59983-thickbox_default/خرید-لباس-مردانه-شلوار-اسلش-سه-دکمه-مردانه-آقایان-.jpg,[],[],[],[],[],[],[],[],[],[],[]
شلوارطرح مارک مردانه,https://torkjameh.com/خرید-لباس-مردانه/18232-خرید-لباس-مردانه-شلوارطرح-مارک-مردانه-آقایان-.html,https://torkjameh.com/59982-thickbox_default/خرید-لباس-مردانه-شلوارطرح-مارک-مردانه-آقایان-.jpg,https://torkjameh.com/59980-thickbox_default/خرید-لباس-مردانه-شلوارطرح-مارک-مردانه-آقایان-.jpg,https://torkjameh.com/59981-thickbox_default/خرید-لباس-مردانه-شلوارطرح-مارک-مردانه-آقایان-.jpg,[],[],[],[],[],[],[],[],[],[]
ست بلوزوشلوار اسپرت مردانه,https://torkjameh.com/خرید-لباس-مردانه/17917-خرید-لباس-مردانه-ست-بلوزوشلوار-اسپرت-مردانه-آقایان-.html,https://torkjameh.com/58959-thickbox_default/خرید-لباس-مردانه-ست-بلوزوشلوار-اسپرت-مردانه-آقایان-.jpg,https://torkjameh.com/58960-thickbox_default/خرید-لباس-مردانه-ست-بلوزوشلوار-اسپرت-مردانه-آقایان-.jpg,https://torkjameh.com/58961-thickbox_default/خرید-لباس-مردانه-ست-بلوزوشلوار-اسپرت-مردانه-آقایان-.jpg,[],[],[],[],[],[],[],[],[],[]
ست سوشرت وشلوار طرحدار مردانه,https://torkjameh.com/خرید-لباس-مردانه/17914-خرید-لباس-مردانه-ست-سوشرت-وشلوار-طرحدار-مردانه-آقایان-.html,https://torkjameh.com/58958-thickbox_default/خرید-لباس-مردانه-ست-سوشرت-وشلوار-طرحدار-مردانه-آقایان-.jpg,[],[],[],[],[],[],[],[],[],[],[],[]
ست سوشرت وشلوار ارتشی مردانه,https://torkjameh.com/خرید-لباس-مردانه/17909-خرید-لباس-مردانه-ست-سوشرت-وشلوار-ارتشی-مردانه-آقایان-.html,https://torkjameh.com/58942-thickbox_default/خرید-لباس-مردانه-ست-سوشرت-وشلوار-ارتشی-مردانه-آقایان-.jpg,https://torkjameh.com/58943-thickbox_default/خرید-لباس-مردانه-ست-سوشرت-وشلوار-ارتشی-مردانه-آقایان-.jpg,https://torkjameh.com/58944-thickbox_default/خرید-لباس-مردانه-ست-سوشرت-وشلوار-ارتشی-مردانه-آقایان-.jpg,https://torkjameh.com/58945-thickbox_default/خرید-لباس-مردانه-ست-سوشرت-وشلوار-ارتشی-مردانه-آقایان-.jpg,[],[],[],[],[],[],[],[],[]
شلوار اسلش مدلدار مردانه,https://torkjameh.com/خرید-لباس-مردانه/17908-خرید-لباس-مردانه-شلوار-اسلش-مدلدار-مردانه-آقایان-.html,https://torkjameh.com/58949-thickbox_default/خرید-لباس-مردانه-شلوار-اسلش-مدلدار-مردانه-آقایان-.jpg,https://torkjameh.com/58946-thickbox_default/خرید-لباس-مردانه-شلوار-اسلش-مدلدار-مردانه-آقایان-.jpg,https://torkjameh.com/58947-thickbox_default/خرید-لباس-مردانه-شلوار-اسلش-مدلدار-مردانه-آقایان-.jpg,https://torkjameh.com/58948-thickbox_default/خرید-لباس-مردانه-شلوار-اسلش-مدلدار-مردانه-آقایان-.jpg,[],[],[],[],[],[],[],[],[]
ست سوشرت وشلوار ارتشی مردانه,https://torkjameh.com/خرید-لباس-مردانه/17907-خرید-لباس-مردانه-ست-سوشرت-وشلوار-ارتشی-مردانه-آقایان-.html,https://torkjameh.com/58941-thickbox_default/خرید-لباس-مردانه-ست-سوشرت-وشلوار-ارتشی-مردانه-آقایان-.jpg,https://torkjameh.com/58940-thickbox_default/خرید-لباس-مردانه-ست-سوشرت-وشلوار-ارتشی-مردانه-آقایان-.jpg,[],[],[],[],[],[],[],[],[],[],[]
ست بلوز وشلوار ارتشی مردانه,https://torkjameh.com/خرید-لباس-مردانه/17906-خرید-لباس-مردانه-ست-بلوز-وشلوار-ارتشی-مردانه-آقایان-.html,https://torkjameh.com/58935-thickbox_default/خرید-لباس-مردانه-ست-بلوز-وشلوار-ارتشی-مردانه-آقایان-.jpg,[],[],[],[],[],[],[],[],[],[],[],[]
شلوار اسلش مدلدار مردانه پول اندبیر,https://torkjameh.com/خرید-لباس-مردانه/17900-خرید-لباس-مردانه-شلوار-اسلش-مدلدار-مردانه-پول-اندبیر-آقایان-.html,https://torkjameh.com/58929-thickbox_default/خرید-لباس-مردانه-شلوار-اسلش-مدلدار-مردانه-پول-اندبیر-آقایان-.jpg,https://torkjameh.com/58926-thickbox_default/خرید-لباس-مردانه-شلوار-اسلش-مدلدار-مردانه-پول-اندبیر-آقایان-.jpg,https://torkjameh.com/58925-thickbox_default/خرید-لباس-مردانه-شلوار-اسلش-مدلدار-مردانه-پول-اندبیر-آقایان-.jpg,https://torkjameh.com/58927-thickbox_default/خرید-لباس-مردانه-شلوار-اسلش-مدلدار-مردانه-پول-اندبیر-آقایان-.jpg,https://torkjameh.com/58928-thickbox_default/خرید-لباس-مردانه-شلوار-اسلش-مدلدار-مردانه-پول-اندبیر-آقایان-.jpg,[],[],[],[],[],[],[],[]
شلوار اسلش طرحدار مردانه پول اندبیر,https://torkjameh.com/خرید-لباس-مردانه/17898-خرید-لباس-مردانه-شلوار-اسلش-طرحدار-مردانه-پول-اندبیر-آقایان-.html,https://torkjameh.com/58919-thickbox_default/خرید-لباس-مردانه-شلوار-اسلش-طرحدار-مردانه-پول-اندبیر-آقایان-.jpg,https://torkjameh.com/58922-thickbox_default/خرید-لباس-مردانه-شلوار-اسلش-طرحدار-مردانه-پول-اندبیر-آقایان-.jpg,https://torkjameh.com/58917-thickbox_default/خرید-لباس-مردانه-شلوار-اسلش-طرحدار-مردانه-پول-اندبیر-آقایان-.jpg,https://torkjameh.com/58918-thickbox_default/خرید-لباس-مردانه-شلوار-اسلش-طرحدار-مردانه-پول-اندبیر-آقایان-.jpg,https://torkjameh.com/58920-thickbox_default/خرید-لباس-مردانه-شلوار-اسلش-طرحدار-مردانه-پول-اندبیر-آقایان-.jpg,https://torkjameh.com/58921-thickbox_default/خرید-لباس-مردانه-شلوار-اسلش-طرحدار-مردانه-پول-اندبیر-آقایان-.jpg,[],[],[],[],[],[],[]
شلوار اسلش طرحدار مردانه,https://torkjameh.com/خرید-لباس-مردانه/17481-خرید-لباس-مردانه-شلوار-اسلش-طرحدار-مردانه-آقایان-.html,https://torkjameh.com/57454-thickbox_default/خرید-لباس-مردانه-شلوار-اسلش-طرحدار-مردانه-آقایان-.jpg,https://torkjameh.com/57455-thickbox_default/خرید-لباس-مردانه-شلوار-اسلش-طرحدار-مردانه-آقایان-.jpg,https://torkjameh.com/57456-thickbox_default/خرید-لباس-مردانه-شلوار-اسلش-طرحدار-مردانه-آقایان-.jpg,https://torkjameh.com/57458-thickbox_default/خرید-لباس-مردانه-شلوار-اسلش-طرحدار-مردانه-آقایان-.jpg,[],[],[],[],[],[],[],[],[]
شلوار اسلش مدلدار مردانه,https://torkjameh.com/خرید-لباس-مردانه/17476-خرید-لباس-مردانه-شلوار-اسلش-مدلدار-مردانه-آقایان-.html,https://torkjameh.com/57445-thickbox_default/خرید-لباس-مردانه-شلوار-اسلش-مدلدار-مردانه-آقایان-.jpg,https://torkjameh.com/57446-thickbox_default/خرید-لباس-مردانه-شلوار-اسلش-مدلدار-مردانه-آقایان-.jpg,https://torkjameh.com/57447-thickbox_default/خرید-لباس-مردانه-شلوار-اسلش-مدلدار-مردانه-آقایان-.jpg,[],[],[],[],[],[],[],[],[],[]
شلوار اسلش مدلدار مردانه,https://torkjameh.com/خرید-لباس-مردانه/17475-خرید-لباس-مردانه-شلوار-اسلش-مدلدار-مردانه-آقایان-.html,https://torkjameh.com/57442-thickbox_default/خرید-لباس-مردانه-شلوار-اسلش-مدلدار-مردانه-آقایان-.jpg,https://torkjameh.com/57443-thickbox_default/خرید-لباس-مردانه-شلوار-اسلش-مدلدار-مردانه-آقایان-.jpg,https://torkjameh.com/57444-thickbox_default/خرید-لباس-مردانه-شلوار-اسلش-مدلدار-مردانه-آقایان-.jpg,[],[],[],[],[],[],[],[],[],[]
شلوار اسلش مدلدار مردانه,https://torkjameh.com/خرید-لباس-مردانه/17474-خرید-لباس-مردانه-شلوار-اسلش-مدلدار-مردانه-آقایان-.html,https://torkjameh.com/57440-thickbox_default/خرید-لباس-مردانه-شلوار-اسلش-مدلدار-مردانه-آقایان-.jpg,https://torkjameh.com/57438-thickbox_default/خرید-لباس-مردانه-شلوار-اسلش-مدلدار-مردانه-آقایان-.jpg,https://torkjameh.com/57439-thickbox_default/خرید-لباس-مردانه-شلوار-اسلش-مدلدار-مردانه-آقایان-.jpg,[],[],[],[],[],[],[],[],[],[]
شلوار اسلش مردانه,https://torkjameh.com/خرید-لباس-مردانه/17473-خرید-لباس-مردانه-شلوار-اسلش-مردانه-آقایان-.html,https://torkjameh.com/57434-thickbox_default/خرید-لباس-مردانه-شلوار-اسلش-مردانه-آقایان-.jpg,https://torkjameh.com/57435-thickbox_default/خرید-لباس-مردانه-شلوار-اسلش-مردانه-آقایان-.jpg,https://torkjameh.com/57437-thickbox_default/خرید-لباس-مردانه-شلوار-اسلش-مردانه-آقایان-.jpg,[],[],[],[],[],[],[],[],[],[]
شلوار اسلش مدلدار مردانه,https://torkjameh.com/خرید-لباس-مردانه/17147-خرید-لباس-مردانه-شلوار-اسلش-مدلدار-مردانه-آقایان-.html,https://torkjameh.com/56540-thickbox_default/خرید-لباس-مردانه-شلوار-اسلش-مدلدار-مردانه-آقایان-.jpg,https://torkjameh.com/56538-thickbox_default/خرید-لباس-مردانه-شلوار-اسلش-مدلدار-مردانه-آقایان-.jpg,https://torkjameh.com/56539-thickbox_default/خرید-لباس-مردانه-شلوار-اسلش-مدلدار-مردانه-آقایان-.jpg,https://torkjameh.com/56541-thickbox_default/خرید-لباس-مردانه-شلوار-اسلش-مدلدار-مردانه-آقایان-.jpg,[],[],[],[],[],[],[],[],[]
شلوار اسلش مدلدار مردانه,https://torkjameh.com/خرید-لباس-مردانه/17146-خرید-لباس-مردانه-شلوار-اسلش-مدلدار-مردانه-آقایان-.html,https://torkjameh.com/56537-thickbox_default/خرید-لباس-مردانه-شلوار-اسلش-مدلدار-مردانه-آقایان-.jpg,https://torkjameh.com/56536-thickbox_default/خرید-لباس-مردانه-شلوار-اسلش-مدلدار-مردانه-آقایان-.jpg,[],[],[],[],[],[],[],[],[],[],[]
شلوار اسلش طرحدار مردانه,https://torkjameh.com/خرید-لباس-مردانه/17144-خرید-لباس-مردانه-شلوار-اسلش-طرحدار-مردانه-آقایان-.html,https://torkjameh.com/56526-thickbox_default/خرید-لباس-مردانه-شلوار-اسلش-طرحدار-مردانه-آقایان-.jpg,https://torkjameh.com/56527-thickbox_default/خرید-لباس-مردانه-شلوار-اسلش-طرحدار-مردانه-آقایان-.jpg,https://torkjameh.com/56528-thickbox_default/خرید-لباس-مردانه-شلوار-اسلش-طرحدار-مردانه-آقایان-.jpg,https://torkjameh.com/56529-thickbox_default/خرید-لباس-مردانه-شلوار-اسلش-طرحدار-مردانه-آقایان-.jpg,[],[],[],[],[],[],[],[],[]
شلوار اسلش مدلدار مردانه,https://torkjameh.com/خرید-لباس-مردانه/17143-خرید-لباس-مردانه-شلوار-اسلش-مدلدار-مردانه-آقایان-.html,https://torkjameh.com/56531-thickbox_default/خرید-لباس-مردانه-شلوار-اسلش-مدلدار-مردانه-آقایان-.jpg,https://torkjameh.com/56530-thickbox_default/خرید-لباس-مردانه-شلوار-اسلش-مدلدار-مردانه-آقایان-.jpg,[],[],[],[],[],[],[],[],[],[],[]
شلوار اسلش مدلدار مردانه,https://torkjameh.com/خرید-لباس-مردانه/17141-خرید-لباس-مردانه-شلوار-اسلش-مدلدار-مردانه-آقایان-.html,https://torkjameh.com/56523-thickbox_default/خرید-لباس-مردانه-شلوار-اسلش-مدلدار-مردانه-آقایان-.jpg,https://torkjameh.com/56522-thickbox_default/خرید-لباس-مردانه-شلوار-اسلش-مدلدار-مردانه-آقایان-.jpg,[],[],[],[],[],[],[],[],[],[],[]
شلوار اسلش مدلدار مردانه,https://torkjameh.com/خرید-لباس-مردانه/17140-خرید-لباس-مردانه-شلوار-اسلش-مدلدار-مردانه-آقایان-.html,https://torkjameh.com/56518-thickbox_default/خرید-لباس-مردانه-شلوار-اسلش-مدلدار-مردانه-آقایان-.jpg,https://torkjameh.com/56519-thickbox_default/خرید-لباس-مردانه-شلوار-اسلش-مدلدار-مردانه-آقایان-.jpg,https://torkjameh.com/56520-thickbox_default/خرید-لباس-مردانه-شلوار-اسلش-مدلدار-مردانه-آقایان-.jpg,https://torkjameh.com/56521-thickbox_default/خرید-لباس-مردانه-شلوار-اسلش-مدلدار-مردانه-آقایان-.jpg,[],[],[],[],[],[],[],[],[]
شلوار اسلش مدلدار مردانه,https://torkjameh.com/خرید-لباس-مردانه/17137-خرید-لباس-مردانه-شلوار-اسلش-مدلدار-مردانه-آقایان-.html,https://torkjameh.com/56515-thickbox_default/خرید-لباس-مردانه-شلوار-اسلش-مدلدار-مردانه-آقایان-.jpg,https://torkjameh.com/56514-thickbox_default/خرید-لباس-مردانه-شلوار-اسلش-مدلدار-مردانه-آقایان-.jpg,https://torkjameh.com/56516-thickbox_default/خرید-لباس-مردانه-شلوار-اسلش-مدلدار-مردانه-آقایان-.jpg,https://torkjameh.com/56517-thickbox_default/خرید-لباس-مردانه-شلوار-اسلش-مدلدار-مردانه-آقایان-.jpg,[],[],[],[],[],[],[],[],[]
شلوار اسلش مدلدار مردانه,https://torkjameh.com/خرید-لباس-مردانه/17135-خرید-لباس-مردانه-شلوار-اسلش-مدلدار-مردانه-آقایان-.html,https://torkjameh.com/56500-thickbox_default/خرید-لباس-مردانه-شلوار-اسلش-مدلدار-مردانه-آقایان-.jpg,https://torkjameh.com/56501-thickbox_default/خرید-لباس-مردانه-شلوار-اسلش-مدلدار-مردانه-آقایان-.jpg,https://torkjameh.com/56502-thickbox_default/خرید-لباس-مردانه-شلوار-اسلش-مدلدار-مردانه-آقایان-.jpg,https://torkjameh.com/56503-thickbox_default/خرید-لباس-مردانه-شلوار-اسلش-مدلدار-مردانه-آقایان-.jpg,[],[],[],[],[],[],[],[],[]
ست شلوار وسوشرت مردانه,https://torkjameh.com/خرید-لباس-مردانه/17012-خرید-لباس-مردانه-ست-شلوار-وسوشرت-مردانه-آقایان-.html,https://torkjameh.com/56006-thickbox_default/خرید-لباس-مردانه-ست-شلوار-وسوشرت-مردانه-آقایان-.jpg,https://torkjameh.com/56007-thickbox_default/خرید-لباس-مردانه-ست-شلوار-وسوشرت-مردانه-آقایان-.jpg,https://torkjameh.com/56008-thickbox_default/خرید-لباس-مردانه-ست-شلوار-وسوشرت-مردانه-آقایان-.jpg,https://torkjameh.com/56009-thickbox_default/خرید-لباس-مردانه-ست-شلوار-وسوشرت-مردانه-آقایان-.jpg,[],[],[],[],[],[],[],[],[]
ست شلواروسوشرت مردانه,https://torkjameh.com/خرید-لباس-مردانه/17011-خرید-لباس-مردانه-ست-شلواروسوشرت-مردانه-آقایان-.html,https://torkjameh.com/56002-thickbox_default/خرید-لباس-مردانه-ست-شلواروسوشرت-مردانه-آقایان-.jpg,https://torkjameh.com/56003-thickbox_default/خرید-لباس-مردانه-ست-شلواروسوشرت-مردانه-آقایان-.jpg,https://torkjameh.com/56004-thickbox_default/خرید-لباس-مردانه-ست-شلواروسوشرت-مردانه-آقایان-.jpg,https://torkjameh.com/56005-thickbox_default/خرید-لباس-مردانه-ست-شلواروسوشرت-مردانه-آقایان-.jpg,[],[],[],[],[],[],[],[],[]
ست شلوار وسوشرت مردانه,https://torkjameh.com/خرید-لباس-مردانه/17010-خرید-لباس-مردانه-ست-شلوار-وسوشرت-مردانه-آقایان-.html,https://torkjameh.com/55994-thickbox_default/خرید-لباس-مردانه-ست-شلوار-وسوشرت-مردانه-آقایان-.jpg,https://torkjameh.com/55995-thickbox_default/خرید-لباس-مردانه-ست-شلوار-وسوشرت-مردانه-آقایان-.jpg,https://torkjameh.com/55996-thickbox_default/خرید-لباس-مردانه-ست-شلوار-وسوشرت-مردانه-آقایان-.jpg,https://torkjameh.com/55997-thickbox_default/خرید-لباس-مردانه-ست-شلوار-وسوشرت-مردانه-آقایان-.jpg,[],[],[],[],[],[],[],[],[]
ست شلوارو سوشرت مردانه,https://torkjameh.com/خرید-لباس-مردانه/17009-خرید-لباس-مردانه-ست-شلوارو-سوشرت-مردانه-آقایان-.html,https://torkjameh.com/55998-thickbox_default/خرید-لباس-مردانه-ست-شلوارو-سوشرت-مردانه-آقایان-.jpg,https://torkjameh.com/55999-thickbox_default/خرید-لباس-مردانه-ست-شلوارو-سوشرت-مردانه-آقایان-.jpg,https://torkjameh.com/56000-thickbox_default/خرید-لباس-مردانه-ست-شلوارو-سوشرت-مردانه-آقایان-.jpg,https://torkjameh.com/56001-thickbox_default/خرید-لباس-مردانه-ست-شلوارو-سوشرت-مردانه-آقایان-.jpg,[],[],[],[],[],[],[],[],[]
ست شلوار وسوشرت مردانه,https://torkjameh.com/خرید-لباس-مردانه/17008-خرید-لباس-مردانه-ست-شلوار-وسوشرت-مردانه-آقایان-.html,https://torkjameh.com/55989-thickbox_default/خرید-لباس-مردانه-ست-شلوار-وسوشرت-مردانه-آقایان-.jpg,https://torkjameh.com/55990-thickbox_default/خرید-لباس-مردانه-ست-شلوار-وسوشرت-مردانه-آقایان-.jpg,https://torkjameh.com/55991-thickbox_default/خرید-لباس-مردانه-ست-شلوار-وسوشرت-مردانه-آقایان-.jpg,https://torkjameh.com/55992-thickbox_default/خرید-لباس-مردانه-ست-شلوار-وسوشرت-مردانه-آقایان-.jpg,[],[],[],[],[],[],[],[],[]
شلواراسلش مدلدار مردانه,https://torkjameh.com/خرید-لباس-مردانه/17007-خرید-لباس-مردانه-شلواراسلش-مدلدار-مردانه-آقایان-.html,https://torkjameh.com/55986-thickbox_default/خرید-لباس-مردانه-شلواراسلش-مدلدار-مردانه-آقایان-.jpg,https://torkjameh.com/55987-thickbox_default/خرید-لباس-مردانه-شلواراسلش-مدلدار-مردانه-آقایان-.jpg,https://torkjameh.com/55988-thickbox_default/خرید-لباس-مردانه-شلواراسلش-مدلدار-مردانه-آقایان-.jpg,https://torkjameh.com/55993-thickbox_default/خرید-لباس-مردانه-شلواراسلش-مدلدار-مردانه-آقایان-.jpg,[],[],[],[],[],[],[],[],[]
شلوار اسلش اسپرت مردانه colins,https://torkjameh.com/خرید-لباس-مردانه/15735-خرید-لباس-مردانه-شلوار-اسلش-اسپرت-مردانه-colins-آقایان-colins.html,https://torkjameh.com/123058-thickbox_default/خرید-لباس-مردانه-شلوار-اسلش-اسپرت-مردانه-colins-آقایان-colins.jpg,https://torkjameh.com/123059-thickbox_default/خرید-لباس-مردانه-شلوار-اسلش-اسپرت-مردانه-colins-آقایان-colins.jpg,[],[],[],[],[],[],[],5600000,5600000,[],[]
شلوار اسلش مردانه,https://torkjameh.com/شلوار-اسلش-و-ست/14540-خرید-لباس-مردانه-شلوار-اسلش-مردانه-شلوار-اسلش-و-ست-marc.html,https://torkjameh.com/126965-thickbox_default/خرید-لباس-مردانه-شلوار-اسلش-مردانه-شلوار-اسلش-و-ست-marc.jpg,https://torkjameh.com/126966-thickbox_default/خرید-لباس-مردانه-شلوار-اسلش-مردانه-شلوار-اسلش-و-ست-marc.jpg,[],[],[],[],[],[],[],2000000,2000000,[],[]
شلوار اسلش مردانه,https://torkjameh.com/خرید-لباس-مردانه/12618-خرید-لباس-مردانه-شلوار-اسلش-مردانه-آقایان-marc.html,https://torkjameh.com/126963-thickbox_default/خرید-لباس-مردانه-شلوار-اسلش-مردانه-آقایان-marc.jpg,https://torkjameh.com/126964-thickbox_default/خرید-لباس-مردانه-شلوار-اسلش-مردانه-آقایان-marc.jpg,[],[],[],[],[],[],[],4200000,4200000,[],[]
شلوار اسلش اسپرت مردانه colins,https://torkjameh.com/خرید-لباس-مردانه/11891-خرید-لباس-مردانه-شلوار-اسلش-اسپرت-مردانه-colins-آقایان-colins.html,https://torkjameh.com/123060-thickbox_default/خرید-لباس-مردانه-شلوار-اسلش-اسپرت-مردانه-colins-آقایان-colins.jpg,https://torkjameh.com/123061-thickbox_default/خرید-لباس-مردانه-شلوار-اسلش-اسپرت-مردانه-colins-آقایان-colins.jpg,https://torkjameh.com/123062-thickbox_default/خرید-لباس-مردانه-شلوار-اسلش-اسپرت-مردانه-colins-آقایان-colins.jpg,[],[],[],[],[],[],7180000,7180000,[],[]
